STATION,DATE,HOUR,DIA,MES,O3,NO,NO2,NOX,SO2,CO,PM10,PM2.5,IT,ET,RH,WS,WD,PP,ATM,RS,UVI
MIR,2024-01-01 00:00:00,0,1,1,0.001,,,,,1.086,126.0,114.6,23.0,15.0,,,27.0,,635.0,,
MIR,2024-01-01 01:00:00,1,1,1,0.001,,,,,1.393,169.0,165.0,24.0,14.0,,,50.0,,635.0,,
MIR,2024-01-01 02:00:00,2,1,1,0.001,,,,,2.08,218.0,194.4,24.0,13.0,,,58.0,,635.0,,
MIR,2024-01-01 03:00:00,3,1,1,0.0,,,,,2.982,245.0,186.8,24.0,12.0,,,68.0,,635.0,,
MIR,2024-01-01 04:00:00,4,1,1,0.002,,,,,1.617,241.0,,24.0,12.0,,0.9,60.0,,635.0,,
MIR,2024-01-01 05:00:00,5,1,1,0.001,,,,,0.741,351.0,246.2,24.0,12.0,,0.0,60.0,,635.0,,
MIR,2024-01-01 06:00:00,6,1,1,0.001,,,,,2.076,281.0,228.7,24.0,11.0,,0.0,66.0,,635.0,,
MIR,2024-01-01 07:00:00,7,1,1,0.002,,,,,2.441,310.0,287.4,24.0,11.0,,0.4,63.0,,635.0,,
MIR,2024-01-01 08:00:00,8,1,1,0.002,,,,,0.723,339.0,226.8,24.0,12.0,,0.9,50.0,,636.0,,
MIR,2024-01-01 09:00:00,9,1,1,0.016,,,,,,189.0,101.2,23.0,17.0,,0.8,52.0,,636.0,,
MIR,2024-01-01 10:00:00,10,1,1,0.038,,,,,0.406,101.0,45.6,23.0,20.0,,2.1,44.0,,636.0,,
MIR,2024-01-01 11:00:00,11,1,1,0.044,,,,,0.193,48.0,18.1,23.0,23.0,,4.8,58.0,,636.0,,
MIR,2024-01-01 12:00:00,12,1,1,0.052,,,,,0.405,24.0,21.2,23.0,25.0,,4.5,70.0,,635.0,,
MIR,2024-01-01 13:00:00,13,1,1,0.049,,,,,0.322,22.0,9.7,23.0,26.0,,1.2,214.0,,634.0,,
MIR,2024-01-01 14:00:00,14,1,1,0.047,,,,,0.3,14.0,5.6,23.0,28.0,,4.4,238.0,,634.0,,
MIR,2024-01-01 15:00:00,15,1,1,0.047,,,,,0.334,12.0,,23.0,27.0,,2.4,214.0,,633.0,,
MIR,2024-01-01 16:00:00,16,1,1,0.053,,,,,0.359,15.0,8.1,24.0,28.0,,1.1,241.0,,633.0,,
MIR,2024-01-01 17:00:00,17,1,1,0.044,,,,,0.399,21.0,2.3,24.0,26.0,,4.7,171.0,,633.0,,
MIR,2024-01-01 18:00:00,18,1,1,0.032,,,,,0.537,29.0,8.6,24.0,24.0,,2.6,33.0,,634.0,,
MIR,2024-01-01 19:00:00,19,1,1,0.023,,,,,0.69,39.0,22.1,24.0,22.0,,0.1,191.0,,634.0,,
MIR,2024-01-01 20:00:00,20,1,1,0.008,,,,,0.733,36.0,21.0,24.0,21.0,,1.0,50.0,,635.0,,
MIR,2024-01-01 21:00:00,21,1,1,0.001,,,,,1.228,33.0,18.8,24.0,20.0,,0.5,83.0,,635.0,,
MIR,2024-01-01 22:00:00,22,1,1,0.0,,,,,1.638,55.0,29.0,24.0,19.0,,0.4,93.0,,635.0,,
MIR,2024-01-01 23:00:00,23,1,1,0.001,,,,,0.657,89.0,35.7,24.0,18.0,,2.3,81.0,,635.0,,
MIR,2024-01-02 00:00:00,0,2,1,0.003,,,,,0.557,74.0,22.8,24.0,18.0,,0.0,53.0,,635.0,,
MIR,2024-01-02 01:00:00,1,2,1,0.005,,,,,0.388,24.0,15.3,24.0,17.0,,1.1,110.0,,635.0,,
MIR,2024-01-02 02:00:00,2,2,1,0.0,,,,,0.627,26.0,16.2,24.0,17.0,,2.1,2.0,,634.0,,
MIR,2024-01-02 03:00:00,3,2,1,0.001,,,,,0.586,39.0,25.0,24.0,16.0,,0.0,83.0,,634.0,,
MIR,2024-01-02 04:00:00,4,2,1,0.0,,,,,0.617,47.0,21.6,24.0,16.0,,0.0,24.0,,634.0,,
MIR,2024-01-02 05:00:00,5,2,1,0.0,,,,,0.851,65.0,23.4,24.0,14.0,,0.0,83.0,,634.0,,
MIR,2024-01-02 06:00:00,6,2,1,0.0,,,,,1.246,82.0,42.4,24.0,14.0,,1.1,73.0,,635.0,,
MIR,2024-01-02 07:00:00,7,2,1,0.0,,,,,1.446,120.0,54.4,24.0,14.0,,0.0,45.0,,635.0,,
MIR,2024-01-02 08:00:00,8,2,1,0.001,,,,,1.034,114.0,44.6,24.0,16.0,,2.1,105.0,,635.0,,
MIR,2024-01-02 09:00:00,9,2,1,0.005,,,,,0.595,123.0,40.3,24.0,18.0,,0.7,74.0,,636.0,,
MIR,2024-01-02 10:00:00,10,2,1,0.013,,,,,0.551,94.0,31.4,23.0,21.0,,2.8,295.0,,635.0,,
MIR,2024-01-02 11:00:00,11,2,1,0.022,,,,,0.166,84.0,13.5,24.0,22.0,,0.0,216.0,,635.0,,
MIR,2024-01-02 12:00:00,12,2,1,0.033,,,,,0.334,42.0,8.0,24.0,22.0,,0.8,210.0,,634.0,,
MIR,2024-01-02 13:00:00,13,2,1,0.034,,,,,0.366,33.0,8.9,24.0,23.0,,0.7,244.0,,634.0,,
MIR,2024-01-02 14:00:00,14,2,1,0.037,,,,,0.439,41.0,11.3,24.0,23.0,,4.5,238.0,,633.0,,
MIR,2024-01-02 15:00:00,15,2,1,0.038,,,,,0.415,45.0,11.0,24.0,23.0,,0.2,227.0,,633.0,,
MIR,2024-01-02 16:00:00,16,2,1,0.036,,,,,0.387,37.0,8.7,24.0,23.0,,0.6,197.0,,633.0,,
MIR,2024-01-02 17:00:00,17,2,1,0.025,,,,,0.538,34.0,8.7,24.0,23.0,,2.2,319.0,,633.0,,
MIR,2024-01-02 18:00:00,18,2,1,0.005,,,,,1.073,52.0,26.7,24.0,21.0,,1.2,150.0,,633.0,,
MIR,2024-01-02 19:00:00,19,2,1,,,,,,1.652,67.0,27.7,24.0,19.0,,0.0,71.0,,633.0,,
MIR,2024-01-02 20:00:00,20,2,1,,,,,,1.483,89.0,38.6,24.0,18.0,,0.0,70.0,,633.0,,
MIR,2024-01-02 21:00:00,21,2,1,,,,,,1.702,140.0,58.0,24.0,17.0,,1.3,83.0,,634.0,,
MIR,2024-01-02 22:00:00,22,2,1,,,,,,1.416,167.0,71.6,24.0,16.0,,0.0,18.0,,634.0,,
MIR,2024-01-02 23:00:00,23,2,1,,,,,,0.869,159.0,51.5,24.0,15.0,,0.6,88.0,,633.0,,
MIR,2024-01-03 00:00:00,0,3,1,,,,,,0.547,93.0,29.3,24.0,14.0,,0.7,47.0,,634.0,,
MIR,2024-01-03 01:00:00,1,3,1,,,,,,2.059,73.0,53.7,24.0,14.0,,0.0,69.0,,633.0,,
MIR,2024-01-03 02:00:00,2,3,1,,,,,,1.333,121.0,75.6,24.0,14.0,,2.3,357.0,,633.0,,
MIR,2024-01-03 03:00:00,3,3,1,,,,,,0.772,199.0,90.3,24.0,13.0,,0.0,326.0,,633.0,,
MIR,2024-01-03 04:00:00,4,3,1,,,,,,0.436,198.0,49.1,24.0,11.0,,0.0,75.0,,633.0,,
MIR,2024-01-03 05:00:00,5,3,1,0.0,,,,,0.815,120.0,45.2,24.0,11.0,,0.0,48.0,,633.0,,
MIR,2024-01-03 06:00:00,6,3,1,0.0,,,,,1.892,93.0,51.6,24.0,10.0,,0.0,67.0,,633.0,,
MIR,2024-01-03 07:00:00,7,3,1,0.0,,,,,2.894,122.0,56.4,24.0,9.0,,2.2,63.0,,634.0,,
MIR,2024-01-03 08:00:00,8,3,1,0.001,,,,,2.285,206.0,144.9,24.0,12.0,,0.0,61.0,,634.0,,
MIR,2024-01-03 09:00:00,9,3,1,0.003,,,,,0.954,210.0,87.8,23.0,17.0,,0.7,28.0,,634.0,,
MIR,2024-01-03 10:00:00,10,3,1,0.017,,,,,0.159,111.0,36.5,23.0,20.0,,0.8,310.0,,634.0,,
MIR,2024-01-03 11:00:00,11,3,1,0.031,,,,,,85.0,14.9,23.0,23.0,,0.6,221.0,,634.0,,
MIR,2024-01-03 12:00:00,12,3,1,0.039,,,,,0.394,77.0,17.3,23.0,25.0,,2.3,211.0,,633.0,,
MIR,2024-01-03 13:00:00,13,3,1,0.045,,,,,0.27,50.0,17.8,23.0,28.0,,1.1,238.0,,632.0,,
MIR,2024-01-03 14:00:00,14,3,1,0.057,,,,,0.34,41.0,,23.0,29.0,,4.7,228.0,,631.0,,
MIR,2024-01-03 15:00:00,15,3,1,0.056,,,,,0.313,44.0,,23.0,30.0,,1.1,201.0,,631.0,,
MIR,2024-01-03 16:00:00,16,3,1,0.05,,,,,0.335,31.0,1.6,23.0,30.0,,8.4,222.0,,631.0,,
MIR,2024-01-03 17:00:00,17,3,1,0.044,,,,,0.418,26.0,6.0,24.0,29.0,,4.2,253.0,,631.0,,
MIR,2024-01-03 18:00:00,18,3,1,0.018,,,,,0.685,33.0,,24.0,26.0,,4.6,253.0,,632.0,,
MIR,2024-01-03 19:00:00,19,3,1,0.013,,,,,0.686,44.0,11.8,24.0,24.0,,12.5,236.0,,632.0,,
MIR,2024-01-03 20:00:00,20,3,1,0.017,,,,,0.555,53.0,9.9,24.0,22.0,,2.2,329.0,,633.0,,
MIR,2024-01-03 21:00:00,21,3,1,0.001,,,,,1.306,102.0,40.2,24.0,20.0,,5.1,100.0,,633.0,,
MIR,2024-01-03 22:00:00,22,3,1,0.0,,,,,0.872,144.0,60.7,24.0,18.0,,2.9,355.0,,633.0,,
MIR,2024-01-03 23:00:00,23,3,1,0.0,,,,,0.564,123.0,27.2,24.0,16.0,,0.2,150.0,,633.0,,
MIR,2024-01-04 00:00:00,0,4,1,0.005,,,,,0.403,66.0,26.6,24.0,16.0,,0.0,131.0,,633.0,,
MIR,2024-01-04 01:00:00,1,4,1,0.003,,,,,0.346,39.0,23.6,24.0,15.0,,0.0,351.0,,633.0,,
MIR,2024-01-04 02:00:00,2,4,1,,,,,,0.444,50.0,25.4,24.0,14.0,,1.1,2.0,,633.0,,
MIR,2024-01-04 03:00:00,3,4,1,,,,,,0.439,72.0,39.4,24.0,14.0,,0.5,17.0,,632.0,,
MIR,2024-01-04 04:00:00,4,4,1,,,,,,0.378,69.0,25.3,24.0,13.0,,0.0,43.0,,632.0,,
MIR,2024-01-04 05:00:00,5,4,1,,,,,,0.777,62.0,26.3,24.0,11.0,,0.0,51.0,,632.0,,
MIR,2024-01-04 06:00:00,6,4,1,,,,,,1.101,61.0,30.6,24.0,11.0,,1.1,93.0,,632.0,,
MIR,2024-01-04 07:00:00,7,4,1,,,,,,1.916,84.0,44.9,24.0,10.0,,0.0,64.0,,633.0,,
MIR,2024-01-04 08:00:00,8,4,1,0.001,,,,,1.584,106.0,43.7,24.0,13.0,,0.8,61.0,,634.0,,
MIR,2024-01-04 09:00:00,9,4,1,0.008,,,,,0.399,106.0,27.5,23.0,17.0,,0.0,154.0,,634.0,,
MIR,2024-01-04 10:00:00,10,4,1,0.02,,,,,0.474,56.0,23.2,23.0,20.0,,0.8,21.0,,634.0,,
MIR,2024-01-04 11:00:00,11,4,1,0.034,,,,,0.338,43.0,15.1,23.0,23.0,,1.1,202.0,,634.0,,
MIR,2024-01-04 12:00:00,12,4,1,0.037,,,,,0.272,31.0,11.4,23.0,25.0,,3.0,211.0,,633.0,,
MIR,2024-01-04 13:00:00,13,4,1,0.041,,,,,0.243,33.0,6.2,23.0,27.0,,0.8,214.0,,632.0,,
MIR,2024-01-04 14:00:00,14,4,1,0.044,,,,,0.358,31.0,5.3,23.0,28.0,,12.6,224.0,,631.0,,
MIR,2024-01-04 15:00:00,15,4,1,0.047,,,,,0.296,37.0,6.4,23.0,28.0,,2.9,216.0,,631.0,,
MIR,2024-01-04 16:00:00,16,4,1,0.044,,,,,0.345,29.0,2.2,23.0,28.0,,3.1,233.0,,631.0,,
MIR,2024-01-04 17:00:00,17,4,1,0.038,,,,,0.399,28.0,4.1,23.0,27.0,,10.4,214.0,,631.0,,
MIR,2024-01-04 18:00:00,18,4,1,0.026,,,,,0.487,40.0,5.8,24.0,24.0,,6.5,258.0,,631.0,,
MIR,2024-01-04 19:00:00,19,4,1,0.021,,,,,0.53,45.0,2.2,24.0,23.0,,4.7,274.0,,631.0,,
MIR,2024-01-04 20:00:00,20,4,1,0.016,,,,,0.512,45.0,15.2,24.0,21.0,,4.1,287.0,,632.0,,
MIR,2024-01-04 21:00:00,21,4,1,0.022,,,,,0.44,44.0,9.2,23.0,19.0,,3.2,154.0,,632.0,,
MIR,2024-01-04 22:00:00,22,4,1,0.026,,,,,0.361,22.0,9.2,24.0,18.0,,9.3,309.0,,632.0,,
MIR,2024-01-04 23:00:00,23,4,1,0.024,,,,,0.358,35.0,4.7,24.0,18.0,,1.3,34.0,,632.0,,
MIR,2024-01-05 00:00:00,0,5,1,0.001,,,,,0.479,42.0,15.0,24.0,16.0,,0.0,121.0,,632.0,,
MIR,2024-01-05 01:00:00,1,5,1,0.012,,,,,0.396,36.0,14.4,24.0,15.0,,0.0,112.0,,631.0,,
MIR,2024-01-05 02:00:00,2,5,1,0.002,,,,,0.469,26.0,10.2,24.0,14.0,,0.2,63.0,,631.0,,
MIR,2024-01-05 03:00:00,3,5,1,,,,,,0.604,39.0,16.0,24.0,12.0,,,320.0,,631.0,,
MIR,2024-01-05 04:00:00,4,5,1,,,,,,0.749,48.0,22.3,24.0,12.0,,,49.0,,631.0,,
MIR,2024-01-05 05:00:00,5,5,1,,,,,,0.919,54.0,24.4,24.0,11.0,,,28.0,,631.0,,
MIR,2024-01-05 06:00:00,6,5,1,,,,,,1.311,75.0,37.7,24.0,11.0,,,121.0,,631.0,,
MIR,2024-01-05 07:00:00,7,5,1,,,,,,1.403,83.0,31.6,24.0,11.0,,,56.0,,632.0,,
MIR,2024-01-05 08:00:00,8,5,1,0.001,,,,,1.282,82.0,44.9,23.0,14.0,,,33.0,,632.0,,
MIR,2024-01-05 09:00:00,9,5,1,0.007,,,,,0.664,100.0,40.1,23.0,18.0,,2.3,27.0,,632.0,,
MIR,2024-01-05 10:00:00,10,5,1,0.021,,,,,0.139,64.0,13.4,23.0,21.0,,2.6,66.0,,632.0,,
MIR,2024-01-05 11:00:00,11,5,1,0.027,,,,,0.101,40.0,10.5,23.0,23.0,,6.2,184.0,,632.0,,
MIR,2024-01-05 12:00:00,12,5,1,0.033,,,,,0.296,35.0,12.2,23.0,25.0,,9.1,214.0,,631.0,,
MIR,2024-01-05 13:00:00,13,5,1,0.04,,,,,0.244,39.0,7.2,23.0,26.0,,10.8,223.0,,631.0,,
MIR,2024-01-05 14:00:00,14,5,1,0.04,,,,,0.296,38.0,6.4,23.0,27.0,,9.1,223.0,,630.0,,
MIR,2024-01-05 15:00:00,15,5,1,0.038,,,,,0.287,34.0,,23.0,27.0,,5.2,224.0,,630.0,,
MIR,2024-01-05 16:00:00,16,5,1,0.037,,,,,0.358,29.0,3.8,24.0,27.0,,6.3,209.0,,630.0,,
MIR,2024-01-05 17:00:00,17,5,1,0.031,,,,,0.445,30.0,1.1,24.0,25.0,,2.8,253.0,,630.0,,
MIR,2024-01-05 18:00:00,18,5,1,0.017,,,,,0.588,37.0,4.5,24.0,23.0,,6.7,263.0,,630.0,,
MIR,2024-01-05 19:00:00,19,5,1,0.011,,,,,0.642,54.0,7.3,24.0,22.0,,9.4,136.0,,631.0,,
MIR,2024-01-05 20:00:00,20,5,1,0.019,,,,,0.457,51.0,14.8,24.0,20.0,,2.9,119.0,,631.0,,
MIR,2024-01-05 21:00:00,21,5,1,0.007,,,,,0.861,53.0,23.1,24.0,19.0,,0.3,74.0,,631.0,,
MIR,2024-01-05 22:00:00,22,5,1,0.0,,,,,1.472,119.0,44.6,23.0,16.0,,0.0,84.0,,632.0,,
MIR,2024-01-05 23:00:00,23,5,1,0.0,,,,,1.32,127.0,31.8,24.0,15.0,,5.1,142.0,,632.0,,
MIR,2024-01-06 00:00:00,0,6,1,0.021,,,,,,70.0,6.0,23.0,16.0,,5.3,48.0,,632.0,,
MIR,2024-01-06 01:00:00,1,6,1,0.027,,,,,,21.0,6.4,24.0,16.0,,4.7,35.0,,632.0,,
MIR,2024-01-06 02:00:00,2,6,1,0.02,,,,,0.372,12.0,7.7,24.0,16.0,,,69.0,,631.0,,
MIR,2024-01-06 03:00:00,3,6,1,,,,,,0.604,26.0,16.7,24.0,13.0,,,50.0,,631.0,,
MIR,2024-01-06 04:00:00,4,6,1,,,,,,0.481,46.0,18.5,24.0,12.0,,,127.0,,631.0,,
MIR,2024-01-06 05:00:00,5,6,1,,,,,,0.726,60.0,33.5,24.0,11.0,,,42.0,,631.0,,
MIR,2024-01-06 06:00:00,6,6,1,,,,,,1.245,84.0,36.8,24.0,10.0,,,65.0,,631.0,,
MIR,2024-01-06 07:00:00,7,6,1,,,,,,1.43,87.0,36.4,24.0,10.0,,,76.0,,632.0,,
MIR,2024-01-06 08:00:00,8,6,1,0.001,,,,,1.409,89.0,47.8,24.0,13.0,,3.1,52.0,,632.0,,
MIR,2024-01-06 09:00:00,9,6,1,0.008,,,,,0.729,98.0,39.3,23.0,17.0,,1.1,41.0,,633.0,,
MIR,2024-01-06 10:00:00,10,6,1,0.023,,,,,0.265,58.0,21.3,23.0,20.0,,1.0,77.0,,633.0,,
MIR,2024-01-06 11:00:00,11,6,1,0.029,,,,,0.284,34.0,16.2,23.0,23.0,,0.5,305.0,,632.0,,
MIR,2024-01-06 12:00:00,12,6,1,0.038,,,,,0.382,46.0,11.6,23.0,25.0,,4.7,199.0,,631.0,,
MIR,2024-01-06 13:00:00,13,6,1,0.038,,,,,0.264,46.0,,23.0,26.0,,15.0,183.0,,631.0,,
MIR,2024-01-06 14:00:00,14,6,1,0.039,,,,,0.327,47.0,1.5,23.0,27.0,,4.9,215.0,,630.0,,
MIR,2024-01-06 15:00:00,15,6,1,0.034,,,,,0.325,30.0,,23.0,27.0,,10.7,223.0,,630.0,,
MIR,2024-01-06 16:00:00,16,6,1,0.034,,,,,0.353,30.0,5.8,23.0,27.0,,4.9,206.0,,630.0,,
MIR,2024-01-06 17:00:00,17,6,1,0.033,,,,,0.382,28.0,2.6,24.0,26.0,,11.2,244.0,,630.0,,
MIR,2024-01-06 18:00:00,18,6,1,0.027,,,,,0.451,33.0,,24.0,24.0,,9.0,275.0,,630.0,,
MIR,2024-01-06 19:00:00,19,6,1,0.025,,,,,0.42,28.0,5.7,24.0,22.0,,11.2,97.0,,631.0,,
MIR,2024-01-06 20:00:00,20,6,1,0.023,,,,,0.421,22.0,11.2,24.0,21.0,,8.3,344.0,,631.0,,
MIR,2024-01-06 21:00:00,21,6,1,0.02,,,,,0.423,23.0,4.8,24.0,20.0,,6.7,15.0,,632.0,,
MIR,2024-01-06 22:00:00,22,6,1,0.003,,,,,1.193,40.0,29.3,24.0,19.0,,2.9,57.0,,632.0,,
MIR,2024-01-06 23:00:00,23,6,1,0.0,,,,,1.488,112.0,35.8,24.0,17.0,,0.5,22.0,,632.0,,
MIR,2024-01-07 00:00:00,0,7,1,0.0,,,,,1.033,92.0,29.7,24.0,16.0,,2.5,74.0,,632.0,,
MIR,2024-01-07 01:00:00,1,7,1,0.0,,,,,0.461,70.0,29.8,24.0,16.0,,0.0,30.0,,632.0,,
MIR,2024-01-07 02:00:00,2,7,1,0.002,,,,,0.528,70.0,36.0,24.0,16.0,,1.1,69.0,,632.0,,
MIR,2024-01-07 03:00:00,3,7,1,0.003,,,,,0.439,62.0,25.7,24.0,15.0,,0.0,52.0,,631.0,,
MIR,2024-01-07 04:00:00,4,7,1,,,,,,0.65,53.0,20.2,24.0,15.0,,0.5,33.0,,631.0,,
MIR,2024-01-07 05:00:00,5,7,1,,,,,,0.857,57.0,26.7,24.0,14.0,,,64.0,,631.0,,
MIR,2024-01-07 06:00:00,6,7,1,,,,,,0.774,48.0,19.9,24.0,14.0,,,36.0,,632.0,,
MIR,2024-01-07 07:00:00,7,7,1,,,,,,1.713,54.0,45.9,24.0,14.0,,,57.0,,632.0,,
MIR,2024-01-07 08:00:00,8,7,1,,,,,,0.967,100.0,42.5,24.0,14.0,,,60.0,,632.0,,
MIR,2024-01-07 09:00:00,9,7,1,,,,,,0.621,85.0,45.4,24.0,16.0,,,12.0,,633.0,,
MIR,2024-01-07 10:00:00,10,7,1,0.002,,,,,0.73,81.0,34.7,24.0,17.0,,,314.0,,633.0,,
MIR,2024-01-07 11:00:00,11,7,1,0.008,,,,,0.39,58.0,25.6,24.0,19.0,,0.7,97.0,,633.0,,
MIR,2024-01-07 12:00:00,12,7,1,0.019,,,,,0.406,50.0,20.0,24.0,21.0,,0.7,206.0,,632.0,,
MIR,2024-01-07 13:00:00,13,7,1,0.02,,,,,0.331,49.0,21.6,24.0,23.0,,3.3,110.0,,632.0,,
MIR,2024-01-07 14:00:00,14,7,1,0.032,,,,,0.405,56.0,12.2,24.0,25.0,,1.0,220.0,,631.0,,
MIR,2024-01-07 15:00:00,15,7,1,0.029,,,,,0.302,35.0,6.5,24.0,25.0,,4.4,230.0,,630.0,,
MIR,2024-01-07 16:00:00,16,7,1,0.027,,,,,0.392,24.0,7.6,24.0,26.0,,2.1,224.0,,630.0,,
MIR,2024-01-07 17:00:00,17,7,1,0.023,,,,,0.338,22.0,2.3,24.0,25.0,,6.7,225.0,,631.0,,
MIR,2024-01-07 18:00:00,18,7,1,0.01,,,,,0.426,28.0,7.8,24.0,23.0,,2.9,208.0,,631.0,,
MIR,2024-01-07 19:00:00,19,7,1,0.01,,,,,0.464,36.0,,24.0,21.0,,4.5,26.0,,631.0,,
MIR,2024-01-07 20:00:00,20,7,1,0.004,,,,,0.509,27.0,2.0,24.0,20.0,,2.4,53.0,,631.0,,
MIR,2024-01-07 21:00:00,21,7,1,0.002,,,,,0.834,29.0,12.4,24.0,19.0,,,48.0,,632.0,,
MIR,2024-01-07 22:00:00,22,7,1,,,,,,1.083,41.0,16.4,24.0,17.0,,,36.0,,632.0,,
MIR,2024-01-07 23:00:00,23,7,1,,,,,,0.844,55.0,16.2,24.0,15.0,,,5.0,,632.0,,
MIR,2024-01-08 00:00:00,0,8,1,,,,,,0.691,40.0,14.6,24.0,15.0,,,30.0,,632.0,,
MIR,2024-01-08 01:00:00,1,8,1,,,,,,0.273,17.0,14.7,24.0,15.0,,,46.0,,632.0,,
MIR,2024-01-08 02:00:00,2,8,1,0.007,,,,,0.286,13.0,3.1,24.0,16.0,,5.2,50.0,,631.0,,
MIR,2024-01-08 03:00:00,3,8,1,0.015,,,,,0.13,6.0,4.1,24.0,18.0,,6.4,52.0,,631.0,,
MIR,2024-01-08 04:00:00,4,8,1,0.014,,,,,0.306,12.0,4.1,24.0,17.0,,6.3,50.0,,631.0,,
MIR,2024-01-08 05:00:00,5,8,1,0.01,,,,,0.402,8.0,1.5,24.0,17.0,,4.8,53.0,,631.0,,
MIR,2024-01-08 06:00:00,6,8,1,0.008,,,,,0.502,13.0,4.1,24.0,16.0,,10.9,60.0,,631.0,,
MIR,2024-01-08 07:00:00,7,8,1,0.01,,,,,0.401,15.0,8.4,24.0,16.0,,6.2,56.0,,632.0,,
MIR,2024-01-08 08:00:00,8,8,1,0.009,,,,,0.426,18.0,7.6,24.0,18.0,,5.2,47.0,,632.0,,
MIR,2024-01-08 09:00:00,9,8,1,0.013,,,,,0.336,21.0,12.4,24.0,20.0,,10.5,45.0,,633.0,,
MIR,2024-01-08 10:00:00,10,8,1,0.017,,,,,0.301,23.0,0.1,24.0,22.0,,2.8,62.0,,633.0,,
MIR,2024-01-08 11:00:00,11,8,1,0.021,,,,,0.272,18.0,7.2,24.0,24.0,,13.3,22.0,,633.0,,
MIR,2024-01-08 12:00:00,12,8,1,0.022,,,,,0.297,33.0,,23.0,25.0,,14.9,73.0,,632.0,,
MIR,2024-01-08 13:00:00,13,8,1,0.022,,,,,0.312,36.0,1.7,24.0,26.0,,5.1,220.0,,631.0,,
MIR,2024-01-08 14:00:00,14,8,1,0.026,,,,,0.27,55.0,8.0,23.0,27.0,,,277.0,,630.0,,
MIR,2024-01-08 15:00:00,15,8,1,0.024,,,,,0.399,53.0,3.6,24.0,27.0,,7.3,50.0,,630.0,,
MIR,2024-01-08 16:00:00,16,8,1,0.024,,,,,0.313,45.0,3.8,24.0,27.0,,12.5,40.0,,630.0,,
MIR,2024-01-08 17:00:00,17,8,1,0.023,,,,,0.305,42.0,1.6,24.0,26.0,,9.3,44.0,,631.0,,
MIR,2024-01-08 18:00:00,18,8,1,0.016,,,,,0.378,38.0,5.8,24.0,24.0,,8.8,24.0,,631.0,,
MIR,2024-01-08 19:00:00,19,8,1,0.015,,,,,0.426,28.0,1.1,24.0,22.0,,8.3,44.0,,632.0,,
MIR,2024-01-08 20:00:00,20,8,1,0.009,,,,,0.467,22.0,6.3,24.0,20.0,,5.2,40.0,,632.0,,
MIR,2024-01-08 21:00:00,21,8,1,0.007,,,,,0.441,25.0,8.9,24.0,19.0,,0.7,60.0,,632.0,,
MIR,2024-01-08 22:00:00,22,8,1,0.003,,,,,0.662,22.0,0.4,24.0,18.0,,0.0,41.0,,633.0,,
MIR,2024-01-08 23:00:00,23,8,1,0.002,,,,,0.525,23.0,5.9,24.0,17.0,,0.0,48.0,,633.0,,
MIR,2024-01-09 00:00:00,0,9,1,0.002,,,,,0.355,19.0,2.9,24.0,15.0,,0.0,58.0,,633.0,,
MIR,2024-01-09 01:00:00,1,9,1,0.009,,,,,0.255,3.0,1.3,24.0,15.0,,4.8,52.0,,633.0,,
MIR,2024-01-09 02:00:00,2,9,1,0.014,,,,,0.282,9.0,3.0,24.0,17.0,,0.0,53.0,,632.0,,
MIR,2024-01-09 03:00:00,3,9,1,0.001,,,,,0.657,23.0,21.1,24.0,14.0,,1.2,57.0,,632.0,,
MIR,2024-01-09 04:00:00,4,9,1,,,,,,0.522,55.0,30.8,24.0,13.0,,0.6,63.0,,632.0,,
MIR,2024-01-09 05:00:00,5,9,1,,,,,,0.595,55.0,24.0,24.0,12.0,,3.2,65.0,,632.0,,
MIR,2024-01-09 06:00:00,6,9,1,,,,,,0.96,55.0,23.2,24.0,12.0,,1.2,51.0,,632.0,,
MIR,2024-01-09 07:00:00,7,9,1,,,,,,1.783,74.0,48.3,24.0,12.0,,0.8,55.0,,632.0,,
MIR,2024-01-09 08:00:00,8,9,1,0.001,,,,,1.147,142.0,67.6,24.0,13.0,,2.9,60.0,,633.0,,
MIR,2024-01-09 09:00:00,9,9,1,0.005,,,,,0.225,107.0,38.7,24.0,16.0,,0.7,51.0,,633.0,,
MIR,2024-01-09 10:00:00,10,9,1,0.013,,,,,0.305,82.0,27.4,23.0,20.0,,2.9,49.0,,633.0,,
MIR,2024-01-09 11:00:00,11,9,1,0.025,,,,,0.141,45.0,22.1,23.0,23.0,,4.2,308.0,,633.0,,
MIR,2024-01-09 12:00:00,12,9,1,0.037,,,,,0.345,24.0,13.0,23.0,26.0,,1.1,231.0,,632.0,,
MIR,2024-01-09 13:00:00,13,9,1,0.044,,,,,0.29,36.0,2.3,23.0,28.0,,6.4,221.0,,631.0,,
MIR,2024-01-09 14:00:00,14,9,1,0.045,,,,,0.346,29.0,,23.0,28.0,,1.1,351.0,,630.0,,
MIR,2024-01-09 15:00:00,15,9,1,0.048,,,,,0.326,30.0,0.6,23.0,29.0,,2.8,34.0,,630.0,,
MIR,2024-01-09 16:00:00,16,9,1,0.048,,,,,0.356,21.0,7.9,23.0,28.0,,5.1,213.0,,630.0,,
MIR,2024-01-09 17:00:00,17,9,1,0.04,,,,,0.443,30.0,2.1,24.0,27.0,,2.7,259.0,,630.0,,
MIR,2024-01-09 18:00:00,18,9,1,0.011,,,,,1.09,35.0,,24.0,24.0,,1.1,240.0,,630.0,,
MIR,2024-01-09 19:00:00,19,9,1,0.001,,,,,1.361,50.0,9.4,24.0,22.0,,4.3,156.0,,631.0,,
MIR,2024-01-09 20:00:00,20,9,1,0.002,,,,,0.668,60.0,18.9,24.0,21.0,,4.4,89.0,,631.0,,
MIR,2024-01-09 21:00:00,21,9,1,0.007,,,,,0.287,55.0,22.2,24.0,21.0,,0.8,57.0,,631.0,,
MIR,2024-01-09 22:00:00,22,9,1,0.001,,,,,1.136,99.0,24.8,24.0,19.0,,0.0,53.0,,632.0,,
MIR,2024-01-09 23:00:00,23,9,1,0.016,,,,,0.467,70.0,11.0,24.0,18.0,,4.2,42.0,,632.0,,
MIR,2024-01-10 00:00:00,0,10,1,0.017,,,,,0.386,27.0,16.8,24.0,18.0,,1.0,60.0,,632.0,,
MIR,2024-01-10 01:00:00,1,10,1,0.0,,,,,0.69,57.0,29.0,24.0,16.0,,3.1,73.0,,632.0,,
MIR,2024-01-10 02:00:00,2,10,1,0.001,,,,,0.439,66.0,30.7,24.0,15.0,,,43.0,,632.0,,
MIR,2024-01-10 03:00:00,3,10,1,,,,,,0.392,45.0,16.4,24.0,14.0,,,63.0,,631.0,,
MIR,2024-01-10 04:00:00,4,10,1,,,,,,0.534,46.0,21.3,24.0,12.0,,,79.0,,631.0,,
MIR,2024-01-10 05:00:00,5,10,1,,,,,,0.666,58.0,21.2,24.0,12.0,,,56.0,,632.0,,
MIR,2024-01-10 06:00:00,6,10,1,,,,,,1.717,51.0,18.3,24.0,12.0,,0.6,48.0,,632.0,,
MIR,2024-01-10 07:00:00,7,10,1,,,,,,2.526,74.0,31.6,24.0,12.0,,0.0,53.0,,632.0,,
MIR,2024-01-10 08:00:00,8,10,1,,,,,,2.424,142.0,53.9,24.0,13.0,,0.0,56.0,,633.0,,
MIR,2024-01-10 09:00:00,9,10,1,0.003,,,,,1.19,160.0,49.6,24.0,17.0,,2.6,58.0,,633.0,,
MIR,2024-01-10 10:00:00,10,10,1,0.009,,,,,0.285,110.0,32.2,23.0,20.0,,2.1,51.0,,633.0,,
MIR,2024-01-10 11:00:00,11,10,1,0.02,,,,,0.057,77.0,26.2,23.0,22.0,,0.6,46.0,,633.0,,
MIR,2024-01-10 12:00:00,12,10,1,0.027,,,,,0.228,47.0,12.8,23.0,25.0,,2.5,46.0,,632.0,,
MIR,2024-01-10 13:00:00,13,10,1,0.032,,,,,0.176,37.0,3.3,23.0,26.0,,4.5,176.0,,631.0,,
MIR,2024-01-10 14:00:00,14,10,1,0.038,,,,,0.277,31.0,,23.0,27.0,,10.9,232.0,,631.0,,
MIR,2024-01-10 15:00:00,15,10,1,0.036,,,,,0.295,35.0,,23.0,27.0,,15.6,228.0,,630.0,,
MIR,2024-01-10 16:00:00,16,10,1,0.033,,,,,0.327,36.0,3.7,23.0,26.0,,4.3,224.0,,630.0,,
MIR,2024-01-10 17:00:00,17,10,1,0.029,,,,,0.373,35.0,0.4,24.0,25.0,,5.3,203.0,,630.0,,
MIR,2024-01-10 18:00:00,18,10,1,0.011,,,,,0.864,44.0,,24.0,23.0,,4.3,292.0,,631.0,,
MIR,2024-01-10 19:00:00,19,10,1,0.008,,,,,0.75,53.0,9.6,24.0,22.0,,3.0,6.0,,631.0,,
MIR,2024-01-10 20:00:00,20,10,1,0.004,,,,,0.664,58.0,21.3,24.0,21.0,,6.9,25.0,,632.0,,
MIR,2024-01-10 21:00:00,21,10,1,0.011,,,,,0.408,48.0,13.3,24.0,20.0,,7.0,52.0,,632.0,,
MIR,2024-01-10 22:00:00,22,10,1,0.011,,,,,0.558,26.0,11.6,24.0,19.0,,4.8,108.0,,632.0,,
MIR,2024-01-10 23:00:00,23,10,1,0.001,,,,,0.789,62.0,14.8,24.0,17.0,,0.7,26.0,,632.0,,
MIR,2024-01-11 00:00:00,0,11,1,0.0,,,,,0.648,75.0,29.4,24.0,16.0,,0.6,4.0,,632.0,,
MIR,2024-01-11 01:00:00,1,11,1,0.0,,,,,0.329,60.0,22.4,24.0,15.0,,2.9,36.0,,632.0,,
MIR,2024-01-11 02:00:00,2,11,1,0.001,,,,,0.446,65.0,37.4,24.0,14.0,,2.1,45.0,,632.0,,
MIR,2024-01-11 03:00:00,3,11,1,0.004,,,,,0.383,79.0,22.3,24.0,14.0,,1.1,51.0,,632.0,,
MIR,2024-01-11 04:00:00,4,11,1,0.0,,,,,0.614,59.0,33.2,24.0,12.0,,0.0,66.0,,632.0,,
MIR,2024-01-11 05:00:00,5,11,1,0.0,,,,,0.918,76.0,24.6,24.0,12.0,,2.1,77.0,,632.0,,
MIR,2024-01-11 06:00:00,6,11,1,0.0,,,,,1.466,84.0,42.7,24.0,11.0,,0.9,64.0,,632.0,,
MIR,2024-01-11 07:00:00,7,11,1,0.001,,,,,2.791,163.0,87.9,24.0,10.0,,0.0,62.0,,632.0,,
MIR,2024-01-11 08:00:00,8,11,1,0.0,,,,,1.271,212.0,85.9,24.0,12.0,,0.0,93.0,,633.0,,
MIR,2024-01-11 09:00:00,9,11,1,0.003,,,,,0.088,141.0,48.4,24.0,16.0,,0.0,48.0,,633.0,,
MIR,2024-01-11 10:00:00,10,11,1,0.013,,,,,0.211,106.0,31.1,23.0,19.0,,4.5,5.0,,633.0,,
MIR,2024-01-11 11:00:00,11,11,1,0.021,,,,,0.055,80.0,24.1,23.0,21.0,,4.9,137.0,,632.0,,
MIR,2024-01-11 12:00:00,12,11,1,0.023,,,,,0.479,64.0,16.4,23.0,23.0,,0.4,252.0,,632.0,,
MIR,2024-01-11 13:00:00,13,11,1,0.033,,,,,0.365,62.0,14.8,23.0,25.0,,2.3,218.0,,631.0,,
MIR,2024-01-11 14:00:00,14,11,1,0.042,,,,,0.296,42.0,9.1,23.0,27.0,,6.8,226.0,,630.0,,
MIR,2024-01-11 15:00:00,15,11,1,0.044,,,,,0.271,35.0,,23.0,28.0,,2.3,236.0,,630.0,,
MIR,2024-01-11 16:00:00,16,11,1,0.041,,,,,0.369,26.0,7.7,23.0,27.0,,3.0,31.0,,630.0,,
MIR,2024-01-11 17:00:00,17,11,1,0.034,,,,,0.447,29.0,6.4,23.0,26.0,,4.8,49.0,,630.0,,
MIR,2024-01-11 18:00:00,18,11,1,0.022,,,,,0.477,52.0,,24.0,25.0,,5.1,223.0,,631.0,,
MIR,2024-01-11 19:00:00,19,11,1,0.022,,,,,0.454,58.0,7.2,24.0,23.0,,7.0,295.0,,631.0,,
MIR,2024-01-11 20:00:00,20,11,1,0.023,,,,,0.422,29.0,4.0,24.0,22.0,,6.6,98.0,,631.0,,
MIR,2024-01-11 21:00:00,21,11,1,0.022,,,,,0.419,19.0,15.3,24.0,21.0,,0.0,89.0,,632.0,,
MIR,2024-01-11 22:00:00,22,11,1,0.006,,,,,0.775,22.0,12.1,24.0,18.0,,0.5,125.0,,632.0,,
MIR,2024-01-11 23:00:00,23,11,1,0.007,,,,,0.704,26.0,8.3,24.0,17.0,,2.4,31.0,,633.0,,
MIR,2024-01-12 00:00:00,0,12,1,0.011,,,,,0.394,31.0,15.1,24.0,17.0,,0.0,77.0,,633.0,,
MIR,2024-01-12 01:00:00,1,12,1,0.017,,,,,0.294,31.0,6.5,24.0,16.0,,2.3,44.0,,633.0,,
MIR,2024-01-12 02:00:00,2,12,1,0.019,,,,,0.424,24.0,9.5,24.0,16.0,,1.0,71.0,,632.0,,
MIR,2024-01-12 03:00:00,3,12,1,0.006,,,,,0.527,25.0,13.8,24.0,14.0,,,59.0,,632.0,,
MIR,2024-01-12 04:00:00,4,12,1,,,,,,0.776,51.0,38.1,24.0,12.0,,,57.0,,632.0,,
MIR,2024-01-12 05:00:00,5,12,1,,,,,,0.946,91.0,63.6,24.0,12.0,,,52.0,,632.0,,
MIR,2024-01-12 06:00:00,6,12,1,,,,,,1.302,108.0,57.6,24.0,11.0,,,53.0,,632.0,,
MIR,2024-01-12 07:00:00,7,12,1,,,,,,2.309,99.0,34.4,24.0,10.0,,4.3,62.0,,632.0,,
MIR,2024-01-12 08:00:00,8,12,1,0.001,,,,,1.079,157.0,79.8,24.0,12.0,,1.1,56.0,,633.0,,
MIR,2024-01-12 09:00:00,9,12,1,0.007,,,,,0.034,147.0,47.0,23.0,16.0,,2.4,95.0,,633.0,,
MIR,2024-01-12 10:00:00,10,12,1,0.016,,,,,0.597,120.0,26.2,23.0,20.0,,7.0,58.0,,633.0,,
MIR,2024-01-12 11:00:00,11,12,1,0.026,,,,,0.238,86.0,12.8,23.0,22.0,,2.9,314.0,,633.0,,
MIR,2024-01-12 12:00:00,12,12,1,0.036,,,,,0.359,54.0,11.4,23.0,25.0,,1.1,223.0,,632.0,,
MIR,2024-01-12 13:00:00,13,12,1,0.037,,,,,0.344,53.0,13.5,23.0,27.0,,0.6,226.0,,631.0,,
MIR,2024-01-12 14:00:00,14,12,1,0.051,,,,,0.336,46.0,9.0,23.0,29.0,,1.0,167.0,,630.0,,
MIR,2024-01-12 15:00:00,15,12,1,0.057,,,,,0.341,42.0,5.8,23.0,30.0,,5.0,178.0,,630.0,,
MIR,2024-01-12 16:00:00,16,12,1,0.055,,,,,0.348,37.0,12.0,23.0,31.0,,7.2,229.0,,630.0,,
MIR,2024-01-12 17:00:00,17,12,1,0.045,,,,,0.444,32.0,6.2,23.0,29.0,,4.9,214.0,,630.0,,
MIR,2024-01-12 18:00:00,18,12,1,0.02,,,,,0.848,40.0,7.3,23.0,26.0,,3.1,221.0,,630.0,,
MIR,2024-01-12 19:00:00,19,12,1,,,,,,1.639,57.0,23.4,24.0,23.0,,0.5,111.0,,631.0,,
MIR,2024-01-12 20:00:00,20,12,1,,,,,,1.91,78.0,30.1,23.0,21.0,,2.9,36.0,,631.0,,
MIR,2024-01-12 21:00:00,21,12,1,,,,,,1.516,97.0,32.9,24.0,20.0,,0.0,17.0,,632.0,,
MIR,2024-01-12 22:00:00,22,12,1,,,,,,1.928,91.0,32.1,24.0,19.0,,2.3,89.0,,632.0,,
MIR,2024-01-12 23:00:00,23,12,1,0.001,,,,,0.443,109.0,25.4,24.0,19.0,,2.7,7.0,,632.0,,
MIR,2024-01-13 00:00:00,0,13,1,0.005,,,,,0.56,77.0,24.0,23.0,18.0,,0.1,284.0,,632.0,,
MIR,2024-01-13 01:00:00,1,13,1,0.002,,,,,0.767,52.0,13.6,24.0,18.0,,0.0,42.0,,632.0,,
MIR,2024-01-13 02:00:00,2,13,1,,,,,,0.842,52.0,27.5,24.0,17.0,,2.2,346.0,,631.0,,
MIR,2024-01-13 03:00:00,3,13,1,,,,,,1.095,65.0,40.3,24.0,16.0,,0.0,306.0,,631.0,,
MIR,2024-01-13 04:00:00,4,13,1,,,,,,1.025,67.0,38.8,24.0,16.0,,0.7,13.0,,631.0,,
MIR,2024-01-13 05:00:00,5,13,1,,,,,,1.125,89.0,47.1,24.0,15.0,,0.0,98.0,,631.0,,
MIR,2024-01-13 06:00:00,6,13,1,,,,,,1.602,99.0,55.7,24.0,15.0,,2.1,78.0,,632.0,,
MIR,2024-01-13 07:00:00,7,13,1,0.001,,,,,1.807,179.0,107.5,24.0,14.0,,0.0,105.0,,632.0,,
MIR,2024-01-13 08:00:00,8,13,1,0.001,,,,,2.657,304.0,160.1,24.0,15.0,,0.0,37.0,,632.0,,
MIR,2024-01-13 09:00:00,9,13,1,0.004,,,,,0.66,272.0,77.0,24.0,18.0,,4.3,269.0,,632.0,,
MIR,2024-01-13 10:00:00,10,13,1,0.012,,,,,1.382,167.0,62.2,23.0,22.0,,3.2,157.0,,633.0,,
MIR,2024-01-13 11:00:00,11,13,1,0.027,,,,,0.728,131.0,37.3,23.0,25.0,,0.3,207.0,,632.0,,
MIR,2024-01-13 12:00:00,12,13,1,0.044,,,,,0.223,84.0,11.2,23.0,27.0,,4.5,217.0,,632.0,,
MIR,2024-01-13 13:00:00,13,13,1,0.044,,,,,0.039,35.0,9.4,23.0,28.0,,7.3,215.0,,631.0,,
MIR,2024-01-13 14:00:00,14,13,1,0.047,,,,,0.324,25.0,9.2,23.0,28.0,,3.1,227.0,,631.0,,
MIR,2024-01-13 15:00:00,15,13,1,0.047,,,,,0.336,38.0,4.7,23.0,29.0,,6.8,223.0,,630.0,,
MIR,2024-01-13 16:00:00,16,13,1,0.047,,,,,0.397,43.0,,23.0,29.0,,1.1,229.0,,630.0,,
MIR,2024-01-13 17:00:00,17,13,1,0.042,,,,,0.461,35.0,4.5,23.0,28.0,,2.3,235.0,,631.0,,
MIR,2024-01-13 18:00:00,18,13,1,0.019,,,,,0.828,42.0,4.0,24.0,26.0,,2.9,199.0,,631.0,,
MIR,2024-01-13 19:00:00,19,13,1,0.002,,,,,1.401,55.0,14.7,23.0,23.0,,2.4,230.0,,631.0,,
MIR,2024-01-13 20:00:00,20,13,1,0.005,,,,,0.697,63.0,16.1,24.0,22.0,,4.9,300.0,,632.0,,
MIR,2024-01-13 21:00:00,21,13,1,0.009,,,,,0.507,60.0,11.3,24.0,22.0,,0.8,168.0,,632.0,,
MIR,2024-01-13 22:00:00,22,13,1,0.001,,,,,1.351,57.0,21.9,23.0,21.0,,3.0,5.0,,633.0,,
MIR,2024-01-13 23:00:00,23,13,1,0.0,,,,,1.411,63.0,18.8,24.0,19.0,,2.4,112.0,,632.0,,
MIR,2024-01-14 00:00:00,0,14,1,0.0,,,,,0.452,84.0,43.0,23.0,18.0,,0.7,62.0,,632.0,,
MIR,2024-01-14 01:00:00,1,14,1,0.0,,,,,0.567,100.0,44.9,23.0,17.0,,0.0,286.0,,632.0,,
MIR,2024-01-14 02:00:00,2,14,1,0.001,,,,,0.531,101.0,40.6,24.0,16.0,,0.6,243.0,,632.0,,
MIR,2024-01-14 03:00:00,3,14,1,0.001,,,,,0.577,126.0,35.9,24.0,15.0,,0.0,295.0,,632.0,,
MIR,2024-01-14 04:00:00,4,14,1,0.0,,,,,0.501,98.0,33.6,24.0,14.0,,0.0,31.0,,631.0,,
MIR,2024-01-14 05:00:00,5,14,1,0.001,,,,,0.827,70.0,40.8,24.0,13.0,,0.0,259.0,,632.0,,
MIR,2024-01-14 06:00:00,6,14,1,0.0,,,,,1.168,69.0,45.5,24.0,13.0,,0.2,63.0,,632.0,,
MIR,2024-01-14 07:00:00,7,14,1,0.0,,,,,1.589,80.0,32.7,24.0,13.0,,0.9,58.0,,633.0,,
MIR,2024-01-14 08:00:00,8,14,1,0.001,,,,,1.804,137.0,89.0,24.0,13.0,,3.1,37.0,,633.0,,
MIR,2024-01-14 09:00:00,9,14,1,0.004,,,,,1.329,208.0,98.3,23.0,16.0,,1.3,33.0,,633.0,,
MIR,2024-01-14 10:00:00,10,14,1,0.024,,,,,0.659,187.0,86.4,23.0,21.0,,0.0,270.0,,633.0,,
MIR,2024-01-14 11:00:00,11,14,1,0.047,,,,,0.164,129.0,44.6,23.0,24.0,,0.0,185.0,,633.0,,
MIR,2024-01-14 12:00:00,12,14,1,0.068,,,,,0.363,62.0,4.9,23.0,27.0,,4.4,219.0,,632.0,,
MIR,2024-01-14 13:00:00,13,14,1,0.077,,,,,0.335,49.0,,23.0,28.0,,0.3,243.0,,631.0,,
MIR,2024-01-14 14:00:00,14,14,1,0.091,,,,,0.394,42.0,24.3,23.0,30.0,,0.7,27.0,,631.0,,
MIR,2024-01-14 15:00:00,15,14,1,0.092,,,,,0.369,43.0,11.9,23.0,30.0,,0.0,288.0,,630.0,,
MIR,2024-01-14 16:00:00,16,14,1,0.092,,,,,0.429,29.0,10.8,23.0,31.0,,2.6,208.0,,630.0,,
MIR,2024-01-14 17:00:00,17,14,1,0.052,,,,,0.38,24.0,1.9,23.0,30.0,,2.5,223.0,,630.0,,
MIR,2024-01-14 18:00:00,18,14,1,0.025,,,,,0.715,24.0,,23.0,27.0,,2.8,80.0,,631.0,,
MIR,2024-01-14 19:00:00,19,14,1,0.007,,,,,1.523,52.0,19.8,23.0,24.0,,8.7,42.0,,631.0,,
MIR,2024-01-14 20:00:00,20,14,1,0.008,,,,,0.877,70.0,32.1,23.0,23.0,,0.0,37.0,,631.0,,
MIR,2024-01-14 21:00:00,21,14,1,0.0,,,,,1.833,141.0,65.1,23.0,20.0,,2.7,47.0,,632.0,,
MIR,2024-01-14 22:00:00,22,14,1,0.002,,,,,0.738,155.0,43.1,23.0,19.0,,6.9,57.0,,632.0,,
MIR,2024-01-14 23:00:00,23,14,1,0.014,,,,,,93.0,23.3,23.0,20.0,,0.0,25.0,,632.0,,
MIR,2024-01-15 00:00:00,0,15,1,0.0,,,,,0.998,88.0,29.2,23.0,18.0,,0.0,50.0,,632.0,,
MIR,2024-01-15 01:00:00,1,15,1,0.0,,,,,0.774,115.0,38.8,24.0,16.0,,0.4,74.0,,632.0,,
MIR,2024-01-15 02:00:00,2,15,1,0.005,,,,,0.447,100.0,24.2,24.0,15.0,,2.1,68.0,,632.0,,
MIR,2024-01-15 03:00:00,3,15,1,,,,,,0.744,59.0,27.1,24.0,15.0,,0.5,83.0,,632.0,,
MIR,2024-01-15 04:00:00,4,15,1,,,,,,0.656,71.0,44.4,24.0,14.0,,0.8,66.0,,632.0,,
MIR,2024-01-15 05:00:00,5,15,1,,,,,,1.071,108.0,41.4,24.0,13.0,,0.0,45.0,,633.0,,
MIR,2024-01-15 06:00:00,6,15,1,,,,,,1.638,106.0,46.0,24.0,13.0,,4.2,54.0,,633.0,,
MIR,2024-01-15 07:00:00,7,15,1,0.001,,,,,2.392,216.0,106.0,24.0,12.0,,0.0,63.0,,633.0,,
MIR,2024-01-15 08:00:00,8,15,1,0.001,,,,,1.704,232.0,105.3,24.0,15.0,,0.1,49.0,,633.0,,
MIR,2024-01-15 09:00:00,9,15,1,0.005,,,,,0.907,206.0,91.4,23.0,19.0,,1.0,56.0,,634.0,,
MIR,2024-01-15 10:00:00,10,15,1,0.018,,,,,0.332,174.0,64.4,23.0,22.0,,0.0,47.0,,634.0,,
MIR,2024-01-15 11:00:00,11,15,1,0.026,,,,,,119.0,45.4,23.0,26.0,,0.6,38.0,,633.0,,
MIR,2024-01-15 12:00:00,12,15,1,0.035,,,,,0.33,228.0,7.8,23.0,28.0,,4.5,258.0,,633.0,,
MIR,2024-01-15 13:00:00,13,15,1,0.042,,,,,0.278,77.0,5.9,22.0,30.0,,0.1,185.0,,632.0,,
MIR,2024-01-15 14:00:00,14,15,1,0.048,,,,,0.316,65.0,16.1,23.0,31.0,,3.3,227.0,,631.0,,
MIR,2024-01-15 15:00:00,15,15,1,0.055,,,,,0.345,50.0,19.1,23.0,31.0,,4.9,215.0,,630.0,,
MIR,2024-01-15 16:00:00,16,15,1,0.054,,,,,0.382,47.0,12.6,23.0,32.0,,3.1,211.0,,630.0,,
MIR,2024-01-15 17:00:00,17,15,1,0.039,,,,,0.4,45.0,6.8,23.0,31.0,,4.5,234.0,,630.0,,
MIR,2024-01-15 18:00:00,18,15,1,0.013,,,,,0.901,49.0,,23.0,28.0,,1.0,286.0,,631.0,,
MIR,2024-01-15 19:00:00,19,15,1,0.001,,,,,1.474,65.0,19.1,23.0,25.0,,2.5,138.0,,631.0,,
MIR,2024-01-15 20:00:00,20,15,1,0.001,,,,,1.289,93.0,28.2,23.0,22.0,,2.9,140.0,,631.0,,
MIR,2024-01-15 21:00:00,21,15,1,0.003,,,,,0.725,82.0,28.1,23.0,21.0,,0.3,16.0,,632.0,,
MIR,2024-01-15 22:00:00,22,15,1,0.003,,,,,0.73,77.0,19.9,23.0,20.0,,0.4,29.0,,632.0,,
MIR,2024-01-15 23:00:00,23,15,1,0.0,,,,,0.919,59.0,21.6,23.0,19.0,,0.6,88.0,,632.0,,
MIR,2024-01-16 00:00:00,0,16,1,0.002,,,,,0.466,63.0,24.3,23.0,17.0,,0.0,114.0,,632.0,,
MIR,2024-01-16 01:00:00,1,16,1,0.001,,,,,0.377,54.0,23.3,24.0,16.0,,0.0,32.0,,632.0,,
MIR,2024-01-16 02:00:00,2,16,1,0.001,,,,,0.524,51.0,20.7,24.0,15.0,,0.0,36.0,,632.0,,
MIR,2024-01-16 03:00:00,3,16,1,0.002,,,,,0.512,84.0,24.6,23.0,15.0,,0.8,318.0,,632.0,,
MIR,2024-01-16 04:00:00,4,16,1,,,,,,0.894,124.0,61.5,24.0,14.0,,0.0,19.0,,632.0,,
MIR,2024-01-16 05:00:00,5,16,1,,,,,,0.771,164.0,73.4,23.0,13.0,,0.6,102.0,,632.0,,
MIR,2024-01-16 06:00:00,6,16,1,,,,,,1.385,126.0,48.9,24.0,13.0,,1.2,336.0,,632.0,,
MIR,2024-01-16 07:00:00,7,16,1,,,,,,3.027,179.0,106.1,24.0,12.0,,0.0,84.0,,633.0,,
MIR,2024-01-16 08:00:00,8,16,1,0.001,,,,,2.0,330.0,155.7,24.0,14.0,,2.6,50.0,,633.0,,
MIR,2024-01-16 09:00:00,9,16,1,0.007,,,,,0.387,289.0,115.8,23.0,18.0,,0.9,38.0,,633.0,,
MIR,2024-01-16 10:00:00,10,16,1,0.026,,,,,0.29,190.0,50.0,23.0,23.0,,2.7,324.0,,633.0,,
MIR,2024-01-16 11:00:00,11,16,1,0.039,,,,,0.184,91.0,30.8,23.0,26.0,,0.0,174.0,,633.0,,
MIR,2024-01-16 12:00:00,12,16,1,0.059,,,,,0.734,87.0,34.9,23.0,28.0,,0.5,246.0,,632.0,,
MIR,2024-01-16 13:00:00,13,16,1,0.077,,,,,0.565,105.0,21.7,23.0,30.0,,2.3,232.0,,631.0,,
MIR,2024-01-16 14:00:00,14,16,1,0.066,,,,,0.289,72.0,12.4,23.0,32.0,,4.6,217.0,,631.0,,
MIR,2024-01-16 15:00:00,15,16,1,0.05,,,,,0.209,57.0,,22.0,33.0,,8.3,203.0,,630.0,,
MIR,2024-01-16 16:00:00,16,16,1,0.046,,,,,0.301,34.0,,23.0,33.0,,5.0,216.0,,630.0,,
MIR,2024-01-16 17:00:00,17,16,1,0.044,,,,,0.433,26.0,,23.0,32.0,,6.9,218.0,,630.0,,
MIR,2024-01-16 18:00:00,18,16,1,0.017,,,,,0.985,39.0,0.4,23.0,29.0,,0.9,210.0,,631.0,,
MIR,2024-01-16 19:00:00,19,16,1,0.001,,,,,1.88,60.0,13.3,23.0,25.0,,1.0,220.0,,631.0,,
MIR,2024-01-16 20:00:00,20,16,1,0.003,,,,,0.728,75.0,27.5,23.0,24.0,,7.1,217.0,,632.0,,
MIR,2024-01-16 21:00:00,21,16,1,0.007,,,,,0.387,65.0,14.2,23.0,23.0,,1.0,178.0,,632.0,,
MIR,2024-01-16 22:00:00,22,16,1,0.001,,,,,0.717,82.0,22.5,23.0,21.0,,2.7,117.0,,633.0,,
MIR,2024-01-16 23:00:00,23,16,1,0.007,,,,,0.348,60.0,8.9,23.0,20.0,,0.1,280.0,,633.0,,
MIR,2024-01-17 00:00:00,0,17,1,0.0,,,,,0.855,50.0,16.5,23.0,19.0,,0.0,122.0,,633.0,,
MIR,2024-01-17 01:00:00,1,17,1,0.0,,,,,0.858,54.0,24.2,24.0,18.0,,0.9,84.0,,633.0,,
MIR,2024-01-17 02:00:00,2,17,1,0.001,,,,,0.492,51.0,29.4,23.0,17.0,,0.5,62.0,,633.0,,
MIR,2024-01-17 03:00:00,3,17,1,,,,,,0.64,85.0,59.8,23.0,16.0,,0.0,101.0,,632.0,,
MIR,2024-01-17 04:00:00,4,17,1,,,,,,0.778,96.0,52.4,24.0,15.0,,1.1,225.0,,632.0,,
MIR,2024-01-17 05:00:00,5,17,1,,,,,,1.012,89.0,51.1,24.0,14.0,,0.1,355.0,,632.0,,
MIR,2024-01-17 06:00:00,6,17,1,,,,,,1.347,112.0,63.0,23.0,14.0,,3.0,8.0,,633.0,,
MIR,2024-01-17 07:00:00,7,17,1,,,,,,2.638,211.0,127.6,24.0,13.0,,0.0,118.0,,633.0,,
MIR,2024-01-17 08:00:00,8,17,1,,,,,,1.829,254.0,113.1,23.0,14.0,,0.0,73.0,,634.0,,
MIR,2024-01-17 09:00:00,9,17,1,0.002,,,,,1.965,225.0,137.2,23.0,19.0,,3.2,272.0,,634.0,,
MIR,2024-01-17 10:00:00,10,17,1,0.006,,,,,0.746,335.0,124.8,23.0,21.0,,1.2,235.0,,634.0,,
MIR,2024-01-17 11:00:00,11,17,1,0.032,,,,,,223.0,46.5,23.0,25.0,,2.2,239.0,,634.0,,
MIR,2024-01-17 12:00:00,12,17,1,0.045,,,,,0.513,126.0,21.9,23.0,27.0,,0.6,220.0,,633.0,,
MIR,2024-01-17 13:00:00,13,17,1,0.047,,,,,0.409,135.0,22.3,23.0,28.0,,2.7,224.0,,633.0,,
MIR,2024-01-17 14:00:00,14,17,1,0.061,,,,,0.639,82.0,18.4,23.0,30.0,,2.2,38.0,,632.0,,
MIR,2024-01-17 15:00:00,15,17,1,0.045,,,,,1.192,122.0,36.9,23.0,28.0,,0.4,13.0,,632.0,,
MIR,2024-01-17 16:00:00,16,17,1,0.026,,,,,0.587,127.0,30.3,23.0,27.0,,0.0,225.0,,632.0,,
MIR,2024-01-17 17:00:00,17,17,1,0.03,,,,,0.265,83.0,7.8,23.0,26.0,,2.4,193.0,,633.0,,
MIR,2024-01-17 18:00:00,18,17,1,0.015,,,,,0.749,53.0,10.5,23.0,25.0,,0.6,194.0,,633.0,,
MIR,2024-01-17 19:00:00,19,17,1,0.001,,,,,1.928,74.0,30.6,23.0,24.0,,0.0,355.0,,633.0,,
MIR,2024-01-17 20:00:00,20,17,1,,,,,,1.255,116.0,45.1,23.0,23.0,,0.0,80.0,,634.0,,
MIR,2024-01-17 21:00:00,21,17,1,,,,,,0.639,100.0,39.8,23.0,21.0,,0.3,348.0,,634.0,,
MIR,2024-01-17 22:00:00,22,17,1,,,,,,1.205,85.0,33.1,23.0,21.0,,0.0,61.0,,635.0,,
MIR,2024-01-17 23:00:00,23,17,1,,,,,,1.007,77.0,25.3,23.0,21.0,,0.0,87.0,,634.0,,
MIR,2024-01-18 00:00:00,0,18,1,,,,,,0.767,62.0,38.8,23.0,20.0,,0.0,70.0,,635.0,,
MIR,2024-01-18 01:00:00,1,18,1,0.004,,,,,0.392,40.0,19.0,23.0,20.0,,0.6,312.0,,634.0,,
MIR,2024-01-18 02:00:00,2,18,1,0.005,,,,,0.498,21.0,5.9,24.0,20.0,,0.0,269.0,,634.0,,
MIR,2024-01-18 03:00:00,3,18,1,0.01,,,,,0.353,20.0,1.7,23.0,19.0,,0.0,142.0,,634.0,,
MIR,2024-01-18 04:00:00,4,18,1,0.006,,,,,0.473,18.0,8.2,23.0,19.0,,0.5,26.0,,634.0,,
MIR,2024-01-18 05:00:00,5,18,1,0.007,,,,,0.506,26.0,19.9,24.0,20.0,,0.1,44.0,,634.0,,
MIR,2024-01-18 06:00:00,6,18,1,,,,,,1.061,71.0,29.9,23.0,19.0,,0.9,52.0,,634.0,,
MIR,2024-01-18 07:00:00,7,18,1,,,,,,1.504,115.0,56.6,24.0,19.0,,0.4,84.0,,635.0,,
MIR,2024-01-18 08:00:00,8,18,1,,,,,,1.576,147.0,65.4,23.0,18.0,,2.5,80.0,,635.0,,
MIR,2024-01-18 09:00:00,9,18,1,,,,,,1.88,222.0,95.4,23.0,19.0,,0.0,355.0,,635.0,,
MIR,2024-01-18 10:00:00,10,18,1,0.002,,,,,1.362,272.0,97.6,23.0,21.0,,2.6,293.0,,635.0,,
MIR,2024-01-18 11:00:00,11,18,1,0.001,,,,,1.067,349.0,91.9,23.0,21.0,,0.5,239.0,,635.0,,
MIR,2024-01-18 12:00:00,12,18,1,0.005,,,,,0.595,286.0,56.2,23.0,22.0,,2.8,211.0,,635.0,,
MIR,2024-01-18 13:00:00,13,18,1,0.011,,,,,0.225,169.0,35.4,23.0,24.0,,0.0,173.0,,634.0,,
MIR,2024-01-18 14:00:00,14,18,1,0.011,,,,,0.693,155.0,39.4,23.0,24.0,,0.7,243.0,,633.0,,
MIR,2024-01-18 15:00:00,15,18,1,0.024,,,,,0.424,134.0,29.7,23.0,25.0,,0.3,237.0,,633.0,,
MIR,2024-01-18 16:00:00,16,18,1,0.026,,,,,0.48,93.0,20.2,23.0,26.0,,1.0,192.0,,633.0,,
MIR,2024-01-18 17:00:00,17,18,1,0.027,,,,,0.535,91.0,16.1,23.0,27.0,,0.0,253.0,,633.0,,
MIR,2024-01-18 18:00:00,18,18,1,0.002,,,,,1.303,117.0,24.4,23.0,24.0,,0.9,309.0,,633.0,,
MIR,2024-01-18 19:00:00,19,18,1,0.001,,,,,2.237,144.0,35.3,23.0,21.0,,,243.0,,634.0,,
MIR,2024-01-18 20:00:00,20,18,1,,,,,,2.109,171.0,60.7,23.0,20.0,,,268.0,,634.0,,
MIR,2024-01-18 21:00:00,21,18,1,,,,,,1.059,186.0,50.9,24.0,20.0,,,50.0,,634.0,,
MIR,2024-01-18 22:00:00,22,18,1,,,,,,1.943,159.0,54.1,23.0,19.0,,,47.0,,635.0,,
MIR,2024-01-18 23:00:00,23,18,1,,,,,,1.905,142.0,48.3,23.0,18.0,,0.5,65.0,,635.0,,
MIR,2024-01-19 00:00:00,0,19,1,,,,,,1.859,197.0,115.0,23.0,18.0,,0.0,49.0,,634.0,,
MIR,2024-01-19 01:00:00,1,19,1,,,,,,1.484,264.0,116.5,23.0,18.0,,0.0,34.0,,634.0,,
MIR,2024-01-19 02:00:00,2,19,1,,,,,,1.143,185.0,73.2,23.0,17.0,,0.0,97.0,,634.0,,
MIR,2024-01-19 03:00:00,3,19,1,,,,,,1.095,162.0,104.5,24.0,17.0,,2.9,124.0,,634.0,,
MIR,2024-01-19 04:00:00,4,19,1,,,,,,1.443,212.0,134.3,23.0,16.0,,,91.0,,634.0,,
MIR,2024-01-19 05:00:00,5,19,1,,,,,,1.592,215.0,119.8,23.0,16.0,,,29.0,,634.0,,
MIR,2024-01-19 06:00:00,6,19,1,,,,,,1.825,164.0,66.5,23.0,16.0,,,24.0,,634.0,,
MIR,2024-01-19 07:00:00,7,19,1,,,,,,3.257,152.0,89.6,24.0,15.0,,,56.0,,634.0,,
MIR,2024-01-19 08:00:00,8,19,1,,,,,,2.706,243.0,128.8,23.0,15.0,,,114.0,,635.0,,
MIR,2024-01-19 09:00:00,9,19,1,0.002,,,,,1.029,298.0,108.2,23.0,19.0,,,137.0,,635.0,,
MIR,2024-01-19 10:00:00,10,19,1,0.01,,,,,0.929,199.0,70.0,23.0,22.0,,0.7,346.0,,635.0,,
MIR,2024-01-19 11:00:00,11,19,1,0.035,,,,,,128.0,36.5,23.0,25.0,,1.1,227.0,,635.0,,
MIR,2024-01-19 12:00:00,12,19,1,0.052,,,,,0.503,107.0,17.3,23.0,28.0,,1.0,233.0,,634.0,,
MIR,2024-01-19 13:00:00,13,19,1,0.05,,,,,0.267,98.0,1.0,23.0,29.0,,0.9,221.0,,633.0,,
MIR,2024-01-19 14:00:00,14,19,1,0.064,,,,,0.439,61.0,7.9,23.0,30.0,,0.0,205.0,,633.0,,
MIR,2024-01-19 15:00:00,15,19,1,0.069,,,,,0.415,61.0,12.3,23.0,31.0,,1.1,44.0,,632.0,,
MIR,2024-01-19 16:00:00,16,19,1,0.06,,,,,0.529,52.0,17.1,23.0,32.0,,0.0,29.0,,632.0,,
MIR,2024-01-19 17:00:00,17,19,1,0.035,,,,,0.847,45.0,15.4,23.0,30.0,,0.5,226.0,,632.0,,
MIR,2024-01-19 18:00:00,18,19,1,0.003,,,,,1.775,61.0,19.9,23.0,27.0,,0.8,318.0,,632.0,,
MIR,2024-01-19 19:00:00,19,19,1,0.0,,,,,2.162,88.0,29.0,23.0,24.0,,2.3,14.0,,633.0,,
MIR,2024-01-19 20:00:00,20,19,1,0.0,,,,,1.48,122.0,52.6,23.0,23.0,,2.5,120.0,,633.0,,
MIR,2024-01-19 21:00:00,21,19,1,0.001,,,,,2.966,226.0,125.9,23.0,22.0,,2.3,43.0,,633.0,,
MIR,2024-01-19 22:00:00,22,19,1,0.001,,,,,2.242,485.0,159.8,23.0,21.0,,0.0,163.0,,633.0,,
MIR,2024-01-19 23:00:00,23,19,1,,,,,,2.313,416.0,120.8,23.0,20.0,,0.0,239.0,,634.0,,
MIR,2024-01-20 00:00:00,0,20,1,,,,,,1.443,294.0,96.3,24.0,20.0,,0.6,101.0,,633.0,,
MIR,2024-01-20 01:00:00,1,20,1,,,,,,1.228,203.0,137.7,23.0,20.0,,4.3,90.0,,633.0,,
MIR,2024-01-20 02:00:00,2,20,1,,,,,,0.447,331.0,118.6,24.0,19.0,,0.2,130.0,,633.0,,
MIR,2024-01-20 03:00:00,3,20,1,,,,,,,194.0,63.2,24.0,20.0,,1.3,142.0,,633.0,,
MIR,2024-01-20 04:00:00,4,20,1,,,,,,0.963,141.0,80.2,23.0,19.0,,2.2,159.0,,634.0,,
MIR,2024-01-20 05:00:00,5,20,1,,,,,,0.684,163.0,77.5,23.0,18.0,,1.1,92.0,,634.0,,
MIR,2024-01-20 06:00:00,6,20,1,,,,,,0.595,105.0,37.2,24.0,18.0,,4.2,311.0,,634.0,,
MIR,2024-01-20 07:00:00,7,20,1,0.001,,,,,0.397,65.0,17.7,24.0,18.0,,0.8,282.0,,634.0,,
MIR,2024-01-20 08:00:00,8,20,1,0.002,,,,,0.778,73.0,21.9,24.0,18.0,,2.3,145.0,,635.0,,
MIR,2024-01-20 09:00:00,9,20,1,0.007,,,,,0.678,86.0,24.4,23.0,20.0,,0.9,143.0,,635.0,,
MIR,2024-01-20 10:00:00,10,20,1,0.023,,,,,0.298,80.0,13.5,23.0,22.0,,2.8,224.0,,635.0,,
MIR,2024-01-20 11:00:00,11,20,1,0.036,,,,,0.242,61.0,11.5,23.0,24.0,,3.3,220.0,,635.0,,
MIR,2024-01-20 12:00:00,12,20,1,0.05,,,,,0.395,33.0,8.7,23.0,27.0,,8.4,230.0,,634.0,,
MIR,2024-01-20 13:00:00,13,20,1,0.059,,,,,0.403,55.0,20.9,23.0,29.0,,4.2,54.0,,633.0,,
MIR,2024-01-20 14:00:00,14,20,1,0.063,,,,,0.432,59.0,13.0,23.0,30.0,,3.3,46.0,,633.0,,
MIR,2024-01-20 15:00:00,15,20,1,0.065,,,,,0.413,66.0,13.8,23.0,29.0,,4.2,34.0,,632.0,,
MIR,2024-01-20 16:00:00,16,20,1,0.066,,,,,0.458,65.0,23.0,23.0,30.0,,0.0,42.0,,632.0,,
MIR,2024-01-20 17:00:00,17,20,1,0.056,,,,,0.551,67.0,21.7,23.0,29.0,,5.1,208.0,,632.0,,
MIR,2024-01-20 18:00:00,18,20,1,0.032,,,,,0.546,75.0,14.1,24.0,26.0,,2.3,199.0,,633.0,,
MIR,2024-01-20 19:00:00,19,20,1,0.029,,,,,0.524,96.0,21.7,23.0,24.0,,8.3,205.0,,633.0,,
MIR,2024-01-20 20:00:00,20,20,1,0.04,,,,,0.357,120.0,17.3,23.0,22.0,,1.1,317.0,,634.0,,
MIR,2024-01-20 21:00:00,21,20,1,0.023,,,,,0.465,64.0,10.0,23.0,22.0,,4.4,98.0,,634.0,,
MIR,2024-01-20 22:00:00,22,20,1,0.017,,,,,0.509,50.0,11.0,24.0,21.0,,0.6,6.0,,634.0,,
MIR,2024-01-20 23:00:00,23,20,1,0.003,,,,,0.994,47.0,21.4,23.0,19.0,,1.2,75.0,,634.0,,
MIR,2024-01-21 00:00:00,0,21,1,0.009,,,,,0.244,42.0,12.7,23.0,19.0,,2.5,33.0,,634.0,,
MIR,2024-01-21 01:00:00,1,21,1,0.014,,,,,0.184,35.0,15.8,23.0,18.0,,4.6,53.0,,634.0,,
MIR,2024-01-21 02:00:00,2,21,1,0.015,,,,,0.403,38.0,10.7,24.0,18.0,,4.6,58.0,,634.0,,
MIR,2024-01-21 03:00:00,3,21,1,0.01,,,,,0.49,55.0,13.6,24.0,18.0,,0.0,78.0,,634.0,,
MIR,2024-01-21 04:00:00,4,21,1,0.007,,,,,0.487,40.0,14.9,24.0,16.0,,0.0,18.0,,633.0,,
MIR,2024-01-21 05:00:00,5,21,1,0.004,,,,,0.636,31.0,15.7,24.0,16.0,,0.6,358.0,,633.0,,
MIR,2024-01-21 06:00:00,6,21,1,0.0,,,,,0.917,49.0,36.9,24.0,15.0,,0.9,40.0,,633.0,,
MIR,2024-01-21 07:00:00,7,21,1,0.001,,,,,0.617,71.0,23.6,24.0,15.0,,2.1,46.0,,634.0,,
MIR,2024-01-21 08:00:00,8,21,1,0.009,,,,,0.503,58.0,32.9,23.0,17.0,,0.4,62.0,,634.0,,
MIR,2024-01-21 09:00:00,9,21,1,0.027,,,,,0.365,55.0,24.7,23.0,21.0,,3.3,69.0,,635.0,,
MIR,2024-01-21 10:00:00,10,21,1,0.038,,,,,0.51,51.0,23.3,23.0,24.0,,4.7,212.0,,635.0,,
MIR,2024-01-21 11:00:00,11,21,1,0.048,,,,,0.375,41.0,25.6,23.0,25.0,,2.7,271.0,,634.0,,
MIR,2024-01-21 12:00:00,12,21,1,0.059,,,,,0.394,42.0,22.2,23.0,28.0,,2.8,218.0,,633.0,,
MIR,2024-01-21 13:00:00,13,21,1,0.062,,,,,0.327,41.0,20.4,23.0,30.0,,0.6,197.0,,632.0,,
MIR,2024-01-21 14:00:00,14,21,1,0.061,,,,,0.363,35.0,2.2,23.0,31.0,,8.7,183.0,,632.0,,
MIR,2024-01-21 15:00:00,15,21,1,0.049,,,,,0.383,34.0,5.6,23.0,30.0,,2.5,224.0,,631.0,,
MIR,2024-01-21 16:00:00,16,21,1,0.038,,,,,0.514,56.0,38.2,23.0,28.0,,2.2,57.0,,631.0,,
MIR,2024-01-21 17:00:00,17,21,1,0.038,,,,,0.424,59.0,9.7,23.0,28.0,,3.2,214.0,,632.0,,
MIR,2024-01-21 18:00:00,18,21,1,0.031,,,,,0.525,51.0,8.6,23.0,26.0,,0.5,260.0,,632.0,,
MIR,2024-01-21 19:00:00,19,21,1,0.02,,,,,0.657,61.0,15.6,23.0,24.0,,5.1,33.0,,633.0,,
MIR,2024-01-21 20:00:00,20,21,1,0.028,,,,,0.404,38.0,8.1,23.0,24.0,,1.3,87.0,,633.0,,
MIR,2024-01-21 21:00:00,21,21,1,0.02,,,,,0.56,33.0,15.7,23.0,23.0,,2.9,41.0,,633.0,,
MIR,2024-01-21 22:00:00,22,21,1,0.022,,,,,0.354,31.0,12.5,23.0,22.0,,6.9,48.0,,633.0,,
MIR,2024-01-21 23:00:00,23,21,1,0.025,,,,,0.346,23.0,9.3,23.0,22.0,,3.2,49.0,,633.0,,
MIR,2024-01-22 00:00:00,0,22,1,0.02,,,,,0.406,17.0,9.8,24.0,20.0,,0.0,64.0,,634.0,,
MIR,2024-01-22 01:00:00,1,22,1,0.017,,,,,0.435,13.0,,24.0,19.0,,4.6,48.0,,634.0,,
MIR,2024-01-22 02:00:00,2,22,1,0.001,,,,,0.801,46.0,36.6,24.0,18.0,,2.1,54.0,,634.0,,
MIR,2024-01-22 03:00:00,3,22,1,0.002,,,,,0.626,60.0,34.1,24.0,17.0,,0.8,60.0,,633.0,,
MIR,2024-01-22 04:00:00,4,22,1,0.001,,,,,0.509,47.0,29.1,24.0,16.0,,0.4,75.0,,633.0,,
MIR,2024-01-22 05:00:00,5,22,1,,,,,,1.139,66.0,42.5,24.0,15.0,,0.2,58.0,,633.0,,
MIR,2024-01-22 06:00:00,6,22,1,,,,,,1.323,92.0,51.8,24.0,14.0,,0.0,40.0,,633.0,,
MIR,2024-01-22 07:00:00,7,22,1,,,,,,1.459,122.0,58.2,24.0,15.0,,3.0,56.0,,634.0,,
MIR,2024-01-22 08:00:00,8,22,1,,,,,,1.596,144.0,83.6,24.0,15.0,,2.7,65.0,,634.0,,
MIR,2024-01-22 09:00:00,9,22,1,0.003,,,,,0.718,150.0,57.3,23.0,17.0,,1.2,80.0,,634.0,,
MIR,2024-01-22 10:00:00,10,22,1,0.015,,,,,0.449,105.0,30.2,24.0,20.0,,4.7,197.0,,635.0,,
MIR,2024-01-22 11:00:00,11,22,1,0.025,,,,,0.303,75.0,25.5,23.0,24.0,,4.2,275.0,,634.0,,
MIR,2024-01-22 12:00:00,12,22,1,0.042,,,,,0.228,54.0,4.6,23.0,27.0,,10.9,261.0,,633.0,,
MIR,2024-01-22 13:00:00,13,22,1,0.044,,,,,0.203,36.0,0.4,23.0,28.0,,8.3,201.0,,633.0,,
MIR,2024-01-22 14:00:00,14,22,1,0.044,,,,,0.301,32.0,10.5,23.0,29.0,,7.3,201.0,,632.0,,
MIR,2024-01-22 15:00:00,15,22,1,0.038,,,,,0.333,32.0,,23.0,29.0,,8.4,229.0,,631.0,,
MIR,2024-01-22 16:00:00,16,22,1,0.035,,,,,0.309,29.0,,23.0,29.0,,3.3,37.0,,631.0,,
MIR,2024-01-22 17:00:00,17,22,1,0.03,,,,,0.404,30.0,7.4,23.0,28.0,,7.2,219.0,,631.0,,
MIR,2024-01-22 18:00:00,18,22,1,0.021,,,,,0.633,35.0,6.6,23.0,26.0,,2.3,184.0,,632.0,,
MIR,2024-01-22 19:00:00,19,22,1,0.01,,,,,0.754,39.0,19.4,24.0,24.0,,6.4,55.0,,632.0,,
MIR,2024-01-22 20:00:00,20,22,1,0.016,,,,,0.43,38.0,5.0,24.0,24.0,,2.4,342.0,,633.0,,
MIR,2024-01-22 21:00:00,21,22,1,0.016,,,,,0.41,34.0,10.4,24.0,22.0,,3.3,45.0,,633.0,,
MIR,2024-01-22 22:00:00,22,22,1,0.005,,,,,0.824,29.0,8.9,24.0,21.0,,2.7,77.0,,633.0,,
MIR,2024-01-22 23:00:00,23,22,1,0.007,,,,,0.589,30.0,12.2,24.0,20.0,,1.2,28.0,,634.0,,
MIR,2024-01-23 00:00:00,0,23,1,0.002,,,,,0.519,33.0,11.9,23.0,19.0,,,22.0,,634.0,,
MIR,2024-01-23 01:00:00,1,23,1,0.004,,,,,0.373,26.0,7.6,24.0,18.0,,,99.0,,634.0,,
MIR,2024-01-23 02:00:00,2,23,1,,,,,,0.619,52.0,30.9,24.0,17.0,,,55.0,,633.0,,
MIR,2024-01-23 03:00:00,3,23,1,,,,,,0.648,81.0,34.7,24.0,17.0,,,74.0,,633.0,,
MIR,2024-01-23 04:00:00,4,23,1,,,,,,0.757,87.0,52.9,24.0,16.0,,,64.0,,633.0,,
MIR,2024-01-23 05:00:00,5,23,1,,,,,,0.827,73.0,31.7,24.0,15.0,,,94.0,,633.0,,
MIR,2024-01-23 06:00:00,6,23,1,,,,,,1.266,79.0,52.7,24.0,15.0,,,63.0,,633.0,,
MIR,2024-01-23 07:00:00,7,23,1,,,,,,1.87,161.0,94.9,24.0,14.0,,0.1,66.0,,633.0,,
MIR,2024-01-23 08:00:00,8,23,1,0.001,,,,,1.133,177.0,77.4,24.0,17.0,,0.0,48.0,,634.0,,
MIR,2024-01-23 09:00:00,9,23,1,0.008,,,,,0.5,133.0,52.3,23.0,22.0,,4.7,10.0,,634.0,,
MIR,2024-01-23 10:00:00,10,23,1,0.021,,,,,0.239,127.0,34.2,23.0,24.0,,3.1,140.0,,634.0,,
MIR,2024-01-23 11:00:00,11,23,1,0.03,,,,,,59.0,14.8,23.0,26.0,,3.3,211.0,,634.0,,
MIR,2024-01-23 12:00:00,12,23,1,0.035,,,,,0.301,20.0,1.2,23.0,27.0,,3.0,236.0,,633.0,,
MIR,2024-01-23 13:00:00,13,23,1,0.035,,,,,0.314,21.0,,23.0,29.0,,2.7,242.0,,632.0,,
MIR,2024-01-23 14:00:00,14,23,1,0.034,,,,,0.307,25.0,,23.0,29.0,,9.0,201.0,,631.0,,
MIR,2024-01-23 15:00:00,15,23,1,0.032,,,,,0.312,31.0,3.4,23.0,29.0,,5.4,49.0,,631.0,,
MIR,2024-01-23 16:00:00,16,23,1,0.031,,,,,0.303,43.0,6.0,23.0,29.0,,5.3,19.0,,631.0,,
MIR,2024-01-23 17:00:00,17,23,1,0.03,,,,,0.363,47.0,5.0,23.0,28.0,,6.5,224.0,,631.0,,
MIR,2024-01-23 18:00:00,18,23,1,0.023,,,,,0.452,42.0,5.1,23.0,26.0,,4.3,17.0,,631.0,,
MIR,2024-01-23 19:00:00,19,23,1,0.019,,,,,0.475,43.0,12.4,24.0,24.0,,6.4,311.0,,632.0,,
MIR,2024-01-23 20:00:00,20,23,1,0.012,,,,,0.48,43.0,15.9,23.0,23.0,,7.3,10.0,,632.0,,
MIR,2024-01-23 21:00:00,21,23,1,0.013,,,,,0.406,36.0,19.3,24.0,22.0,,4.7,45.0,,633.0,,
MIR,2024-01-23 22:00:00,22,23,1,0.005,,,,,0.658,37.0,12.9,23.0,20.0,,1.1,330.0,,633.0,,
MIR,2024-01-23 23:00:00,23,23,1,0.0,,,,,0.819,62.0,23.8,24.0,19.0,,2.1,91.0,,633.0,,
MIR,2024-01-24 00:00:00,0,24,1,0.014,,,,,0.153,48.0,28.8,24.0,19.0,,7.0,349.0,,633.0,,
MIR,2024-01-24 01:00:00,1,24,1,0.017,,,,,0.091,22.0,12.4,24.0,19.0,,0.0,63.0,,633.0,,
MIR,2024-01-24 02:00:00,2,24,1,0.012,,,,,0.372,19.0,8.5,24.0,17.0,,2.7,78.0,,633.0,,
MIR,2024-01-24 03:00:00,3,24,1,0.001,,,,,0.553,36.0,27.1,24.0,16.0,,0.4,280.0,,632.0,,
MIR,2024-01-24 04:00:00,4,24,1,,,,,,0.486,76.0,24.9,24.0,15.0,,0.2,60.0,,633.0,,
MIR,2024-01-24 05:00:00,5,24,1,,,,,,1.226,82.0,65.2,24.0,15.0,,0.1,42.0,,633.0,,
MIR,2024-01-24 06:00:00,6,24,1,,,,,,1.606,151.0,89.1,24.0,14.0,,0.0,60.0,,633.0,,
MIR,2024-01-24 07:00:00,7,24,1,,,,,,2.16,158.0,59.8,24.0,13.0,,0.0,59.0,,633.0,,
MIR,2024-01-24 08:00:00,8,24,1,,,,,,1.488,174.0,99.2,23.0,16.0,,2.4,34.0,,634.0,,
MIR,2024-01-24 09:00:00,9,24,1,0.005,,,,,0.875,225.0,109.6,23.0,20.0,,4.3,65.0,,634.0,,
MIR,2024-01-24 10:00:00,10,24,1,0.021,,,,,0.168,164.0,47.2,23.0,23.0,,2.5,18.0,,634.0,,
MIR,2024-01-24 11:00:00,11,24,1,0.033,,,,,,84.0,18.6,23.0,26.0,,2.8,149.0,,634.0,,
MIR,2024-01-24 12:00:00,12,24,1,0.036,,,,,0.226,53.0,4.5,23.0,26.0,,4.9,271.0,,633.0,,
MIR,2024-01-24 13:00:00,13,24,1,0.037,,,,,0.21,21.0,4.9,23.0,27.0,,4.3,247.0,,632.0,,
MIR,2024-01-24 14:00:00,14,24,1,0.037,,,,,0.36,28.0,2.2,23.0,28.0,,8.3,203.0,,632.0,,
MIR,2024-01-24 15:00:00,15,24,1,0.033,,,,,0.287,40.0,4.5,23.0,29.0,,10.4,213.0,,631.0,,
MIR,2024-01-24 16:00:00,16,24,1,0.032,,,,,0.324,32.0,5.2,23.0,29.0,,14.4,210.0,,631.0,,
MIR,2024-01-24 17:00:00,17,24,1,0.029,,,,,0.376,35.0,0.6,23.0,28.0,,4.9,215.0,,631.0,,
MIR,2024-01-24 18:00:00,18,24,1,0.02,,,,,0.516,45.0,1.6,23.0,25.0,,7.2,218.0,,632.0,,
MIR,2024-01-24 19:00:00,19,24,1,0.015,,,,,0.597,18.0,9.4,23.0,24.0,,1.2,300.0,,632.0,,
MIR,2024-01-24 20:00:00,20,24,1,0.004,,,,,1.023,18.0,6.2,23.0,23.0,,0.0,214.0,,633.0,,
MIR,2024-01-24 21:00:00,21,24,1,0.0,,,,,1.423,35.0,15.5,23.0,21.0,,2.7,113.0,,633.0,,
MIR,2024-01-24 22:00:00,22,24,1,0.001,,,,,0.729,49.0,26.7,24.0,21.0,,0.0,38.0,,633.0,,
MIR,2024-01-24 23:00:00,23,24,1,,,,,,1.0,137.0,44.8,24.0,20.0,,2.6,60.0,,633.0,,
MIR,2024-01-25 00:00:00,0,25,1,,,,,,0.723,165.0,48.0,24.0,19.0,,3.3,359.0,,633.0,,
MIR,2024-01-25 01:00:00,1,25,1,,,,,,0.043,120.0,28.2,24.0,19.0,,3.0,85.0,,632.0,,
MIR,2024-01-25 02:00:00,2,25,1,,,,,,0.459,82.0,27.0,24.0,19.0,,2.9,50.0,,632.0,,
MIR,2024-01-25 03:00:00,3,25,1,,,,,,0.565,67.0,26.1,24.0,17.0,,0.0,95.0,,632.0,,
MIR,2024-01-25 04:00:00,4,25,1,,,,,,0.542,46.0,19.5,24.0,16.0,,0.0,69.0,,632.0,,
MIR,2024-01-25 05:00:00,5,25,1,,,,,,0.674,38.0,12.3,24.0,15.0,,0.0,67.0,,632.0,,
MIR,2024-01-25 06:00:00,6,25,1,,,,,,1.735,70.0,50.7,24.0,15.0,,0.9,35.0,,633.0,,
MIR,2024-01-25 07:00:00,7,25,1,,,,,,2.398,177.0,82.0,24.0,14.0,,0.0,53.0,,633.0,,
MIR,2024-01-25 08:00:00,8,25,1,,,,,,1.939,211.0,75.8,24.0,17.0,,2.5,105.0,,634.0,,
MIR,2024-01-25 09:00:00,9,25,1,0.004,,,,,0.893,213.0,71.7,23.0,21.0,,2.9,67.0,,634.0,,
MIR,2024-01-25 10:00:00,10,25,1,0.015,,,,,0.344,207.0,54.2,23.0,24.0,,2.4,311.0,,634.0,,
MIR,2024-01-25 11:00:00,11,25,1,0.036,,,,,,117.0,25.3,23.0,27.0,,0.6,169.0,,634.0,,
MIR,2024-01-25 12:00:00,12,25,1,0.048,,,,,0.357,59.0,24.1,23.0,28.0,,2.2,163.0,,633.0,,
MIR,2024-01-25 13:00:00,13,25,1,0.051,,,,,0.29,52.0,13.0,23.0,30.0,,1.1,201.0,,632.0,,
MIR,2024-01-25 14:00:00,14,25,1,0.055,,,,,0.304,24.0,10.9,23.0,31.0,,3.1,208.0,,631.0,,
MIR,2024-01-25 15:00:00,15,25,1,0.042,,,,,0.245,25.0,,23.0,32.0,,14.9,214.0,,631.0,,
MIR,2024-01-25 16:00:00,16,25,1,0.034,,,,,0.301,34.0,6.9,23.0,31.0,,12.9,218.0,,631.0,,
MIR,2024-01-25 17:00:00,17,25,1,0.029,,,,,0.33,32.0,1.0,23.0,31.0,,8.7,207.0,,631.0,,
MIR,2024-01-25 18:00:00,18,25,1,0.018,,,,,0.497,34.0,,23.0,28.0,,6.2,228.0,,631.0,,
MIR,2024-01-25 19:00:00,19,25,1,0.01,,,,,0.639,40.0,6.3,23.0,26.0,,4.2,210.0,,632.0,,
MIR,2024-01-25 20:00:00,20,25,1,0.013,,,,,0.508,46.0,2.5,23.0,25.0,,4.7,263.0,,632.0,,
MIR,2024-01-25 21:00:00,21,25,1,0.013,,,,,0.519,46.0,17.9,24.0,23.0,,3.2,328.0,,633.0,,
MIR,2024-01-25 22:00:00,22,25,1,0.002,,,,,0.765,49.0,19.4,23.0,21.0,,1.1,85.0,,633.0,,
MIR,2024-01-25 23:00:00,23,25,1,0.0,,,,,0.779,64.0,19.2,24.0,19.0,,0.0,85.0,,633.0,,
MIR,2024-01-26 00:00:00,0,26,1,0.0,,,,,0.574,60.0,23.3,23.0,18.0,,0.9,78.0,,633.0,,
MIR,2024-01-26 01:00:00,1,26,1,0.0,,,,,0.544,89.0,36.0,24.0,17.0,,0.0,84.0,,633.0,,
MIR,2024-01-26 02:00:00,2,26,1,0.003,,,,,0.394,68.0,20.1,24.0,16.0,,2.9,64.0,,633.0,,
MIR,2024-01-26 03:00:00,3,26,1,,,,,,1.01,108.0,62.2,24.0,16.0,,0.7,54.0,,632.0,,
MIR,2024-01-26 04:00:00,4,26,1,,,,,,0.652,119.0,54.3,24.0,15.0,,0.0,23.0,,632.0,,
MIR,2024-01-26 05:00:00,5,26,1,,,,,,0.934,97.0,38.5,24.0,14.0,,0.0,5.0,,633.0,,
MIR,2024-01-26 06:00:00,6,26,1,,,,,,1.135,76.0,30.1,23.0,13.0,,0.0,28.0,,633.0,,
MIR,2024-01-26 07:00:00,7,26,1,,,,,,2.385,84.0,45.9,24.0,13.0,,1.3,65.0,,633.0,,
MIR,2024-01-26 08:00:00,8,26,1,0.001,,,,,2.219,197.0,117.5,23.0,16.0,,2.1,67.0,,634.0,,
MIR,2024-01-26 09:00:00,9,26,1,0.003,,,,,1.174,254.0,111.7,23.0,20.0,,0.3,120.0,,634.0,,
MIR,2024-01-26 10:00:00,10,26,1,0.015,,,,,0.409,189.0,65.0,23.0,24.0,,1.1,45.0,,634.0,,
MIR,2024-01-26 11:00:00,11,26,1,0.037,,,,,,99.0,27.5,23.0,27.0,,4.1,273.0,,634.0,,
MIR,2024-01-26 12:00:00,12,26,1,0.047,,,,,0.384,47.0,6.8,23.0,29.0,,11.1,240.0,,633.0,,
MIR,2024-01-26 13:00:00,13,26,1,0.047,,,,,0.246,38.0,9.2,23.0,31.0,,6.6,234.0,,632.0,,
MIR,2024-01-26 14:00:00,14,26,1,0.038,,,,,0.309,24.0,,23.0,32.0,,13.4,215.0,,632.0,,
MIR,2024-01-26 15:00:00,15,26,1,0.037,,,,,0.308,18.0,0.2,23.0,32.0,,6.5,212.0,,631.0,,
MIR,2024-01-26 16:00:00,16,26,1,0.031,,,,,0.294,15.0,,23.0,32.0,,8.6,207.0,,631.0,,
MIR,2024-01-26 17:00:00,17,26,1,0.027,,,,,0.336,32.0,4.5,23.0,31.0,,5.2,210.0,,632.0,,
MIR,2024-01-26 18:00:00,18,26,1,0.017,,,,,0.503,36.0,,23.0,29.0,,6.2,239.0,,632.0,,
MIR,2024-01-26 19:00:00,19,26,1,0.011,,,,,0.58,68.0,10.8,23.0,26.0,,5.3,110.0,,632.0,,
MIR,2024-01-26 20:00:00,20,26,1,0.021,,,,,0.364,47.0,9.9,23.0,25.0,,8.3,221.0,,633.0,,
MIR,2024-01-26 21:00:00,21,26,1,0.021,,,,,0.273,32.0,3.6,23.0,24.0,,6.8,208.0,,633.0,,
MIR,2024-01-26 22:00:00,22,26,1,0.018,,,,,0.393,24.0,,23.0,23.0,,4.5,280.0,,634.0,,
MIR,2024-01-26 23:00:00,23,26,1,0.007,,,,,0.836,26.0,4.2,23.0,22.0,,2.1,247.0,,634.0,,
MIR,2024-01-27 00:00:00,0,27,1,0.0,,,,,0.926,36.0,8.4,23.0,19.0,,1.0,10.0,,634.0,,
MIR,2024-01-27 01:00:00,1,27,1,0.0,,,,,0.704,85.0,43.1,24.0,17.0,,0.0,145.0,,634.0,,
MIR,2024-01-27 02:00:00,2,27,1,0.001,,,,,0.417,118.0,24.7,24.0,16.0,,1.2,32.0,,634.0,,
MIR,2024-01-27 03:00:00,3,27,1,,,,,,0.587,88.0,41.0,24.0,16.0,,2.5,315.0,,634.0,,
MIR,2024-01-27 04:00:00,4,27,1,,,,,,1.037,141.0,77.0,24.0,15.0,,2.9,98.0,,634.0,,
MIR,2024-01-27 05:00:00,5,27,1,,,,,,0.584,160.0,42.9,24.0,15.0,,4.2,25.0,,634.0,,
MIR,2024-01-27 06:00:00,6,27,1,,,,,,1.895,208.0,82.7,24.0,14.0,,0.2,10.0,,634.0,,
MIR,2024-01-27 07:00:00,7,27,1,,,,,,1.472,191.0,60.8,23.0,13.0,,0.8,6.0,,635.0,,
MIR,2024-01-27 08:00:00,8,27,1,0.002,,,,,0.524,117.0,34.0,23.0,16.0,,0.1,55.0,,635.0,,
MIR,2024-01-27 09:00:00,9,27,1,0.006,,,,,0.715,88.0,40.2,23.0,20.0,,0.3,164.0,,636.0,,
MIR,2024-01-27 10:00:00,10,27,1,0.02,,,,,0.604,111.0,46.5,23.0,23.0,,0.0,138.0,,636.0,,
MIR,2024-01-27 11:00:00,11,27,1,0.04,,,,,0.261,71.0,26.3,22.0,26.0,,3.1,208.0,,635.0,,
MIR,2024-01-27 12:00:00,12,27,1,0.049,,,,,0.322,65.0,30.6,22.0,29.0,,4.2,227.0,,635.0,,
MIR,2024-01-27 13:00:00,13,27,1,0.052,,,,,0.233,64.0,18.0,23.0,31.0,,2.2,218.0,,634.0,,
MIR,2024-01-27 14:00:00,14,27,1,0.048,,,,,0.337,32.0,8.7,22.0,32.0,,1.1,216.0,,633.0,,
MIR,2024-01-27 15:00:00,15,27,1,0.045,,,,,0.308,26.0,,23.0,33.0,,3.0,227.0,,633.0,,
MIR,2024-01-27 16:00:00,16,27,1,0.044,,,,,0.355,26.0,1.4,23.0,32.0,,5.1,208.0,,632.0,,
MIR,2024-01-27 17:00:00,17,27,1,0.043,,,,,0.38,19.0,1.6,23.0,32.0,,5.0,217.0,,632.0,,
MIR,2024-01-27 18:00:00,18,27,1,0.021,,,,,0.683,34.0,,23.0,29.0,,1.0,234.0,,633.0,,
MIR,2024-01-27 19:00:00,19,27,1,0.0,,,,,1.787,48.0,2.2,23.0,25.0,,4.2,21.0,,633.0,,
MIR,2024-01-27 20:00:00,20,27,1,0.001,,,,,1.505,73.0,24.5,23.0,24.0,,2.1,147.0,,634.0,,
MIR,2024-01-27 21:00:00,21,27,1,0.008,,,,,0.423,77.0,19.6,23.0,23.0,,2.4,112.0,,634.0,,
MIR,2024-01-27 22:00:00,22,27,1,0.003,,,,,1.769,74.0,30.6,23.0,22.0,,1.0,325.0,,635.0,,
MIR,2024-01-27 23:00:00,23,27,1,,,,,,2.77,160.0,55.5,23.0,19.0,,0.6,98.0,,635.0,,
MIR,2024-01-28 00:00:00,0,28,1,,,,,,1.041,167.0,47.4,23.0,19.0,,1.2,110.0,,635.0,,
MIR,2024-01-28 01:00:00,1,28,1,,,,,,0.572,164.0,63.9,23.0,17.0,,0.7,33.0,,635.0,,
MIR,2024-01-28 02:00:00,2,28,1,,,,,,1.096,187.0,73.1,23.0,17.0,,0.9,84.0,,635.0,,
MIR,2024-01-28 03:00:00,3,28,1,,,,,,1.034,156.0,46.6,24.0,15.0,,0.0,32.0,,635.0,,
MIR,2024-01-28 04:00:00,4,28,1,,,,,,0.944,90.0,30.4,24.0,15.0,,0.6,131.0,,635.0,,
MIR,2024-01-28 05:00:00,5,28,1,,,,,,1.259,73.0,38.6,24.0,14.0,,0.0,23.0,,635.0,,
MIR,2024-01-28 06:00:00,6,28,1,,,,,,0.39,68.0,18.7,24.0,14.0,,0.3,75.0,,636.0,,
MIR,2024-01-28 07:00:00,7,28,1,,,,,,0.324,49.0,13.6,24.0,14.0,,0.3,80.0,,636.0,,
MIR,2024-01-28 08:00:00,8,28,1,0.006,,,,,0.518,45.0,15.3,23.0,16.0,,2.9,329.0,,637.0,,
MIR,2024-01-28 09:00:00,9,28,1,0.016,,,,,0.281,49.0,20.7,23.0,18.0,,3.1,298.0,,637.0,,
MIR,2024-01-28 10:00:00,10,28,1,0.026,,,,,0.36,51.0,25.4,23.0,21.0,,3.1,325.0,,637.0,,
MIR,2024-01-28 11:00:00,11,28,1,0.036,,,,,0.346,47.0,18.5,23.0,24.0,,7.0,224.0,,637.0,,
MIR,2024-01-28 12:00:00,12,28,1,0.046,,,,,0.368,44.0,23.2,23.0,26.0,,4.3,226.0,,636.0,,
MIR,2024-01-28 13:00:00,13,28,1,0.052,,,,,0.324,37.0,13.6,22.0,29.0,,3.1,218.0,,635.0,,
MIR,2024-01-28 14:00:00,14,28,1,0.056,,,,,0.352,33.0,20.5,23.0,30.0,,2.5,229.0,,635.0,,
MIR,2024-01-28 15:00:00,15,28,1,0.062,,,,,0.37,35.0,11.6,23.0,31.0,,1.1,205.0,,634.0,,
MIR,2024-01-28 16:00:00,16,28,1,0.059,,,,,0.355,25.0,13.5,23.0,31.0,,4.9,212.0,,634.0,,
MIR,2024-01-28 17:00:00,17,28,1,0.053,,,,,0.38,29.0,4.6,23.0,31.0,,0.9,213.0,,634.0,,
MIR,2024-01-28 18:00:00,18,28,1,0.03,,,,,0.665,31.0,3.0,23.0,28.0,,0.6,180.0,,634.0,,
MIR,2024-01-28 19:00:00,19,28,1,0.002,,,,,1.619,45.0,19.3,24.0,25.0,,2.2,211.0,,634.0,,
MIR,2024-01-28 20:00:00,20,28,1,0.007,,,,,0.66,63.0,19.8,23.0,24.0,,4.3,209.0,,635.0,,
MIR,2024-01-28 21:00:00,21,28,1,0.006,,,,,0.734,60.0,17.7,23.0,23.0,,0.3,28.0,,635.0,,
MIR,2024-01-28 22:00:00,22,28,1,,,,,,1.246,66.0,19.3,23.0,21.0,,0.3,265.0,,635.0,,
MIR,2024-01-28 23:00:00,23,28,1,,,,,,1.561,79.0,56.4,23.0,21.0,,0.0,64.0,,636.0,,
MIR,2024-01-29 00:00:00,0,29,1,,,,,,1.038,117.0,39.3,23.0,19.0,,0.0,131.0,,636.0,,
MIR,2024-01-29 01:00:00,1,29,1,,,,,,0.844,95.0,33.1,23.0,19.0,,2.3,260.0,,636.0,,
MIR,2024-01-29 02:00:00,2,29,1,0.001,,,,,0.505,61.0,20.3,24.0,18.0,,2.3,142.0,,636.0,,
MIR,2024-01-29 03:00:00,3,29,1,0.002,,,,,0.254,55.0,22.1,24.0,17.0,,0.0,107.0,,636.0,,
MIR,2024-01-29 04:00:00,4,29,1,0.003,,,,,0.463,50.0,17.3,23.0,16.0,,0.0,359.0,,635.0,,
MIR,2024-01-29 05:00:00,5,29,1,0.0,,,,,0.831,47.0,23.0,24.0,15.0,,2.1,54.0,,635.0,,
MIR,2024-01-29 06:00:00,6,29,1,0.0,,,,,0.912,80.0,28.3,24.0,14.0,,0.4,237.0,,636.0,,
MIR,2024-01-29 07:00:00,7,29,1,0.0,,,,,1.895,108.0,47.0,24.0,14.0,,2.1,266.0,,636.0,,
MIR,2024-01-29 08:00:00,8,29,1,0.001,,,,,1.02,142.0,64.3,24.0,16.0,,0.4,350.0,,637.0,,
MIR,2024-01-29 09:00:00,9,29,1,0.006,,,,,0.312,169.0,45.5,23.0,19.0,,0.7,190.0,,637.0,,
MIR,2024-01-29 10:00:00,10,29,1,0.015,,,,,0.356,137.0,29.2,23.0,21.0,,4.4,211.0,,637.0,,
MIR,2024-01-29 11:00:00,11,29,1,0.027,,,,,0.196,82.0,24.6,23.0,24.0,,0.9,237.0,,637.0,,
MIR,2024-01-29 12:00:00,12,29,1,0.038,,,,,0.351,57.0,18.2,23.0,27.0,,1.2,221.0,,636.0,,
MIR,2024-01-29 13:00:00,13,29,1,0.05,,,,,0.338,63.0,16.7,23.0,29.0,,1.0,216.0,,635.0,,
MIR,2024-01-29 14:00:00,14,29,1,0.061,,,,,0.407,62.0,16.4,23.0,30.0,,2.2,34.0,,634.0,,
MIR,2024-01-29 15:00:00,15,29,1,0.049,,,,,0.361,58.0,8.9,23.0,31.0,,2.7,215.0,,633.0,,
MIR,2024-01-29 16:00:00,16,29,1,0.048,,,,,0.438,43.0,11.4,23.0,30.0,,3.1,220.0,,633.0,,
MIR,2024-01-29 17:00:00,17,29,1,0.037,,,,,0.637,63.0,12.8,23.0,29.0,,4.4,220.0,,633.0,,
MIR,2024-01-29 18:00:00,18,29,1,0.009,,,,,0.961,88.0,19.6,23.0,27.0,,2.9,210.0,,633.0,,
MIR,2024-01-29 19:00:00,19,29,1,0.0,,,,,1.177,145.0,33.2,23.0,26.0,,1.2,220.0,,633.0,,
MIR,2024-01-29 20:00:00,20,29,1,0.0,,,,,1.535,155.0,36.6,23.0,25.0,,0.7,208.0,,634.0,,
MIR,2024-01-29 21:00:00,21,29,1,0.001,,,,,1.617,142.0,41.4,23.0,24.0,,3.2,109.0,,634.0,,
MIR,2024-01-29 22:00:00,22,29,1,0.001,,,,,0.805,106.0,26.7,23.0,23.0,,0.2,139.0,,634.0,,
MIR,2024-01-29 23:00:00,23,29,1,0.001,,,,,0.476,76.0,23.6,23.0,23.0,,4.8,69.0,,634.0,,
MIR,2024-01-30 00:00:00,0,30,1,0.0,,,,,1.446,123.0,70.8,23.0,22.0,,0.0,44.0,,634.0,,
MIR,2024-01-30 01:00:00,1,30,1,0.0,,,,,1.209,222.0,86.4,23.0,21.0,,0.2,151.0,,634.0,,
MIR,2024-01-30 02:00:00,2,30,1,,,,,,0.848,207.0,66.9,23.0,21.0,,0.0,164.0,,634.0,,
MIR,2024-01-30 03:00:00,3,30,1,0.001,,,,,0.309,111.0,40.8,23.0,21.0,,0.6,293.0,,634.0,,
MIR,2024-01-30 04:00:00,4,30,1,0.0,,,,,1.087,115.0,68.0,23.0,20.0,,0.5,300.0,,634.0,,
MIR,2024-01-30 05:00:00,5,30,1,,,,,,1.168,152.0,71.5,23.0,19.0,,2.5,313.0,,634.0,,
MIR,2024-01-30 06:00:00,6,30,1,0.0,,,,,0.585,109.0,25.6,23.0,19.0,,2.4,33.0,,634.0,,
MIR,2024-01-30 07:00:00,7,30,1,,,,,,0.96,89.0,36.3,23.0,19.0,,1.1,64.0,,634.0,,
MIR,2024-01-30 08:00:00,8,30,1,,,,,,0.964,123.0,36.4,24.0,19.0,,0.6,290.0,,635.0,,
MIR,2024-01-30 09:00:00,9,30,1,0.001,,,,,0.735,130.0,41.3,23.0,20.0,,0.0,306.0,,635.0,,
MIR,2024-01-30 10:00:00,10,30,1,0.001,,,,,0.705,112.0,28.2,23.0,21.0,,1.1,85.0,,635.0,,
MIR,2024-01-30 11:00:00,11,30,1,0.005,,,,,0.602,100.0,34.2,23.0,22.0,,4.4,212.0,,635.0,,
MIR,2024-01-30 12:00:00,12,30,1,,,,,,,,,,,,,,,,,
MIR,2024-01-30 13:00:00,13,30,1,,,,,,,,,,,,,,,,,
MIR,2024-01-30 14:00:00,14,30,1,,,,,,,,,,,,,,,,,
MIR,2024-01-30 15:00:00,15,30,1,,,,,,,,,,,,,,,,,
MIR,2024-01-30 16:00:00,16,30,1,0.045,,,,,0.313,85.0,18.9,23.0,29.0,,0.1,230.0,,632.0,,
MIR,2024-01-30 17:00:00,17,30,1,0.046,,,,,0.469,79.0,19.0,23.0,29.0,,0.1,225.0,,632.0,,
MIR,2024-01-30 18:00:00,18,30,1,0.039,,,,,0.473,76.0,11.2,23.0,29.0,,0.0,223.0,,632.0,,
MIR,2024-01-30 19:00:00,19,30,1,0.014,,,,,0.943,82.0,16.9,23.0,26.0,,0.0,18.0,,632.0,,
MIR,2024-01-30 20:00:00,20,30,1,0.0,,,,,1.514,129.0,36.2,23.0,23.0,,0.0,269.0,,633.0,,
MIR,2024-01-30 21:00:00,21,30,1,0.001,,,,,0.84,123.0,34.6,23.0,22.0,,0.1,187.0,,633.0,,
MIR,2024-01-30 22:00:00,22,30,1,,,,,,1.885,138.0,68.2,23.0,22.0,,0.1,148.0,,633.0,,
MIR,2024-01-30 23:00:00,23,30,1,,,,,,1.929,296.0,94.3,23.0,21.0,,,161.0,,633.0,,
MIR,2024-01-31 00:00:00,0,31,1,,,,,,1.437,290.0,99.6,23.0,21.0,,,45.0,,634.0,,
MIR,2024-01-31 01:00:00,1,31,1,,,,,,0.403,221.0,69.5,24.0,19.0,,,28.0,,634.0,,
MIR,2024-01-31 02:00:00,2,31,1,0.003,,,,,,98.0,34.6,23.0,19.0,,,56.0,,634.0,,
MIR,2024-01-31 03:00:00,3,31,1,,,,,,1.002,62.0,29.5,24.0,18.0,,,74.0,,633.0,,
MIR,2024-01-31 04:00:00,4,31,1,,,,,,1.002,84.0,37.7,24.0,18.0,,,131.0,,633.0,,
MIR,2024-01-31 05:00:00,5,31,1,,,,,,0.98,99.0,58.9,23.0,17.0,,0.1,144.0,,633.0,,
MIR,2024-01-31 06:00:00,6,31,1,,,,,,2.392,218.0,161.5,23.0,17.0,,0.0,143.0,,633.0,,
MIR,2024-01-31 07:00:00,7,31,1,,,,,,2.245,319.0,164.6,24.0,16.0,,0.1,121.0,,634.0,,
MIR,2024-01-31 08:00:00,8,31,1,,,,,,2.516,307.0,145.7,24.0,16.0,,0.0,46.0,,634.0,,
MIR,2024-01-31 09:00:00,9,31,1,,,,,,2.491,271.0,132.5,23.0,18.0,,0.0,27.0,,634.0,,
MIR,2024-01-31 10:00:00,10,31,1,0.003,,,,,0.566,255.0,101.0,23.0,22.0,,0.1,219.0,,634.0,,
MIR,2024-01-31 11:00:00,11,31,1,0.027,,,,,,143.0,33.2,23.0,26.0,,0.1,223.0,,634.0,,
MIR,2024-01-31 12:00:00,12,31,1,0.047,,,,,,75.0,23.7,22.0,28.0,,0.0,234.0,,634.0,,
MIR,2024-01-31 13:00:00,13,31,1,0.06,,,,,0.444,62.0,10.9,23.0,29.0,,,223.0,,633.0,,
MIR,2024-01-31 14:00:00,14,31,1,0.075,,,,,0.511,61.0,23.8,23.0,29.0,,,224.0,,633.0,,
MIR,2024-01-31 15:00:00,15,31,1,0.08,,,,,0.517,82.0,22.5,23.0,29.0,,,214.0,,632.0,,
MIR,2024-01-31 16:00:00,16,31,1,0.062,,,,,0.359,74.0,11.3,23.0,29.0,,,218.0,,632.0,,
MIR,2024-01-31 17:00:00,17,31,1,0.062,,,,,0.579,66.0,13.5,23.0,27.0,,0.0,220.0,,632.0,,
MIR,2024-01-31 18:00:00,18,31,1,0.045,,,,,0.803,69.0,33.8,23.0,27.0,,0.1,231.0,,632.0,,
MIR,2024-01-31 19:00:00,19,31,1,0.008,,,,,0.875,145.0,48.4,23.0,25.0,,0.0,218.0,,633.0,,
MIR,2024-01-31 20:00:00,20,31,1,0.026,,,,,0.452,135.0,27.9,23.0,25.0,,0.1,268.0,,633.0,,
MIR,2024-01-31 21:00:00,21,31,1,0.034,,,,,0.387,122.0,22.9,23.0,23.0,,0.1,216.0,,633.0,,
MIR,2024-01-31 22:00:00,22,31,1,0.038,,,,,0.307,67.0,8.6,23.0,23.0,,0.1,252.0,,634.0,,
MIR,2024-01-31 23:00:00,23,31,1,0.029,,,,,0.478,24.0,14.0,23.0,22.0,,0.0,236.0,,634.0,,
MIR,2024-02-01 00:00:00,0,1,2,0.019,,,,,0.564,30.0,10.5,23.0,22.0,,0.1,234.0,,634.0,,
MIR,2024-02-01 01:00:00,1,1,2,0.02,,,,,0.397,26.0,17.4,23.0,21.0,,0.0,340.0,,634.0,,
MIR,2024-02-01 02:00:00,2,1,2,0.011,,,,,0.504,40.0,19.5,24.0,20.0,,0.0,108.0,,634.0,,
MIR,2024-02-01 03:00:00,3,1,2,0.002,,,,,0.55,67.0,45.4,23.0,20.0,,0.1,354.0,,634.0,,
MIR,2024-02-01 04:00:00,4,1,2,0.0,,,,,0.782,125.0,54.4,24.0,20.0,,0.0,28.0,,633.0,,
MIR,2024-02-01 05:00:00,5,1,2,0.0,,,,,0.764,123.0,63.8,24.0,19.0,,0.0,53.0,,633.0,,
MIR,2024-02-01 06:00:00,6,1,2,0.0,,,,,0.722,101.0,38.4,24.0,18.0,,0.0,49.0,,633.0,,
MIR,2024-02-01 07:00:00,7,1,2,0.001,,,,,1.468,95.0,54.2,24.0,18.0,,0.1,64.0,,634.0,,
MIR,2024-02-01 08:00:00,8,1,2,0.0,,,,,2.377,185.0,83.1,24.0,17.0,,0.1,45.0,,634.0,,
MIR,2024-02-01 09:00:00,9,1,2,0.001,,,,,1.402,212.0,85.1,23.0,18.0,,0.0,77.0,,634.0,,
MIR,2024-02-01 10:00:00,10,1,2,0.008,,,,,0.431,224.0,68.1,23.0,23.0,,0.1,195.0,,635.0,,
MIR,2024-02-01 11:00:00,11,1,2,0.029,,,,,0.101,181.0,32.4,23.0,25.0,,0.0,194.0,,635.0,,
MIR,2024-02-01 12:00:00,12,1,2,0.047,,,,,,71.0,13.7,23.0,28.0,,,239.0,,634.0,,
MIR,2024-02-01 13:00:00,13,1,2,0.057,,,,,0.299,43.0,7.7,23.0,30.0,,,224.0,,634.0,,
MIR,2024-02-01 14:00:00,14,1,2,0.055,,,,,0.248,26.0,4.6,23.0,30.0,,,224.0,,633.0,,
MIR,2024-02-01 15:00:00,15,1,2,0.054,,,,,0.292,12.0,7.7,23.0,31.0,,,216.0,,632.0,,
MIR,2024-02-01 16:00:00,16,1,2,0.053,,,,,0.326,23.0,3.1,23.0,31.0,,,212.0,,631.0,,
MIR,2024-02-01 17:00:00,17,1,2,0.05,,,,,0.303,17.0,2.4,23.0,31.0,,,211.0,,631.0,,
MIR,2024-02-01 18:00:00,18,1,2,0.049,,,,,0.355,22.0,7.0,23.0,30.0,,,219.0,,631.0,,
MIR,2024-02-01 19:00:00,19,1,2,0.036,,,,,0.579,36.0,16.5,23.0,28.0,,,221.0,,631.0,,
MIR,2024-02-01 20:00:00,20,1,2,0.023,,,,,0.751,62.0,12.0,23.0,26.0,,,231.0,,632.0,,
MIR,2024-02-01 21:00:00,21,1,2,0.025,,,,,0.446,55.0,9.7,23.0,25.0,,,233.0,,633.0,,
MIR,2024-02-01 22:00:00,22,1,2,0.029,,,,,0.327,55.0,13.8,24.0,23.0,,,216.0,,633.0,,
MIR,2024-02-01 23:00:00,23,1,2,0.035,,,,,0.313,40.0,10.5,23.0,22.0,,,55.0,,633.0,,
MIR,2024-02-02 00:00:00,0,2,2,0.035,,,,,0.311,30.0,10.3,23.0,22.0,,,44.0,,633.0,,
MIR,2024-02-02 01:00:00,1,2,2,0.038,,,,,0.289,25.0,5.3,23.0,21.0,,,54.0,,633.0,,
MIR,2024-02-02 02:00:00,2,2,2,0.035,,,,,0.314,21.0,6.3,23.0,20.0,,,51.0,,633.0,,
MIR,2024-02-02 03:00:00,3,2,2,0.024,,,,,0.392,23.0,10.9,24.0,19.0,,0.0,50.0,,633.0,,
MIR,2024-02-02 04:00:00,4,2,2,0.015,,,,,0.467,24.0,11.0,24.0,19.0,,0.0,55.0,,633.0,,
MIR,2024-02-02 05:00:00,5,2,2,0.014,,,,,0.397,40.0,18.0,24.0,18.0,,0.1,56.0,,632.0,,
MIR,2024-02-02 06:00:00,6,2,2,0.013,,,,,0.758,33.0,20.4,24.0,17.0,,0.1,51.0,,632.0,,
MIR,2024-02-02 07:00:00,7,2,2,0.0,,,,,0.676,67.0,22.9,24.0,16.0,,,60.0,,632.0,,
MIR,2024-02-02 08:00:00,8,2,2,0.0,,,,,1.966,102.0,41.6,24.0,16.0,,,59.0,,633.0,,
MIR,2024-02-02 09:00:00,9,2,2,0.005,,,,,0.688,107.0,37.0,24.0,18.0,,,51.0,,633.0,,
MIR,2024-02-02 10:00:00,10,2,2,0.025,,,,,,74.0,23.5,23.0,22.0,,,45.0,,633.0,,
MIR,2024-02-02 11:00:00,11,2,2,0.037,,,,,0.337,41.0,19.9,23.0,24.0,,,159.0,,633.0,,
MIR,2024-02-02 12:00:00,12,2,2,0.046,,,,,0.237,30.0,18.2,23.0,26.0,,,248.0,,633.0,,
MIR,2024-02-02 13:00:00,13,2,2,0.046,,,,,0.284,82.0,16.3,23.0,28.0,,,215.0,,632.0,,
MIR,2024-02-02 14:00:00,14,2,2,0.044,,,,,0.377,,29.8,23.0,28.0,,,226.0,,631.0,,
MIR,2024-02-02 15:00:00,15,2,2,0.047,,,,,0.266,,10.2,23.0,29.0,,,227.0,,630.0,,
MIR,2024-02-02 16:00:00,16,2,2,0.046,,,,,0.29,66.0,1.5,23.0,29.0,,,224.0,,630.0,,
MIR,2024-02-02 17:00:00,17,2,2,0.044,,,,,0.365,42.0,6.3,23.0,29.0,,,219.0,,630.0,,
MIR,2024-02-02 18:00:00,18,2,2,0.04,,,,,0.437,35.0,10.9,23.0,28.0,,,228.0,,630.0,,
MIR,2024-02-02 19:00:00,19,2,2,0.029,,,,,0.47,39.0,4.9,23.0,26.0,,,247.0,,630.0,,
MIR,2024-02-02 20:00:00,20,2,2,0.023,,,,,0.539,31.0,,23.0,24.0,,,237.0,,630.0,,
MIR,2024-02-02 21:00:00,21,2,2,0.021,,,,,0.498,38.0,12.6,23.0,22.0,,,354.0,,631.0,,
MIR,2024-02-02 22:00:00,22,2,2,0.027,,,,,0.35,34.0,7.0,24.0,21.0,,,63.0,,631.0,,
MIR,2024-02-02 23:00:00,23,2,2,0.027,,,,,0.369,29.0,9.3,24.0,20.0,,,89.0,,631.0,,
MIR,2024-02-03 00:00:00,0,3,2,0.027,,,,,0.325,8.0,4.6,23.0,19.0,,,35.0,,631.0,,
MIR,2024-02-03 01:00:00,1,3,2,0.021,,,,,0.375,,9.1,24.0,17.0,,,32.0,,631.0,,
MIR,2024-02-03 02:00:00,2,3,2,0.022,,,,,0.344,8.0,3.9,24.0,17.0,,,84.0,,631.0,,
MIR,2024-02-03 03:00:00,3,3,2,0.028,,,,,0.29,13.0,6.7,24.0,16.0,,,76.0,,631.0,,
MIR,2024-02-03 04:00:00,4,3,2,0.028,,,,,0.27,12.0,8.3,24.0,16.0,,,41.0,,631.0,,
MIR,2024-02-03 05:00:00,5,3,2,0.023,,,,,0.328,9.0,4.3,24.0,14.0,,,44.0,,631.0,,
MIR,2024-02-03 06:00:00,6,3,2,0.006,,,,,0.508,10.0,4.8,24.0,13.0,,,68.0,,631.0,,
MIR,2024-02-03 07:00:00,7,3,2,0.002,,,,,0.508,22.0,8.3,24.0,14.0,,,51.0,,631.0,,
MIR,2024-02-03 08:00:00,8,3,2,0.004,,,,,0.52,24.0,13.7,24.0,13.0,,,53.0,,631.0,,
MIR,2024-02-03 09:00:00,9,3,2,0.014,,,,,0.458,29.0,17.3,23.0,16.0,,0.1,39.0,,632.0,,
MIR,2024-02-03 10:00:00,10,3,2,0.024,,,,,0.356,22.0,16.0,23.0,18.0,,0.0,63.0,,632.0,,
MIR,2024-02-03 11:00:00,11,3,2,0.031,,,,,0.291,21.0,12.1,23.0,21.0,,,86.0,,632.0,,
MIR,2024-02-03 12:00:00,12,3,2,0.037,,,,,0.202,28.0,6.6,23.0,22.0,,,140.0,,631.0,,
MIR,2024-02-03 13:00:00,13,3,2,0.04,,,,,0.307,27.0,5.4,23.0,24.0,,,219.0,,631.0,,
MIR,2024-02-03 14:00:00,14,3,2,0.043,,,,,0.299,31.0,12.0,23.0,25.0,,,226.0,,630.0,,
MIR,2024-02-03 15:00:00,15,3,2,0.047,,,,,0.323,31.0,3.6,23.0,27.0,,,236.0,,630.0,,
MIR,2024-02-03 16:00:00,16,3,2,0.048,,,,,0.32,35.0,2.6,23.0,27.0,,,223.0,,629.0,,
MIR,2024-02-03 17:00:00,17,3,2,0.044,,,,,0.352,26.0,3.4,23.0,28.0,,,223.0,,629.0,,
MIR,2024-02-03 18:00:00,18,3,2,0.043,,,,,0.366,26.0,4.5,23.0,27.0,,,232.0,,629.0,,
MIR,2024-02-03 19:00:00,19,3,2,0.039,,,,,0.381,27.0,,23.0,25.0,,,264.0,,629.0,,
MIR,2024-02-03 20:00:00,20,3,2,0.028,,,,,0.503,18.0,0.8,23.0,22.0,,,170.0,,630.0,,
MIR,2024-02-03 21:00:00,21,3,2,0.026,,,,,0.419,19.0,2.8,24.0,20.0,,,249.0,,630.0,,
MIR,2024-02-03 22:00:00,22,3,2,0.01,,,,,0.764,20.0,9.4,23.0,18.0,,,123.0,,631.0,,
MIR,2024-02-03 23:00:00,23,3,2,0.016,,,,,0.521,36.0,14.9,23.0,17.0,,,176.0,,631.0,,
MIR,2024-02-04 00:00:00,0,4,2,0.007,,,,,0.77,31.0,7.4,23.0,16.0,,0.0,197.0,,631.0,,
MIR,2024-02-04 01:00:00,1,4,2,0.001,,,,,0.955,22.0,20.3,24.0,14.0,,,313.0,,631.0,,
MIR,2024-02-04 02:00:00,2,4,2,0.01,,,,,0.48,28.0,9.1,23.0,14.0,,,140.0,,631.0,,
MIR,2024-02-04 03:00:00,3,4,2,0.007,,,,,0.589,24.0,17.8,24.0,12.0,,,33.0,,631.0,,
MIR,2024-02-04 04:00:00,4,4,2,0.002,,,,,0.94,45.0,39.6,24.0,11.0,,,116.0,,631.0,,
MIR,2024-02-04 05:00:00,5,4,2,0.001,,,,,1.491,112.0,87.5,24.0,11.0,,,4.0,,631.0,,
MIR,2024-02-04 06:00:00,6,4,2,0.0,,,,,1.602,189.0,110.4,24.0,10.0,,0.0,354.0,,631.0,,
MIR,2024-02-04 07:00:00,7,4,2,0.0,,,,,0.841,154.0,74.9,24.0,9.0,,0.1,348.0,,631.0,,
MIR,2024-02-04 08:00:00,8,4,2,0.0,,,,,1.121,132.0,63.3,24.0,9.0,,0.0,101.0,,631.0,,
MIR,2024-02-04 09:00:00,9,4,2,0.003,,,,,0.952,118.0,55.3,24.0,12.0,,0.0,53.0,,632.0,,
MIR,2024-02-04 10:00:00,10,4,2,0.016,,,,,0.567,119.0,89.2,23.0,17.0,,,7.0,,632.0,,
MIR,2024-02-04 11:00:00,11,4,2,0.03,,,,,0.703,123.0,62.0,23.0,20.0,,,165.0,,632.0,,
MIR,2024-02-04 12:00:00,12,4,2,0.056,,,,,0.473,75.0,36.0,22.0,23.0,,,194.0,,632.0,,
MIR,2024-02-04 13:00:00,13,4,2,0.073,,,,,0.457,50.0,10.3,22.0,26.0,,,217.0,,631.0,,
MIR,2024-02-04 14:00:00,14,4,2,0.066,,,,,0.207,24.0,,23.0,29.0,,,214.0,,630.0,,
MIR,2024-02-04 15:00:00,15,4,2,0.052,,,,,0.303,19.0,,23.0,30.0,,,220.0,,630.0,,
MIR,2024-02-04 16:00:00,16,4,2,0.051,,,,,0.293,10.0,,23.0,30.0,,,214.0,,629.0,,
MIR,2024-02-04 17:00:00,17,4,2,0.055,,,,,0.378,9.0,,23.0,30.0,,,220.0,,629.0,,
MIR,2024-02-04 18:00:00,18,4,2,0.053,,,,,0.377,12.0,,23.0,29.0,,,222.0,,629.0,,
MIR,2024-02-04 19:00:00,19,4,2,0.042,,,,,0.446,20.0,,23.0,27.0,,,230.0,,630.0,,
MIR,2024-02-04 20:00:00,20,4,2,0.024,,,,,0.725,18.0,,23.0,24.0,,,246.0,,630.0,,
MIR,2024-02-04 21:00:00,21,4,2,0.022,,,,,0.612,20.0,8.3,23.0,22.0,,,226.0,,631.0,,
MIR,2024-02-04 22:00:00,22,4,2,0.026,,,,,0.521,26.0,3.4,23.0,21.0,,,177.0,,631.0,,
MIR,2024-02-04 23:00:00,23,4,2,0.014,,,,,0.866,34.0,15.2,23.0,19.0,,,4.0,,632.0,,
MIR,2024-02-05 00:00:00,0,5,2,,,,,,1.434,58.0,16.4,23.0,16.0,,,192.0,,632.0,,
MIR,2024-02-05 01:00:00,1,5,2,,,,,,1.102,47.0,28.1,24.0,15.0,,,129.0,,632.0,,
MIR,2024-02-05 02:00:00,2,5,2,,,,,,0.747,47.0,27.9,24.0,14.0,,,199.0,,632.0,,
MIR,2024-02-05 03:00:00,3,5,2,,,,,,0.724,53.0,31.9,24.0,13.0,,,2.0,,632.0,,
MIR,2024-02-05 04:00:00,4,5,2,,,,,,0.783,72.0,35.8,24.0,12.0,,0.1,59.0,,632.0,,
MIR,2024-02-05 05:00:00,5,5,2,,,,,,0.856,68.0,20.8,24.0,11.0,,0.0,189.0,,632.0,,
MIR,2024-02-05 06:00:00,6,5,2,,,,,,0.92,50.0,29.9,24.0,10.0,,0.0,301.0,,632.0,,
MIR,2024-02-05 07:00:00,7,5,2,,,,,,0.879,58.0,28.3,24.0,11.0,,0.0,288.0,,633.0,,
MIR,2024-02-05 08:00:00,8,5,2,0.001,,,,,0.711,63.0,32.7,24.0,11.0,,,233.0,,633.0,,
MIR,2024-02-05 09:00:00,9,5,2,0.01,,,,,0.367,61.0,25.0,23.0,15.0,,,179.0,,634.0,,
MIR,2024-02-05 10:00:00,10,5,2,0.021,,,,,0.406,70.0,32.2,23.0,18.0,,,238.0,,634.0,,
MIR,2024-02-05 11:00:00,11,5,2,0.036,,,,,0.236,65.0,11.9,23.0,21.0,,,227.0,,634.0,,
MIR,2024-02-05 12:00:00,12,5,2,0.04,,,,,0.18,44.0,10.5,23.0,24.0,,,220.0,,634.0,,
MIR,2024-02-05 13:00:00,13,5,2,0.044,,,,,0.358,39.0,5.5,22.0,27.0,,,224.0,,633.0,,
MIR,2024-02-05 14:00:00,14,5,2,0.05,,,,,0.373,44.0,0.6,23.0,29.0,,,207.0,,632.0,,
MIR,2024-02-05 15:00:00,15,5,2,0.054,,,,,0.342,37.0,27.0,22.0,31.0,,,219.0,,631.0,,
MIR,2024-02-05 16:00:00,16,5,2,0.051,,,,,0.333,31.0,3.4,23.0,32.0,,,207.0,,630.0,,
MIR,2024-02-05 17:00:00,17,5,2,0.051,,,,,0.387,26.0,8.2,23.0,32.0,,,213.0,,630.0,,
MIR,2024-02-05 18:00:00,18,5,2,0.049,,,,,0.384,23.0,0.6,23.0,32.0,,,225.0,,630.0,,
MIR,2024-02-05 19:00:00,19,5,2,0.029,,,,,0.82,31.0,3.8,23.0,30.0,,,231.0,,631.0,,
MIR,2024-02-05 20:00:00,20,5,2,0.0,,,,,2.507,55.0,17.7,23.0,25.0,,,214.0,,631.0,,
MIR,2024-02-05 21:00:00,21,5,2,0.001,,,,,1.078,100.0,52.4,23.0,22.0,,,211.0,,631.0,,
MIR,2024-02-05 22:00:00,22,5,2,0.001,,,,,1.144,126.0,44.5,23.0,20.0,,0.1,272.0,,632.0,,
MIR,2024-02-05 23:00:00,23,5,2,0.004,,,,,1.11,98.0,40.6,23.0,19.0,,0.0,310.0,,632.0,,
MIR,2024-02-06 00:00:00,0,6,2,0.0,,,,,2.252,117.0,48.4,24.0,17.0,,0.1,198.0,,632.0,,
MIR,2024-02-06 01:00:00,1,6,2,0.0,,,,,0.643,92.0,30.5,24.0,16.0,,0.0,260.0,,633.0,,
MIR,2024-02-06 02:00:00,2,6,2,0.002,,,,,0.193,81.0,51.8,24.0,16.0,,,155.0,,633.0,,
MIR,2024-02-06 03:00:00,3,6,2,0.001,,,,,1.385,170.0,88.1,24.0,16.0,,,249.0,,633.0,,
MIR,2024-02-06 04:00:00,4,6,2,0.006,,,,,0.242,191.0,45.1,24.0,15.0,,,202.0,,633.0,,
MIR,2024-02-06 05:00:00,5,6,2,0.005,,,,,0.384,88.0,21.9,24.0,15.0,,,283.0,,633.0,,
MIR,2024-02-06 06:00:00,6,6,2,0.001,,,,,0.533,71.0,14.9,24.0,14.0,,0.0,229.0,,633.0,,
MIR,2024-02-06 07:00:00,7,6,2,,,,,,1.435,108.0,25.5,24.0,12.0,,0.0,251.0,,633.0,,
MIR,2024-02-06 08:00:00,8,6,2,,,,,,2.748,116.0,34.3,24.0,12.0,,0.0,228.0,,634.0,,
MIR,2024-02-06 09:00:00,9,6,2,0.002,,,,,0.946,99.0,30.0,23.0,16.0,,,161.0,,634.0,,
MIR,2024-02-06 10:00:00,10,6,2,0.013,,,,,,84.0,29.6,23.0,20.0,,,157.0,,634.0,,
MIR,2024-02-06 11:00:00,11,6,2,0.023,,,,,0.519,68.0,37.0,22.0,23.0,,,229.0,,634.0,,
MIR,2024-02-06 12:00:00,12,6,2,0.034,,,,,0.468,77.0,19.9,22.0,26.0,,,225.0,,634.0,,
MIR,2024-02-06 13:00:00,13,6,2,0.046,,,,,0.437,63.0,22.0,22.0,29.0,,,224.0,,633.0,,
MIR,2024-02-06 14:00:00,14,6,2,0.06,,,,,0.375,56.0,13.2,22.0,31.0,,0.0,213.0,,632.0,,
MIR,2024-02-06 15:00:00,15,6,2,0.069,,,,,0.395,53.0,18.1,22.0,33.0,,0.1,215.0,,631.0,,
MIR,2024-02-06 16:00:00,16,6,2,0.081,,,,,0.348,61.0,9.5,23.0,34.0,,0.1,213.0,,630.0,,
MIR,2024-02-06 17:00:00,17,6,2,0.077,,,,,0.387,49.0,19.8,23.0,34.0,,0.1,219.0,,630.0,,
MIR,2024-02-06 18:00:00,18,6,2,0.081,,,,,0.454,46.0,28.9,23.0,33.0,,0.0,211.0,,630.0,,
MIR,2024-02-06 19:00:00,19,6,2,0.033,,,,,1.319,52.0,,23.0,31.0,,,212.0,,630.0,,
MIR,2024-02-06 20:00:00,20,6,2,0.017,,,,,1.582,67.0,15.1,23.0,27.0,,,238.0,,631.0,,
MIR,2024-02-06 21:00:00,21,6,2,0.015,,,,,1.365,81.0,42.7,23.0,25.0,,,236.0,,631.0,,
MIR,2024-02-06 22:00:00,22,6,2,0.05,,,,,0.184,84.0,25.7,23.0,25.0,,,223.0,,632.0,,
MIR,2024-02-06 23:00:00,23,6,2,0.047,,,,,0.332,62.0,20.2,23.0,24.0,,,274.0,,632.0,,
MIR,2024-02-07 00:00:00,0,7,2,0.05,,,,,0.217,48.0,9.6,23.0,24.0,,,287.0,,632.0,,
MIR,2024-02-07 01:00:00,1,7,2,0.029,,,,,0.527,44.0,6.3,23.0,22.0,,,135.0,,632.0,,
MIR,2024-02-07 02:00:00,2,7,2,0.015,,,,,0.58,40.0,17.4,24.0,19.0,,,100.0,,633.0,,
MIR,2024-02-07 03:00:00,3,7,2,0.011,,,,,0.559,47.0,23.9,23.0,18.0,,,31.0,,633.0,,
MIR,2024-02-07 04:00:00,4,7,2,0.002,,,,,0.502,77.0,33.2,23.0,16.0,,,38.0,,633.0,,
MIR,2024-02-07 05:00:00,5,7,2,0.001,,,,,0.506,85.0,31.7,24.0,15.0,,,97.0,,633.0,,
MIR,2024-02-07 06:00:00,6,7,2,0.0,,,,,0.825,88.0,45.9,23.0,14.0,,,11.0,,633.0,,
MIR,2024-02-07 07:00:00,7,7,2,0.001,,,,,1.323,109.0,61.6,24.0,14.0,,0.1,51.0,,633.0,,
MIR,2024-02-07 08:00:00,8,7,2,0.0,,,,,2.5,189.0,103.9,24.0,13.0,,0.0,25.0,,633.0,,
MIR,2024-02-07 09:00:00,9,7,2,0.002,,,,,1.567,230.0,92.7,23.0,16.0,,0.1,75.0,,634.0,,
MIR,2024-02-07 10:00:00,10,7,2,0.009,,,,,0.983,235.0,91.8,23.0,20.0,,0.1,56.0,,634.0,,
MIR,2024-02-07 11:00:00,11,7,2,0.029,,,,,0.291,197.0,67.3,22.0,23.0,,0.0,210.0,,634.0,,
MIR,2024-02-07 12:00:00,12,7,2,0.047,,,,,0.168,136.0,68.6,22.0,26.0,,0.0,218.0,,634.0,,
MIR,2024-02-07 13:00:00,13,7,2,0.061,,,,,0.392,325.0,84.3,23.0,29.0,,0.0,225.0,,633.0,,
MIR,2024-02-07 14:00:00,14,7,2,0.08,,,,,0.31,161.0,34.1,21.0,31.0,,,212.0,,632.0,,
MIR,2024-02-07 15:00:00,15,7,2,0.079,,,,,0.366,83.0,23.8,20.0,33.0,,,218.0,,631.0,,
MIR,2024-02-07 16:00:00,16,7,2,0.065,,,,,0.268,60.0,11.8,20.0,34.0,,,210.0,,631.0,,
MIR,2024-02-07 17:00:00,17,7,2,0.061,,,,,0.387,41.0,12.8,21.0,33.0,,,101.0,,630.0,,
MIR,2024-02-07 18:00:00,18,7,2,0.051,,,,,0.41,42.0,6.4,21.0,33.0,,,325.0,,630.0,,
MIR,2024-02-07 19:00:00,19,7,2,0.045,,,,,0.583,39.0,7.4,21.0,31.0,,,198.0,,630.0,,
MIR,2024-02-07 20:00:00,20,7,2,0.032,,,,,0.748,52.0,10.9,21.0,26.0,,,210.0,,631.0,,
MIR,2024-02-07 21:00:00,21,7,2,0.008,,,,,1.117,56.0,12.7,21.0,25.0,,,235.0,,631.0,,
MIR,2024-02-07 22:00:00,22,7,2,0.012,,,,,0.792,61.0,17.3,21.0,23.0,,,283.0,,632.0,,
MIR,2024-02-07 23:00:00,23,7,2,0.009,,,,,0.763,58.0,18.2,21.0,21.0,,,54.0,,633.0,,
MIR,2024-02-08 00:00:00,0,8,2,0.009,,,,,0.769,54.0,21.1,21.0,20.0,,0.0,46.0,,633.0,,
MIR,2024-02-08 01:00:00,1,8,2,0.009,,,,,0.577,46.0,21.9,21.0,18.0,,0.0,28.0,,633.0,,
MIR,2024-02-08 02:00:00,2,8,2,,,,,,0.584,50.0,43.3,21.0,17.0,,,48.0,,633.0,,
MIR,2024-02-08 03:00:00,3,8,2,,,,,,0.407,88.0,36.5,21.0,16.0,,,35.0,,632.0,,
MIR,2024-02-08 04:00:00,4,8,2,,,,,,0.392,91.0,44.3,21.0,16.0,,,59.0,,632.0,,
MIR,2024-02-08 05:00:00,5,8,2,,,,,,0.506,101.0,44.6,21.0,15.0,,,55.0,,632.0,,
MIR,2024-02-08 06:00:00,6,8,2,0.0,,,,,0.739,83.0,31.2,21.0,14.0,,0.0,36.0,,632.0,,
MIR,2024-02-08 07:00:00,7,8,2,0.0,,,,,1.414,69.0,29.2,21.0,13.0,,0.0,50.0,,632.0,,
MIR,2024-02-08 08:00:00,8,8,2,0.001,,,,,2.509,163.0,103.0,21.0,13.0,,,45.0,,633.0,,
MIR,2024-02-08 09:00:00,9,8,2,0.002,,,,,0.844,235.0,108.1,21.0,15.0,,,55.0,,633.0,,
MIR,2024-02-08 10:00:00,10,8,2,0.009,,,,,0.943,165.0,57.7,21.0,20.0,,,54.0,,633.0,,
MIR,2024-02-08 11:00:00,11,8,2,0.026,,,,,0.783,115.0,47.2,21.0,23.0,,,54.0,,634.0,,
MIR,2024-02-08 12:00:00,12,8,2,0.048,,,,,0.299,94.0,34.4,20.0,25.0,,,233.0,,634.0,,
MIR,2024-02-08 13:00:00,13,8,2,0.058,,,,,0.264,71.0,22.2,20.0,28.0,,,219.0,,633.0,,
MIR,2024-02-08 14:00:00,14,8,2,0.063,,,,,0.172,47.0,7.4,20.0,30.0,,,32.0,,632.0,,
MIR,2024-02-08 15:00:00,15,8,2,0.057,,,,,0.321,40.0,20.3,20.0,31.0,,,39.0,,631.0,,
MIR,2024-02-08 16:00:00,16,8,2,0.054,,,,,0.279,32.0,8.0,20.0,32.0,,,46.0,,631.0,,
MIR,2024-02-08 17:00:00,17,8,2,0.055,,,,,0.334,31.0,6.9,21.0,32.0,,,41.0,,631.0,,
MIR,2024-02-08 18:00:00,18,8,2,0.049,,,,,0.369,24.0,4.2,21.0,31.0,,,220.0,,631.0,,
MIR,2024-02-08 19:00:00,19,8,2,0.038,,,,,0.529,14.0,,21.0,29.0,,,215.0,,631.0,,
MIR,2024-02-08 20:00:00,20,8,2,0.011,,,,,0.974,48.0,18.9,21.0,26.0,,,227.0,,631.0,,
MIR,2024-02-08 21:00:00,21,8,2,0.014,,,,,0.611,80.0,20.3,21.0,25.0,,,236.0,,632.0,,
MIR,2024-02-08 22:00:00,22,8,2,0.025,,,,,0.306,53.0,11.9,22.0,24.0,,,202.0,,632.0,,
MIR,2024-02-08 23:00:00,23,8,2,0.011,,,,,0.853,57.0,6.8,21.0,23.0,,,232.0,,632.0,,
MIR,2024-02-09 00:00:00,0,9,2,0.0,,,,,1.211,65.0,25.0,21.0,20.0,,,147.0,,633.0,,
MIR,2024-02-09 01:00:00,1,9,2,0.0,,,,,0.837,79.0,35.3,22.0,18.0,,,307.0,,633.0,,
MIR,2024-02-09 02:00:00,2,9,2,0.004,,,,,0.398,71.0,25.2,22.0,17.0,,,21.0,,633.0,,
MIR,2024-02-09 03:00:00,3,9,2,0.01,,,,,0.371,54.0,30.3,22.0,16.0,,,70.0,,633.0,,
MIR,2024-02-09 04:00:00,4,9,2,0.013,,,,,0.316,35.0,19.2,21.0,15.0,,,54.0,,632.0,,
MIR,2024-02-09 05:00:00,5,9,2,0.0,,,,,0.721,51.0,32.2,21.0,14.0,,0.1,74.0,,632.0,,
MIR,2024-02-09 06:00:00,6,9,2,0.0,,,,,1.29,104.0,71.4,21.0,13.0,,0.1,69.0,,632.0,,
MIR,2024-02-09 07:00:00,7,9,2,0.0,,,,,1.323,151.0,88.7,21.0,13.0,,0.1,54.0,,632.0,,
MIR,2024-02-09 08:00:00,8,9,2,0.001,,,,,2.856,237.0,173.9,21.0,12.0,,0.0,63.0,,632.0,,
MIR,2024-02-09 09:00:00,9,9,2,0.002,,,,,0.633,289.0,119.3,21.0,15.0,,0.0,54.0,,633.0,,
MIR,2024-02-09 10:00:00,10,9,2,0.012,,,,,,185.0,73.3,21.0,19.0,,,20.0,,633.0,,
MIR,2024-02-09 11:00:00,11,9,2,0.028,,,,,0.279,166.0,68.7,21.0,22.0,,,355.0,,633.0,,
MIR,2024-02-09 12:00:00,12,9,2,0.048,,,,,,,,21.0,26.0,,,257.0,,633.0,,
MIR,2024-02-09 13:00:00,13,9,2,0.062,,,,,0.416,,,21.0,28.0,,,238.0,,632.0,,
MIR,2024-02-09 14:00:00,14,9,2,0.067,,,,,0.366,,,22.0,31.0,,,218.0,,631.0,,
MIR,2024-02-09 15:00:00,15,9,2,0.085,,,,,0.421,,,22.0,32.0,,,64.0,,630.0,,
MIR,2024-02-09 16:00:00,16,9,2,0.092,,,,,0.44,,,19.0,33.0,,,42.0,,629.0,,
MIR,2024-02-09 17:00:00,17,9,2,0.091,,,,,0.387,,,21.0,34.0,,,185.0,,629.0,,
MIR,2024-02-09 18:00:00,18,9,2,0.068,,,,,0.377,,,20.0,33.0,,,34.0,,629.0,,
MIR,2024-02-09 19:00:00,19,9,2,0.038,,,,,0.613,,,21.0,31.0,,,44.0,,629.0,,
MIR,2024-02-09 20:00:00,20,9,2,0.029,,,,,0.672,,,22.0,27.0,,,18.0,,629.0,,
MIR,2024-02-09 21:00:00,21,9,2,0.04,,,,,0.509,,,21.0,25.0,,,299.0,,630.0,,
MIR,2024-02-09 22:00:00,22,9,2,0.035,,,,,0.665,155.0,20.0,22.0,23.0,,,40.0,,631.0,,
MIR,2024-02-09 23:00:00,23,9,2,0.031,,,,,0.388,62.0,12.0,22.0,21.0,,,47.0,,632.0,,
MIR,2024-02-10 00:00:00,0,10,2,0.028,,,,,0.444,39.0,10.0,22.0,20.0,,,38.0,,632.0,,
MIR,2024-02-10 01:00:00,1,10,2,0.032,,,,,0.329,36.0,9.0,22.0,19.0,,,43.0,,633.0,,
MIR,2024-02-10 02:00:00,2,10,2,0.015,,,,,0.494,26.0,7.0,22.0,18.0,,,57.0,,633.0,,
MIR,2024-02-10 03:00:00,3,10,2,0.005,,,,,0.363,37.0,15.0,22.0,17.0,,,46.0,,632.0,,
MIR,2024-02-10 04:00:00,4,10,2,0.02,,,,,0.25,39.0,20.0,22.0,17.0,,,66.0,,632.0,,
MIR,2024-02-10 05:00:00,5,10,2,0.012,,,,,0.435,39.0,17.0,22.0,16.0,,0.1,55.0,,632.0,,
MIR,2024-02-10 06:00:00,6,10,2,0.002,,,,,0.834,51.0,25.9,22.0,16.0,,0.0,59.0,,632.0,,
MIR,2024-02-10 07:00:00,7,10,2,0.0,,,,,1.144,78.0,42.9,22.0,15.0,,0.0,59.0,,632.0,,
MIR,2024-02-10 08:00:00,8,10,2,0.001,,,,,1.16,92.0,45.0,22.0,15.0,,0.1,60.0,,632.0,,
MIR,2024-02-10 09:00:00,9,10,2,0.004,,,,,0.822,105.0,52.0,22.0,16.0,,0.0,52.0,,633.0,,
MIR,2024-02-10 10:00:00,10,10,2,0.019,,,,,0.238,139.0,65.9,22.0,20.0,,0.0,65.0,,633.0,,
MIR,2024-02-10 11:00:00,11,10,2,0.037,,,,,0.279,69.0,30.2,22.0,23.0,,,327.0,,633.0,,
MIR,2024-02-10 12:00:00,12,10,2,0.047,,,,,0.2,62.0,24.0,21.0,26.0,,,40.0,,633.0,,
MIR,2024-02-10 13:00:00,13,10,2,0.055,,,,,0.256,71.0,22.0,21.0,28.0,,,224.0,,632.0,,
MIR,2024-02-10 14:00:00,14,10,2,0.051,,,,,0.194,44.0,6.1,21.0,30.0,,,39.0,,631.0,,
MIR,2024-02-10 15:00:00,15,10,2,0.046,,,,,0.31,38.0,5.0,21.0,31.0,,,49.0,,630.0,,
MIR,2024-02-10 16:00:00,16,10,2,0.044,,,,,0.334,27.0,6.0,21.0,32.0,,,51.0,,629.0,,
MIR,2024-02-10 17:00:00,17,10,2,0.037,,,,,0.392,67.0,11.0,21.0,30.0,,,212.0,,630.0,,
MIR,2024-02-10 18:00:00,18,10,2,0.037,,,,,0.425,47.0,9.0,22.0,28.0,,,231.0,,630.0,,
MIR,2024-02-10 19:00:00,19,10,2,0.035,,,,,0.404,33.0,9.0,22.0,26.0,,,72.0,,630.0,,
MIR,2024-02-10 20:00:00,20,10,2,0.033,,,,,0.507,44.0,8.0,22.0,23.0,,,57.0,,631.0,,
MIR,2024-02-10 21:00:00,21,10,2,0.031,,,,,0.44,52.0,12.0,22.0,22.0,,,64.0,,631.0,,
MIR,2024-02-10 22:00:00,22,10,2,0.028,,,,,0.455,37.0,13.0,22.0,22.0,,,45.0,,632.0,,
MIR,2024-02-10 23:00:00,23,10,2,0.03,,,,,0.333,35.0,13.0,22.0,21.0,,,51.0,,632.0,,
MIR,2024-02-11 00:00:00,0,11,2,0.027,,,,,0.382,36.0,9.0,22.0,21.0,,,42.0,,632.0,,
MIR,2024-02-11 01:00:00,1,11,2,0.027,,,,,0.388,29.0,13.0,22.0,20.0,,,41.0,,632.0,,
MIR,2024-02-11 02:00:00,2,11,2,0.022,,,,,0.436,28.0,9.0,22.0,18.0,,,45.0,,631.0,,
MIR,2024-02-11 03:00:00,3,11,2,0.016,,,,,0.414,22.0,7.0,22.0,17.0,,,45.0,,631.0,,
MIR,2024-02-11 04:00:00,4,11,2,0.012,,,,,0.458,25.0,12.0,22.0,16.0,,,56.0,,631.0,,
MIR,2024-02-11 05:00:00,5,11,2,0.005,,,,,0.593,30.0,15.0,22.0,15.0,,,58.0,,631.0,,
MIR,2024-02-11 06:00:00,6,11,2,0.001,,,,,0.839,42.0,17.0,22.0,15.0,,0.1,44.0,,631.0,,
MIR,2024-02-11 07:00:00,7,11,2,0.001,,,,,0.708,81.0,31.9,22.0,15.0,,0.0,53.0,,631.0,,
MIR,2024-02-11 08:00:00,8,11,2,0.001,,,,,1.21,,47.9,22.0,15.0,,0.0,54.0,,631.0,,
MIR,2024-02-11 09:00:00,9,11,2,0.001,,,,,1.057,,50.0,22.0,16.0,,0.0,64.0,,631.0,,
MIR,2024-02-11 10:00:00,10,11,2,0.008,,,,,0.485,,45.0,22.0,18.0,,,53.0,,632.0,,
MIR,2024-02-11 11:00:00,11,11,2,0.026,,,,,0.52,,29.1,22.0,21.0,,,41.0,,632.0,,
MIR,2024-02-11 12:00:00,12,11,2,0.045,,,,,0.24,,23.0,22.0,25.0,,,218.0,,632.0,,
MIR,2024-02-11 13:00:00,13,11,2,0.046,,,,,0.265,,12.1,21.0,26.0,,,13.0,,631.0,,
MIR,2024-02-11 14:00:00,14,11,2,0.044,,,,,0.277,,8.0,21.0,26.0,,,44.0,,630.0,,
MIR,2024-02-11 15:00:00,15,11,2,0.045,,,,,0.323,,4.0,22.0,26.0,,,34.0,,630.0,,
MIR,2024-02-11 16:00:00,16,11,2,0.045,,,,,0.327,,6.0,22.0,26.0,,,333.0,,629.0,,
MIR,2024-02-11 17:00:00,17,11,2,0.045,,,,,0.323,,6.0,22.0,26.0,,,217.0,,629.0,,
MIR,2024-02-11 18:00:00,18,11,2,0.044,,,,,0.338,,6.0,22.0,26.0,,,218.0,,629.0,,
MIR,2024-02-11 19:00:00,19,11,2,0.036,,,,,0.451,,5.0,22.0,25.0,,,284.0,,630.0,,
MIR,2024-02-11 20:00:00,20,11,2,0.024,,,,,0.657,,7.0,22.0,23.0,,,246.0,,630.0,,
MIR,2024-02-11 21:00:00,21,11,2,0.026,,,,,0.477,,9.0,22.0,22.0,,0.0,360.0,,631.0,,
MIR,2024-02-11 22:00:00,22,11,2,0.018,,,,,0.618,,8.0,22.0,20.0,,0.0,179.0,,631.0,,
MIR,2024-02-11 23:00:00,23,11,2,0.012,,,,,0.646,,13.0,22.0,19.0,,0.1,59.0,,632.0,,
MIR,2024-02-12 00:00:00,0,12,2,0.013,,,,,0.621,,9.0,22.0,18.0,,0.0,39.0,,632.0,,
MIR,2024-02-12 01:00:00,1,12,2,0.008,,,,,0.568,,12.0,22.0,17.0,,0.0,49.0,,632.0,,
MIR,2024-02-12 02:00:00,2,12,2,0.002,,,,,0.61,,16.0,22.0,17.0,,0.0,58.0,,631.0,,
MIR,2024-02-12 03:00:00,3,12,2,0.0,,,,,0.679,,28.9,22.0,16.0,,,51.0,,631.0,,
MIR,2024-02-12 04:00:00,4,12,2,0.0,,,,,0.791,,35.0,22.0,16.0,,,46.0,,631.0,,
MIR,2024-02-12 05:00:00,5,12,2,0.0,,,,,0.836,,59.8,22.0,15.0,,,62.0,,631.0,,
MIR,2024-02-12 06:00:00,6,12,2,0.001,,,,,1.203,,74.0,22.0,15.0,,,58.0,,631.0,,
MIR,2024-02-12 07:00:00,7,12,2,0.0,,,,,1.032,,95.9,22.0,15.0,,0.0,41.0,,631.0,,
MIR,2024-02-12 08:00:00,8,12,2,0.0,,,,,1.828,,55.2,22.0,16.0,,0.0,72.0,,632.0,,
MIR,2024-02-12 09:00:00,9,12,2,0.0,,,,,1.429,,47.7,22.0,16.0,,0.0,63.0,,632.0,,
MIR,2024-02-12 10:00:00,10,12,2,0.003,,,,,0.825,,47.5,22.0,18.0,,0.1,59.0,,632.0,,
MIR,2024-02-12 11:00:00,11,12,2,0.018,,,,,0.353,,52.9,22.0,21.0,,0.0,125.0,,632.0,,
MIR,2024-02-12 12:00:00,12,12,2,0.019,,,,,0.613,,25.0,24.0,22.0,,0.1,228.0,,632.0,,
MIR,2024-02-12 13:00:00,13,12,2,,,,,,,,,,,,,,,,,
MIR,2024-02-12 14:00:00,14,12,2,0.03,,,,,0.71,,,24.0,23.0,,0.1,231.0,,631.0,,
MIR,2024-02-12 15:00:00,15,12,2,,,,,,,,,,,,,,,,,
MIR,2024-02-12 16:00:00,16,12,2,0.027,,,,,0.675,103.0,28.0,23.0,24.0,,0.0,228.0,,631.0,,
MIR,2024-02-12 17:00:00,17,12,2,0.028,,,,,0.182,100.0,30.0,24.0,24.0,,0.0,241.0,,631.0,,
MIR,2024-02-12 18:00:00,18,12,2,0.02,,,,,0.675,102.0,22.0,24.0,23.0,,,31.0,,631.0,,
MIR,2024-02-12 19:00:00,19,12,2,0.005,,,,,0.981,83.0,16.0,24.0,22.0,,,40.0,,632.0,,
MIR,2024-02-12 20:00:00,20,12,2,0.011,,,,,0.565,91.0,23.9,23.0,21.0,,,35.0,,632.0,,
MIR,2024-02-12 21:00:00,21,12,2,0.018,,,,,0.366,71.0,24.0,23.0,21.0,,,48.0,,633.0,,
MIR,2024-02-12 22:00:00,22,12,2,0.036,,,,,0.229,61.0,15.1,23.0,19.0,,,64.0,,634.0,,
MIR,2024-02-12 23:00:00,23,12,2,0.039,,,,,0.155,53.0,7.1,23.0,19.0,,,65.0,,634.0,,
MIR,2024-02-13 00:00:00,0,13,2,0.035,,,,,0.344,52.0,4.0,24.0,18.0,,,58.0,,633.0,,
MIR,2024-02-13 01:00:00,1,13,2,0.032,,,,,0.321,23.0,7.0,23.0,17.0,,,57.0,,633.0,,
MIR,2024-02-13 02:00:00,2,13,2,0.03,,,,,0.313,28.0,6.0,23.0,17.0,,,46.0,,633.0,,
MIR,2024-02-13 03:00:00,3,13,2,0.014,,,,,0.387,9.0,4.0,24.0,16.0,,,56.0,,633.0,,
MIR,2024-02-13 04:00:00,4,13,2,0.018,,,,,0.336,17.0,7.0,23.0,16.0,,,39.0,,633.0,,
MIR,2024-02-13 05:00:00,5,13,2,0.015,,,,,0.403,19.0,9.0,23.0,16.0,,0.1,53.0,,633.0,,
MIR,2024-02-13 06:00:00,6,13,2,0.001,,,,,0.726,25.0,9.0,23.0,15.0,,0.1,48.0,,633.0,,
MIR,2024-02-13 07:00:00,7,13,2,0.0,,,,,1.295,48.0,20.9,23.0,15.0,,0.0,49.0,,634.0,,
MIR,2024-02-13 08:00:00,8,13,2,0.001,,,,,1.141,100.0,32.0,23.0,16.0,,,55.0,,634.0,,
MIR,2024-02-13 09:00:00,9,13,2,0.009,,,,,0.692,113.0,24.1,23.0,18.0,,,231.0,,634.0,,
MIR,2024-02-13 10:00:00,10,13,2,0.022,,,,,0.31,139.0,33.0,23.0,20.0,,,200.0,,635.0,,
MIR,2024-02-13 11:00:00,11,13,2,0.031,,,,,0.234,45.0,6.2,23.0,22.0,,,204.0,,635.0,,
MIR,2024-02-13 12:00:00,12,13,2,0.042,,,,,0.387,50.0,5.0,24.0,23.0,,0.0,228.0,,634.0,,
MIR,2024-02-13 13:00:00,13,13,2,0.041,,,,,0.458,50.0,6.0,23.0,23.0,,0.1,218.0,,633.0,,
MIR,2024-02-13 14:00:00,14,13,2,0.037,,,,,0.43,85.0,12.0,24.0,24.0,,0.1,221.0,,632.0,,
MIR,2024-02-13 15:00:00,15,13,2,,,,,,,,,,,,,,,,,
MIR,2024-02-13 16:00:00,16,13,2,0.03,,,,,0.441,57.0,13.0,24.0,23.0,,0.0,218.0,,632.0,,
MIR,2024-02-13 17:00:00,17,13,2,0.021,,,,,0.647,79.0,16.0,24.0,24.0,,0.1,229.0,,632.0,,
MIR,2024-02-13 18:00:00,18,13,2,0.01,,,,,0.574,49.0,11.0,23.0,22.0,,0.1,293.0,,632.0,,
MIR,2024-02-13 19:00:00,19,13,2,0.004,,,,,0.628,102.0,12.0,23.0,21.0,,0.1,343.0,,633.0,,
MIR,2024-02-13 20:00:00,20,13,2,0.0,,,,,0.959,82.0,19.0,24.0,19.0,,0.0,61.0,,633.0,,
MIR,2024-02-13 21:00:00,21,13,2,0.001,,,,,1.026,69.0,20.0,23.0,18.0,,0.0,42.0,,634.0,,
MIR,2024-02-13 22:00:00,22,13,2,0.001,,,,,0.883,72.0,21.0,23.0,17.0,,0.1,45.0,,634.0,,
MIR,2024-02-13 23:00:00,23,13,2,0.001,,,,,0.776,59.0,21.0,24.0,17.0,,0.0,49.0,,635.0,,
MIR,2024-02-14 00:00:00,0,14,2,0.001,,,,,0.356,47.0,28.0,23.0,17.0,,0.1,53.0,,634.0,,
MIR,2024-02-14 01:00:00,1,14,2,0.0,,,,,0.198,41.0,22.0,23.0,16.0,,0.0,54.0,,634.0,,
MIR,2024-02-14 02:00:00,2,14,2,0.001,,,,,0.425,48.0,22.0,23.0,16.0,,0.1,51.0,,634.0,,
MIR,2024-02-14 03:00:00,3,14,2,0.002,,,,,0.332,24.0,18.0,24.0,16.0,,0.0,66.0,,634.0,,
MIR,2024-02-14 04:00:00,4,14,2,0.0,,,,,0.598,50.0,14.0,23.0,16.0,,0.0,39.0,,633.0,,
MIR,2024-02-14 05:00:00,5,14,2,,,,,,0.974,41.0,17.0,24.0,15.0,,0.1,56.0,,633.0,,
MIR,2024-02-14 06:00:00,6,14,2,0.0,,,,,1.084,41.0,20.0,23.0,15.0,,0.0,55.0,,634.0,,
MIR,2024-02-14 07:00:00,7,14,2,0.0,,,,,1.795,53.0,25.0,23.0,14.0,,0.0,57.0,,634.0,,
MIR,2024-02-14 08:00:00,8,14,2,0.002,,,,,0.743,68.0,17.0,23.0,16.0,,0.1,57.0,,635.0,,
MIR,2024-02-14 09:00:00,9,14,2,0.002,,,,,0.931,75.0,34.0,23.0,18.0,,0.0,65.0,,635.0,,
MIR,2024-02-14 10:00:00,10,14,2,0.004,,,,,0.57,101.0,37.0,23.0,19.0,,0.0,238.0,,636.0,,
MIR,2024-02-14 11:00:00,11,14,2,0.01,,,,,0.096,48.0,16.0,23.0,21.0,,,242.0,,636.0,,
MIR,2024-02-14 12:00:00,12,14,2,0.012,,,,,0.622,63.0,20.0,24.0,21.0,,,228.0,,636.0,,
MIR,2024-02-14 13:00:00,13,14,2,0.019,,,,,0.389,98.0,19.0,24.0,19.0,,,66.0,,635.0,,
MIR,2024-02-14 14:00:00,14,14,2,0.027,,,,,0.418,48.0,14.0,24.0,19.0,,,212.0,,635.0,,
MIR,2024-02-14 15:00:00,15,14,2,0.025,,,,,0.403,35.0,9.0,23.0,18.0,,,125.0,,635.0,,
MIR,2024-02-14 16:00:00,16,14,2,0.024,,,,,0.402,28.0,8.0,24.0,17.0,,0.0,35.0,,635.0,,
MIR,2024-02-14 17:00:00,17,14,2,0.023,,,,,0.451,38.0,8.0,23.0,17.0,,0.1,39.0,,635.0,,
MIR,2024-02-14 18:00:00,18,14,2,0.015,,,,,0.536,22.0,7.0,23.0,16.0,,,34.0,,635.0,,
MIR,2024-02-14 19:00:00,19,14,2,0.009,,,,,0.66,35.0,8.0,23.0,16.0,,,71.0,,636.0,,
MIR,2024-02-14 20:00:00,20,14,2,0.005,,,,,0.693,33.0,10.0,24.0,15.0,,,51.0,,636.0,,
MIR,2024-02-14 21:00:00,21,14,2,0.005,,,,,0.507,34.0,12.0,23.0,15.0,,,50.0,,636.0,,
MIR,2024-02-14 22:00:00,22,14,2,0.003,,,,,0.559,29.0,9.0,23.0,15.0,,,47.0,,636.0,,
MIR,2024-02-14 23:00:00,23,14,2,0.004,,,,,0.57,32.0,9.0,23.0,15.0,,,45.0,,636.0,,
MIR,2024-02-15 00:00:00,0,15,2,0.001,,,,,0.759,28.0,10.0,24.0,15.0,,,48.0,,636.0,,
MIR,2024-02-15 01:00:00,1,15,2,,,,,,0.892,39.0,20.0,23.0,15.0,,,19.0,,636.0,,
MIR,2024-02-15 02:00:00,2,15,2,,,,,,0.89,48.0,20.0,23.0,14.0,,,33.0,,635.0,,
MIR,2024-02-15 03:00:00,3,15,2,,,,,,0.916,67.0,38.0,26.0,14.0,,,52.0,,635.0,,
MIR,2024-02-15 04:00:00,4,15,2,,,,,,0.807,58.0,30.0,,14.0,,0.1,60.0,,634.0,,
MIR,2024-02-15 05:00:00,5,15,2,,,,,,0.855,58.0,32.0,,13.0,,,58.0,,634.0,,
MIR,2024-02-15 06:00:00,6,15,2,,,,,,0.683,39.0,25.0,,13.0,,,50.0,,634.0,,
MIR,2024-02-15 07:00:00,7,15,2,,,,,,1.374,38.0,25.0,,13.0,,,67.0,,635.0,,
MIR,2024-02-15 08:00:00,8,15,2,,,,,,0.883,42.0,25.0,,14.0,,,50.0,,635.0,,
MIR,2024-02-15 09:00:00,9,15,2,0.003,,,,,0.565,57.0,34.0,22.0,16.0,,,58.0,,635.0,,
MIR,2024-02-15 10:00:00,10,15,2,0.002,,,,,0.818,53.0,30.0,22.0,17.0,,,42.0,,635.0,,
MIR,2024-02-15 11:00:00,11,15,2,0.008,,,,,0.381,59.0,27.0,22.0,19.0,,,27.0,,634.0,,
MIR,2024-02-15 12:00:00,12,15,2,0.023,,,,,0.42,48.0,16.0,22.0,22.0,,0.1,313.0,,633.0,,
MIR,2024-02-15 13:00:00,13,15,2,0.039,,,,,0.326,42.0,14.0,22.0,25.0,,0.1,226.0,,632.0,,
MIR,2024-02-15 14:00:00,14,15,2,0.038,,,,,0.421,45.0,16.0,,,,,,,,,
MIR,2024-02-15 15:00:00,15,15,2,0.048,,,,,0.453,47.0,16.0,,,,,,,,,
MIR,2024-02-15 16:00:00,16,15,2,0.04,,,,,0.496,53.0,17.0,,,,,,,,,
MIR,2024-02-15 17:00:00,17,15,2,0.026,,,,,0.561,47.0,17.0,,,,,,,,,
MIR,2024-02-15 18:00:00,18,15,2,0.024,,,,,0.405,52.0,15.0,,,,,,,,,
MIR,2024-02-15 19:00:00,19,15,2,0.015,,,,,0.37,27.0,10.0,,,,,,,,,
MIR,2024-02-15 20:00:00,20,15,2,0.012,,,,,0.442,16.0,8.0,,,,,,,,,
MIR,2024-02-15 21:00:00,21,15,2,0.014,,,,,0.308,15.0,7.0,,,,,,,,,
MIR,2024-02-15 22:00:00,22,15,2,0.014,,,,,0.31,13.0,8.0,,,,,,,,,
MIR,2024-02-15 23:00:00,23,15,2,0.016,,,,,0.269,10.0,7.0,,,,,,,,,
MIR,2024-02-16 00:00:00,0,16,2,0.015,,,,,0.285,6.0,6.0,,,,,,,,,
MIR,2024-02-16 01:00:00,1,16,2,0.011,,,,,0.322,4.0,3.0,,,,,,,,,
MIR,2024-02-16 02:00:00,2,16,2,0.008,,,,,0.308,3.0,1.0,,,,,,,,,
MIR,2024-02-16 03:00:00,3,16,2,0.007,,,,,0.295,5.0,4.0,,,,,,,,,
MIR,2024-02-16 04:00:00,4,16,2,0.005,,,,,0.386,8.0,6.0,,,,,,,,,
MIR,2024-02-16 05:00:00,5,16,2,0.001,,,,,0.543,10.0,4.0,,,,,,,,,
MIR,2024-02-16 06:00:00,6,16,2,,,,,,,,,,,,,,,,,
MIR,2024-02-16 07:00:00,7,16,2,,,,,,,,,,,,,,,,,
MIR,2024-02-16 08:00:00,8,16,2,,,,,,,,,,,,,,,,,
MIR,2024-02-16 09:00:00,9,16,2,,,,,,,,,,,,,,,,,
MIR,2024-02-16 10:00:00,10,16,2,,,,,,,,,,,,,,,,,
MIR,2024-02-16 11:00:00,11,16,2,0.011,,,,,0.199,,,20.0,17.0,,0.0,57.0,,634.0,,
MIR,2024-02-16 12:00:00,12,16,2,0.014,,,,,0.203,,,,,,,,,,,
MIR,2024-02-16 13:00:00,13,16,2,0.016,,,,,0.312,2.0,,,,,,,,,,
MIR,2024-02-16 14:00:00,14,16,2,0.017,,,,,0.298,4.0,,,,,,,,,,
MIR,2024-02-16 15:00:00,15,16,2,0.015,,,,,0.421,6.0,5.0,,,,,,,,,
MIR,2024-02-16 16:00:00,16,16,2,0.009,,,,,0.57,6.0,5.0,,,,,,,,,
MIR,2024-02-16 17:00:00,17,16,2,0.014,,,,,0.401,21.0,6.0,,,,,,,,,
MIR,2024-02-16 18:00:00,18,16,2,0.001,,,,,0.743,12.0,5.0,,,,,,,,,
MIR,2024-02-16 19:00:00,19,16,2,0.0,,,,,1.059,15.0,12.0,,,,,,,,,
MIR,2024-02-16 20:00:00,20,16,2,0.005,,,,,0.315,18.0,,,,,,,,,,
MIR,2024-02-16 21:00:00,21,16,2,0.012,,,,,0.001,15.0,13.0,,,,,,,,,
MIR,2024-02-16 22:00:00,22,16,2,0.009,,,,,0.456,13.0,11.0,,,,,,,,,
MIR,2024-02-16 23:00:00,23,16,2,0.004,,,,,0.479,8.0,7.0,,,,,,,,,
MIR,2024-02-17 00:00:00,0,17,2,0.007,,,,,0.313,10.0,7.0,,,,,,,,,
MIR,2024-02-17 01:00:00,1,17,2,0.004,,,,,0.279,15.0,6.0,,,,,,,,,
MIR,2024-02-17 02:00:00,2,17,2,0.009,,,,,0.352,16.0,9.0,,,,,,,,,
MIR,2024-02-17 03:00:00,3,17,2,0.012,,,,,0.359,16.0,11.0,,,,,,,,,
MIR,2024-02-17 04:00:00,4,17,2,0.017,,,,,0.303,11.0,10.0,,,,,,,,,
MIR,2024-02-17 05:00:00,5,17,2,0.013,,,,,0.417,6.0,6.0,,,,,,,,,
MIR,2024-02-17 06:00:00,6,17,2,0.013,,,,,0.386,,7.0,,,,,,,,,
MIR,2024-02-17 07:00:00,7,17,2,,,,,,0.638,5.0,4.0,,,,,,,,,
MIR,2024-02-17 08:00:00,8,17,2,0.004,,,,,0.603,18.0,8.0,,,,,,,,,
MIR,2024-02-17 09:00:00,9,17,2,0.027,,,,,0.251,23.0,10.0,,,,,,,,,
MIR,2024-02-17 10:00:00,10,17,2,0.032,,,,,0.332,9.0,8.0,,,,,,,,,
MIR,2024-02-17 11:00:00,11,17,2,0.038,,,,,0.287,8.0,6.0,,,,,,,,,
MIR,2024-02-17 12:00:00,12,17,2,0.038,,,,,0.356,19.0,3.0,,,,,,,,,
MIR,2024-02-17 13:00:00,13,17,2,0.046,,,,,0.283,21.0,4.0,,,,,,,,,
MIR,2024-02-17 14:00:00,14,17,2,0.047,,,,,0.334,7.0,2.0,,,,,,,,,
MIR,2024-02-17 15:00:00,15,17,2,0.046,,,,,0.343,9.0,,,,,,,,,,
MIR,2024-02-17 16:00:00,16,17,2,0.044,,,,,0.362,12.0,,,,,,,,,,
MIR,2024-02-17 17:00:00,17,17,2,0.04,,,,,0.41,13.0,0.0,,,,,,,,,
MIR,2024-02-17 18:00:00,18,17,2,0.038,,,,,0.417,16.0,0.0,,,,,,,,,
MIR,2024-02-17 19:00:00,19,17,2,0.013,,,,,0.898,10.0,2.0,,,,,,,,,
MIR,2024-02-17 20:00:00,20,17,2,,,,,,,,,,,,,,,,,
MIR,2024-02-17 21:00:00,21,17,2,,,,,,,,,,,,,,,,,
MIR,2024-02-17 22:00:00,22,17,2,,,,,,,,,,,,,,,,,
MIR,2024-02-17 23:00:00,23,17,2,,,,,,,,,,,,,,,,,
MIR,2024-02-18 00:00:00,0,18,2,,,,,,,,,,,,,,,,,
MIR,2024-02-18 01:00:00,1,18,2,,,,,,,,,,,,,,,,,
MIR,2024-02-18 02:00:00,2,18,2,,,,,,,,,,,,,,,,,
MIR,2024-02-18 03:00:00,3,18,2,,,,,,,,,,,,,,,,,
MIR,2024-02-18 04:00:00,4,18,2,,,,,,,,,,,,,,,,,
MIR,2024-02-18 05:00:00,5,18,2,,,,,,,,,,,,,,,,,
MIR,2024-02-18 06:00:00,6,18,2,,,,,,,,,,,,,,,,,
MIR,2024-02-18 07:00:00,7,18,2,,,,,,,,,,,,,,,,,
MIR,2024-02-18 08:00:00,8,18,2,,,,,,,,,,,,,,,,,
MIR,2024-02-18 09:00:00,9,18,2,,,,,,,,,,,,,,,,,
MIR,2024-02-18 10:00:00,10,18,2,,,,,,,,,,,,,,,,,
MIR,2024-02-18 11:00:00,11,18,2,,,,,,,,,,,,,,,,,
MIR,2024-02-18 12:00:00,12,18,2,,,,,,,,,,,,,,,,,
MIR,2024-02-18 13:00:00,13,18,2,,,,,,,,,,,,,,,,,
MIR,2024-02-18 14:00:00,14,18,2,,,,,,,,,,,,,,,,,
MIR,2024-02-18 15:00:00,15,18,2,,,,,,,,,,,,,,,,,
MIR,2024-02-18 16:00:00,16,18,2,,,,,,,,,,,,,,,,,
MIR,2024-02-18 17:00:00,17,18,2,,,,,,,,,,,,,,,,,
MIR,2024-02-18 18:00:00,18,18,2,,,,,,,,,,,,,,,,,
MIR,2024-02-18 19:00:00,19,18,2,,,,,,,,,,,,,,,,,
MIR,2024-02-18 20:00:00,20,18,2,,,,,,,,,,,,,,,,,
MIR,2024-02-18 21:00:00,21,18,2,,,,,,,,,,,,,,,,,
MIR,2024-02-18 22:00:00,22,18,2,,,,,,,,,,,,,,,,,
MIR,2024-02-18 23:00:00,23,18,2,,,,,,,,,,,,,,,,,
MIR,2024-02-19 00:00:00,0,19,2,,,,,,,,,,,,,,,,,
MIR,2024-02-19 01:00:00,1,19,2,,,,,,,,,,,,,,,,,
MIR,2024-02-19 02:00:00,2,19,2,,,,,,,,,,,,,,,,,
MIR,2024-02-19 03:00:00,3,19,2,,,,,,,,,,,,,,,,,
MIR,2024-02-19 04:00:00,4,19,2,,,,,,,,,,,,,,,,,
MIR,2024-02-19 05:00:00,5,19,2,,,,,,,,,,,,,,,,,
MIR,2024-02-19 06:00:00,6,19,2,,,,,,,,,,,,,,,,,
MIR,2024-02-19 07:00:00,7,19,2,,,,,,,,,,,,,,,,,
MIR,2024-02-19 08:00:00,8,19,2,,,,,,,,,,,,,,,,,
MIR,2024-02-19 09:00:00,9,19,2,,,,,,,,,,,,,,,,,
MIR,2024-02-19 10:00:00,10,19,2,,,,,,,,,,,,,,,,,
MIR,2024-02-19 11:00:00,11,19,2,,,,,,,,,,,,,,,,,
MIR,2024-02-19 12:00:00,12,19,2,,,,,,,,,20.0,28.0,,0.1,112.0,,635.0,,
MIR,2024-02-19 13:00:00,13,19,2,,,,,,,,,21.0,30.0,,0.1,29.0,,635.0,,
MIR,2024-02-19 14:00:00,14,19,2,,,,,,,,,,,,,,,,,
MIR,2024-02-19 15:00:00,15,19,2,0.095,,,,,0.446,,,22.0,32.0,,0.1,49.0,,634.0,,
MIR,2024-02-19 16:00:00,16,19,2,0.08,,,,,0.458,,,22.0,32.0,,0.0,44.0,,633.0,,
MIR,2024-02-19 17:00:00,17,19,2,0.073,,,,,0.443,,,22.0,32.0,,0.1,147.0,,633.0,,
MIR,2024-02-19 18:00:00,18,19,2,0.043,,,,,0.771,,,22.0,30.0,,0.0,44.0,,634.0,,
MIR,2024-02-19 19:00:00,19,19,2,,,,,,2.442,,,22.0,26.0,,0.0,43.0,,634.0,,
MIR,2024-02-19 20:00:00,20,19,2,,,,,,1.146,,,22.0,23.0,,0.0,53.0,,635.0,,
MIR,2024-02-19 21:00:00,21,19,2,,,,,,1.589,,,22.0,21.0,,0.1,40.0,,635.0,,
MIR,2024-02-19 22:00:00,22,19,2,,,,,,1.179,,,22.0,19.0,,0.0,46.0,,635.0,,
MIR,2024-02-19 23:00:00,23,19,2,,,,,,1.254,,,22.0,18.0,,0.0,60.0,,635.0,,
MIR,2024-02-20 00:00:00,0,20,2,,,,,,1.27,,,22.0,17.0,,0.1,55.0,,636.0,,
MIR,2024-02-20 01:00:00,1,20,2,,,,,,0.365,,,22.0,16.0,,,57.0,,635.0,,
MIR,2024-02-20 02:00:00,2,20,2,,,,,,0.616,,,22.0,15.0,,,59.0,,635.0,,
MIR,2024-02-20 03:00:00,3,20,2,,,,,,0.598,,,22.0,14.0,,,51.0,,635.0,,
MIR,2024-02-20 04:00:00,4,20,2,0.0,,,,,0.667,,,22.0,13.0,,,58.0,,635.0,,
MIR,2024-02-20 05:00:00,5,20,2,,,,,,0.944,,,22.0,13.0,,,59.0,,635.0,,
MIR,2024-02-20 06:00:00,6,20,2,0.0,,,,,1.796,,,22.0,12.0,,0.1,71.0,,636.0,,
MIR,2024-02-20 07:00:00,7,20,2,,,,,,,,,22.0,11.0,,0.1,60.0,,637.0,,
MIR,2024-02-20 08:00:00,8,20,2,0.001,,,,,0.877,,,22.0,16.0,,0.0,59.0,,637.0,,
MIR,2024-02-20 09:00:00,9,20,2,0.011,,,,,,,81.0,22.0,21.0,,0.1,63.0,,638.0,,
MIR,2024-02-20 10:00:00,10,20,2,0.033,,,,,0.409,157.0,66.0,21.0,25.0,,0.0,45.0,,638.0,,
MIR,2024-02-20 11:00:00,11,20,2,0.05,,,,,0.266,79.0,29.0,21.0,28.0,,,42.0,,638.0,,
MIR,2024-02-20 12:00:00,12,20,2,0.069,,,,,0.382,79.0,21.0,22.0,31.0,,,36.0,,637.0,,
MIR,2024-02-20 13:00:00,13,20,2,0.08,,,,,0.325,57.0,19.0,21.0,33.0,,,195.0,,636.0,,
MIR,2024-02-20 14:00:00,14,20,2,0.082,,,,,0.328,48.0,12.0,22.0,34.0,,,211.0,,635.0,,
MIR,2024-02-20 15:00:00,15,20,2,0.079,,,,,0.348,38.0,10.0,22.0,35.0,,,212.0,,635.0,,
MIR,2024-02-20 16:00:00,16,20,2,0.076,,,,,0.352,36.0,7.0,22.0,35.0,,,21.0,,635.0,,
MIR,2024-02-20 17:00:00,17,20,2,0.074,,,,,0.366,27.0,8.0,22.0,34.0,,0.0,34.0,,635.0,,
MIR,2024-02-20 18:00:00,18,20,2,0.047,,,,,0.683,26.0,8.0,22.0,32.0,,0.1,224.0,,635.0,,
MIR,2024-02-20 19:00:00,19,20,2,0.014,,,,,1.356,32.0,8.0,22.0,27.0,,0.1,47.0,,635.0,,
MIR,2024-02-20 20:00:00,20,20,2,0.0,,,,,1.462,55.0,15.0,22.0,25.0,,0.0,37.0,,636.0,,
MIR,2024-02-20 21:00:00,21,20,2,0.03,,,,,0.491,79.0,22.0,22.0,25.0,,0.1,45.0,,636.0,,
MIR,2024-02-20 22:00:00,22,20,2,0.035,,,,,0.372,55.0,14.0,22.0,24.0,,0.0,38.0,,637.0,,
MIR,2024-02-20 23:00:00,23,20,2,0.03,,,,,0.393,56.0,16.0,22.0,22.0,,0.1,61.0,,637.0,,
MIR,2024-02-21 00:00:00,0,21,2,0.004,,,,,0.704,32.0,12.0,22.0,20.0,,,60.0,,637.0,,
MIR,2024-02-21 01:00:00,1,21,2,0.0,,,,,0.812,113.0,36.0,22.0,18.0,,,46.0,,637.0,,
MIR,2024-02-21 02:00:00,2,21,2,0.002,,,,,0.451,77.0,27.0,22.0,17.0,,,44.0,,637.0,,
MIR,2024-02-21 03:00:00,3,21,2,0.009,,,,,0.268,48.0,21.0,22.0,16.0,,,47.0,,636.0,,
MIR,2024-02-21 04:00:00,4,21,2,0.007,,,,,0.486,41.0,17.0,22.0,16.0,,,47.0,,636.0,,
MIR,2024-02-21 05:00:00,5,21,2,0.001,,,,,1.302,40.0,21.0,22.0,15.0,,0.1,54.0,,636.0,,
MIR,2024-02-21 06:00:00,6,21,2,0.0,,,,,1.187,219.0,84.0,,,,,,,,,
MIR,2024-02-21 07:00:00,7,21,2,0.0,,,,,2.548,197.0,77.0,,,,,,,,,
MIR,2024-02-21 08:00:00,8,21,2,0.002,,,,,0.942,149.0,49.0,,,,,,,,,
MIR,2024-02-21 09:00:00,9,21,2,0.011,,,,,0.487,134.0,58.0,,,,,,,,,
MIR,2024-02-21 10:00:00,10,21,2,0.04,,,,,0.295,135.0,52.0,,,,,,,,,
MIR,2024-02-21 11:00:00,11,21,2,0.068,,,,,,85.0,30.0,,,,,,,,,
MIR,2024-02-21 12:00:00,12,21,2,0.092,,,,,0.456,70.0,27.0,,,,,,,,,
MIR,2024-02-21 13:00:00,13,21,2,0.108,,,,,0.356,75.0,29.0,,,,,,,,,
MIR,2024-02-21 14:00:00,14,21,2,0.118,,,,,0.379,64.0,25.0,,,,,,,,,
MIR,2024-02-21 15:00:00,15,21,2,0.145,,,,,0.479,46.0,17.0,,,,,,,,,
MIR,2024-02-21 16:00:00,16,21,2,0.146,,,,,0.429,62.0,28.0,,,,,,,,,
MIR,2024-02-21 17:00:00,17,21,2,0.124,,,,,0.391,46.0,21.0,,,,,,,,,
MIR,2024-02-21 18:00:00,18,21,2,0.082,,,,,0.832,34.0,15.0,,,,,,,,,
MIR,2024-02-21 19:00:00,19,21,2,0.027,,,,,1.586,54.0,17.0,,,,,,,,,
MIR,2024-02-21 20:00:00,20,21,2,0.003,,,,,1.445,71.0,23.0,,,,,,,,,
MIR,2024-02-21 21:00:00,21,21,2,0.002,,,,,1.636,118.0,34.0,,,,,,,,,
MIR,2024-02-21 22:00:00,22,21,2,0.0,,,,,1.351,141.0,43.0,,,,,,,,,
MIR,2024-02-21 23:00:00,23,21,2,0.013,,,,,0.235,188.0,50.0,,,,,,,,,
MIR,2024-02-22 00:00:00,0,22,2,0.012,,,,,0.583,88.0,26.0,,,,,,,,,
MIR,2024-02-22 01:00:00,1,22,2,0.009,,,,,0.623,73.0,20.0,,,,,,,,,
MIR,2024-02-22 02:00:00,2,22,2,0.001,,,,,0.701,51.0,19.0,,,,,,,,,
MIR,2024-02-22 03:00:00,3,22,2,0.003,,,,,0.465,77.0,35.0,,,,,,,,,
MIR,2024-02-22 04:00:00,4,22,2,0.003,,,,,0.451,71.0,34.0,,,,,,,,,
MIR,2024-02-22 05:00:00,5,22,2,,,,,,0.635,51.0,22.0,,,,,,,,,
MIR,2024-02-22 06:00:00,6,22,2,0.0,,,,,1.152,54.0,26.0,,,,,,,,,
MIR,2024-02-22 07:00:00,7,22,2,0.0,,,,,2.191,59.0,27.0,,,,,,,,,
MIR,2024-02-22 08:00:00,8,22,2,0.006,,,,,1.002,98.0,32.0,,,,,,,,,
MIR,2024-02-22 09:00:00,9,22,2,0.02,,,,,0.666,133.0,39.0,,,,,,,,,
MIR,2024-02-22 10:00:00,10,22,2,0.049,,,,,0.341,157.0,58.0,,,,,,,,,
MIR,2024-02-22 11:00:00,11,22,2,0.077,,,,,,67.0,21.0,,,,,,,,,
MIR,2024-02-22 12:00:00,12,22,2,0.089,,,,,0.383,36.0,10.0,,,,,,,,,
MIR,2024-02-22 13:00:00,13,22,2,0.092,,,,,0.353,37.0,17.0,,,,,,,,,
MIR,2024-02-22 14:00:00,14,22,2,0.09,,,,,0.317,35.0,9.0,,,,,,,,,
MIR,2024-02-22 15:00:00,15,22,2,0.086,,,,,0.29,20.0,7.0,,,,,,,,,
MIR,2024-02-22 16:00:00,16,22,2,0.086,,,,,0.355,21.0,5.0,,,,,,,,,
MIR,2024-02-22 17:00:00,17,22,2,0.091,,,,,0.435,15.0,6.0,,,,,,,,,
MIR,2024-02-22 18:00:00,18,22,2,0.082,,,,,0.612,30.0,7.0,,,,,,,,,
MIR,2024-02-22 19:00:00,19,22,2,0.026,,,,,1.341,31.0,11.0,,,,,,,,,
MIR,2024-02-22 20:00:00,20,22,2,0.027,,,,,0.633,66.0,21.0,,,,,,,,,
MIR,2024-02-22 21:00:00,21,22,2,0.024,,,,,0.666,44.0,13.0,,,,,,,,,
MIR,2024-02-22 22:00:00,22,22,2,0.006,,,,,1.109,47.0,10.0,,,,,,,,,
MIR,2024-02-22 23:00:00,23,22,2,0.001,,,,,1.558,100.0,29.0,,,,,,,,,
MIR,2024-02-23 00:00:00,0,23,2,,,,,,0.776,107.0,43.0,,,,,,,,,
MIR,2024-02-23 01:00:00,1,23,2,,,,,,0.525,103.0,36.0,,,,,,,,,
MIR,2024-02-23 02:00:00,2,23,2,,,,,,0.692,93.0,34.0,,,,,,,,,
MIR,2024-02-23 03:00:00,3,23,2,,,,,,0.908,73.0,32.0,,,,,,,,,
MIR,2024-02-23 04:00:00,4,23,2,0.009,,,,,0.495,76.0,34.0,,,,,,,,,
MIR,2024-02-23 05:00:00,5,23,2,0.001,,,,,1.062,54.0,30.0,,,,,,,,,
MIR,2024-02-23 06:00:00,6,23,2,0.0,,,,,1.085,153.0,73.0,,,,,,,,,
MIR,2024-02-23 07:00:00,7,23,2,,,,,,1.894,150.0,65.0,,,,,,,,,
MIR,2024-02-23 08:00:00,8,23,2,0.003,,,,,1.279,157.0,47.0,,,,,,,,,
MIR,2024-02-23 09:00:00,9,23,2,0.011,,,,,1.113,212.0,72.0,,,,,,,,,
MIR,2024-02-23 10:00:00,10,23,2,0.039,,,,,0.782,231.0,92.0,,,,,,,,,
MIR,2024-02-23 11:00:00,11,23,2,0.07,,,,,0.294,160.0,69.0,,,,,,,,,
MIR,2024-02-23 12:00:00,12,23,2,0.1,,,,,0.681,122.0,54.0,,,,,,,,,
MIR,2024-02-23 13:00:00,13,23,2,0.129,,,,,0.583,82.0,43.0,,,,,,,,,
MIR,2024-02-23 14:00:00,14,23,2,0.142,,,,,0.395,81.0,39.0,,,,,,,,,
MIR,2024-02-23 15:00:00,15,23,2,0.098,,,,,0.157,68.0,28.0,22.0,36.0,,0.1,209.0,,630.0,,
MIR,2024-02-23 16:00:00,16,23,2,,,,,,,,,,,,,,,,,
MIR,2024-02-23 17:00:00,17,23,2,0.062,,,,,0.388,34.0,,22.0,35.0,,0.1,234.0,,630.0,,
MIR,2024-02-23 18:00:00,18,23,2,0.06,,,,,0.539,29.0,,22.0,33.0,,0.1,218.0,,631.0,,
MIR,2024-02-23 19:00:00,19,23,2,0.021,,,,,1.147,33.0,,22.0,29.0,,0.1,196.0,,631.0,,
MIR,2024-02-23 20:00:00,20,23,2,0.004,,,,,1.337,49.0,,22.0,26.0,,0.1,31.0,,631.0,,
MIR,2024-02-23 21:00:00,21,23,2,0.014,,,,,0.61,57.0,,22.0,25.0,,0.0,29.0,,632.0,,
MIR,2024-02-23 22:00:00,22,23,2,0.0,,,,,1.343,56.0,,22.0,23.0,,0.1,55.0,,632.0,,
MIR,2024-02-23 23:00:00,23,23,2,0.001,,,,,1.865,103.0,,22.0,21.0,,0.1,280.0,,632.0,,
MIR,2024-02-24 00:00:00,0,24,2,0.0,,,,,0.968,185.0,,22.0,20.0,,0.0,98.0,,632.0,,
MIR,2024-02-24 01:00:00,1,24,2,0.0,,,,,0.906,182.0,,22.0,19.0,,0.1,65.0,,632.0,,
MIR,2024-02-24 02:00:00,2,24,2,0.005,,,,,0.383,143.0,,22.0,18.0,,0.1,87.0,,632.0,,
MIR,2024-02-24 03:00:00,3,24,2,0.009,,,,,0.152,46.0,,22.0,17.0,,0.0,65.0,,632.0,,
MIR,2024-02-24 04:00:00,4,24,2,0.002,,,,,1.194,40.0,,22.0,16.0,,0.1,45.0,,633.0,,
MIR,2024-02-24 05:00:00,5,24,2,0.0,,,,,1.152,154.0,,22.0,15.0,,0.1,96.0,,633.0,,
MIR,2024-02-24 06:00:00,6,24,2,0.0,,,,,1.317,169.0,,22.0,15.0,,,50.0,,633.0,,
MIR,2024-02-24 07:00:00,7,24,2,0.001,,,,,1.478,322.0,,22.0,14.0,,,52.0,,634.0,,
MIR,2024-02-24 08:00:00,8,24,2,0.003,,,,,2.235,212.0,,22.0,18.0,,,99.0,,634.0,,
MIR,2024-02-24 09:00:00,9,24,2,0.008,,,,,1.089,275.0,,22.0,22.0,,,201.0,,635.0,,
MIR,2024-02-24 10:00:00,10,24,2,0.03,,,,,0.615,170.0,,22.0,26.0,,,231.0,,635.0,,
MIR,2024-02-24 11:00:00,11,24,2,0.056,,,,,,138.0,,22.0,29.0,,0.1,216.0,,635.0,,
MIR,2024-02-24 12:00:00,12,24,2,0.074,,,,,0.477,77.0,,22.0,32.0,,0.0,211.0,,634.0,,
MIR,2024-02-24 13:00:00,13,24,2,0.099,,,,,0.415,66.0,,22.0,34.0,,0.0,217.0,,633.0,,
MIR,2024-02-24 14:00:00,14,24,2,0.122,,,,,0.454,44.0,,22.0,36.0,,,214.0,,633.0,,
MIR,2024-02-24 15:00:00,15,24,2,0.137,,,,,0.44,55.0,,21.0,36.0,,,25.0,,632.0,,
MIR,2024-02-24 16:00:00,16,24,2,0.153,,,,,0.512,58.0,,22.0,36.0,,,27.0,,632.0,,
MIR,2024-02-24 17:00:00,17,24,2,0.113,,,,,0.424,61.0,,22.0,36.0,,,29.0,,632.0,,
MIR,2024-02-24 18:00:00,18,24,2,0.082,,,,,0.514,43.0,,22.0,34.0,,0.0,22.0,,632.0,,
MIR,2024-02-24 19:00:00,19,24,2,0.015,,,,,1.239,47.0,,22.0,29.0,,0.1,213.0,,632.0,,
MIR,2024-02-24 20:00:00,20,24,2,0.022,,,,,0.603,66.0,,22.0,28.0,,0.1,221.0,,633.0,,
MIR,2024-02-24 21:00:00,21,24,2,0.029,,,,,0.275,59.0,,22.0,28.0,,0.0,223.0,,634.0,,
MIR,2024-02-24 22:00:00,22,24,2,0.003,,,,,1.009,46.0,,22.0,25.0,,0.1,221.0,,634.0,,
MIR,2024-02-24 23:00:00,23,24,2,0.033,,,,,0.243,95.0,,22.0,25.0,,0.0,233.0,,634.0,,
MIR,2024-02-25 00:00:00,0,25,2,0.003,,,,,0.919,32.0,,22.0,22.0,,0.0,173.0,,634.0,,
MIR,2024-02-25 01:00:00,1,25,2,0.017,,,,,0.592,86.0,,22.0,21.0,,0.1,349.0,,634.0,,
MIR,2024-02-25 02:00:00,2,25,2,0.004,,,,,1.085,47.0,,22.0,20.0,,,338.0,,634.0,,
MIR,2024-02-25 03:00:00,3,25,2,0.0,,,,,1.091,85.0,,22.0,19.0,,,110.0,,634.0,,
MIR,2024-02-25 04:00:00,4,25,2,0.002,,,,,0.599,81.0,,22.0,18.0,,,75.0,,634.0,,
MIR,2024-02-25 05:00:00,5,25,2,0.005,,,,,0.5,101.0,,22.0,17.0,,,65.0,,634.0,,
MIR,2024-02-25 06:00:00,6,25,2,0.0,,,,,1.093,79.0,,22.0,16.0,,0.1,163.0,,634.0,,
MIR,2024-02-25 07:00:00,7,25,2,0.0,,,,,1.951,95.0,,22.0,15.0,,0.0,4.0,,635.0,,
MIR,2024-02-25 08:00:00,8,25,2,0.007,,,,,0.907,168.0,,22.0,19.0,,,28.0,,635.0,,
MIR,2024-02-25 09:00:00,9,25,2,0.029,,,,,0.123,145.0,,22.0,24.0,,,220.0,,636.0,,
MIR,2024-02-25 10:00:00,10,25,2,0.055,,,,,0.56,88.0,,22.0,27.0,,,220.0,,636.0,,
MIR,2024-02-25 11:00:00,11,25,2,0.083,,,,,0.355,93.0,,21.0,30.0,,,221.0,,635.0,,
MIR,2024-02-25 12:00:00,12,25,2,0.104,,,,,0.467,73.0,,21.0,33.0,,,216.0,,635.0,,
MIR,2024-02-25 13:00:00,13,25,2,0.103,,,,,0.281,64.0,,21.0,35.0,,,217.0,,634.0,,
MIR,2024-02-25 14:00:00,14,25,2,0.109,,,,,0.332,27.0,,22.0,36.0,,,215.0,,633.0,,
MIR,2024-02-25 15:00:00,15,25,2,0.114,,,,,0.351,27.0,,22.0,37.0,,,211.0,,633.0,,
MIR,2024-02-25 16:00:00,16,25,2,0.114,,,,,0.357,47.0,,22.0,37.0,,,307.0,,632.0,,
MIR,2024-02-25 17:00:00,17,25,2,0.105,,,,,0.397,44.0,,22.0,37.0,,,28.0,,632.0,,
MIR,2024-02-25 18:00:00,18,25,2,0.073,,,,,0.755,38.0,,22.0,35.0,,0.0,27.0,,632.0,,
MIR,2024-02-25 19:00:00,19,25,2,0.039,,,,,1.157,47.0,,22.0,31.0,,,71.0,,633.0,,
MIR,2024-02-25 20:00:00,20,25,2,0.03,,,,,0.894,54.0,,22.0,28.0,,,46.0,,633.0,,
MIR,2024-02-25 21:00:00,21,25,2,0.048,,,,,0.446,70.0,,22.0,27.0,,,59.0,,634.0,,
MIR,2024-02-25 22:00:00,22,25,2,0.043,,,,,0.474,56.0,,22.0,27.0,,,34.0,,634.0,,
MIR,2024-02-25 23:00:00,23,25,2,0.015,,,,,0.821,50.0,,22.0,24.0,,,222.0,,635.0,,
MIR,2024-02-26 00:00:00,0,26,2,0.025,,,,,0.468,58.0,,22.0,23.0,,,199.0,,635.0,,
MIR,2024-02-26 01:00:00,1,26,2,0.013,,,,,0.506,43.0,20.0,22.0,22.0,,,138.0,,635.0,,
MIR,2024-02-26 02:00:00,2,26,2,0.009,,,,,0.502,54.0,25.0,22.0,20.0,,,33.0,,635.0,,
MIR,2024-02-26 03:00:00,3,26,2,,,,,,0.527,49.0,22.0,22.0,19.0,,,80.0,,635.0,,
MIR,2024-02-26 04:00:00,4,26,2,0.002,,,,,0.512,45.0,17.0,22.0,19.0,,0.1,64.0,,635.0,,
MIR,2024-02-26 05:00:00,5,26,2,,,,,,0.808,44.0,21.0,22.0,18.0,,0.0,42.0,,635.0,,
MIR,2024-02-26 06:00:00,6,26,2,0.0,,,,,1.641,48.0,24.0,22.0,18.0,,0.0,40.0,,635.0,,
MIR,2024-02-26 07:00:00,7,26,2,0.001,,,,,2.789,136.0,44.0,22.0,17.0,,0.0,56.0,,635.0,,
MIR,2024-02-26 08:00:00,8,26,2,0.004,,,,,0.359,227.0,84.0,22.0,20.0,,0.1,41.0,,636.0,,
MIR,2024-02-26 09:00:00,9,26,2,0.013,,,,,0.323,123.0,46.0,22.0,25.0,,0.0,223.0,,636.0,,
MIR,2024-02-26 10:00:00,10,26,2,0.046,,,,,0.7,151.0,60.0,21.0,28.0,,0.0,31.0,,636.0,,
MIR,2024-02-26 11:00:00,11,26,2,0.068,,,,,0.091,94.0,35.0,21.0,31.0,,,45.0,,636.0,,
MIR,2024-02-26 12:00:00,12,26,2,0.082,,,,,0.36,61.0,22.0,21.0,33.0,,,214.0,,635.0,,
MIR,2024-02-26 13:00:00,13,26,2,0.096,,,,,0.308,43.0,21.0,22.0,36.0,,,214.0,,634.0,,
MIR,2024-02-26 14:00:00,14,26,2,0.105,,,,,0.325,45.0,16.0,21.0,37.0,,,209.0,,633.0,,
MIR,2024-02-26 15:00:00,15,26,2,0.119,,,,,0.371,30.0,21.0,21.0,37.0,,,208.0,,632.0,,
MIR,2024-02-26 16:00:00,16,26,2,0.115,,,,,0.413,45.0,21.0,22.0,37.0,,,360.0,,632.0,,
MIR,2024-02-26 17:00:00,17,26,2,0.089,,,,,0.409,47.0,19.0,22.0,36.0,,,33.0,,632.0,,
MIR,2024-02-26 18:00:00,18,26,2,0.08,,,,,0.538,41.0,13.0,22.0,34.0,,,25.0,,632.0,,
MIR,2024-02-26 19:00:00,19,26,2,0.047,,,,,0.869,44.0,12.0,22.0,31.0,,,22.0,,632.0,,
MIR,2024-02-26 20:00:00,20,26,2,0.042,,,,,0.61,56.0,20.0,22.0,29.0,,,43.0,,633.0,,
MIR,2024-02-26 21:00:00,21,26,2,0.044,,,,,0.392,42.0,16.0,22.0,28.0,,0.0,37.0,,633.0,,
MIR,2024-02-26 22:00:00,22,26,2,0.019,,,,,0.682,55.0,17.0,22.0,25.0,,0.1,47.0,,634.0,,
MIR,2024-02-26 23:00:00,23,26,2,0.039,,,,,0.4,75.0,35.0,22.0,25.0,,,33.0,,633.0,,
MIR,2024-02-27 00:00:00,0,27,2,0.011,,,,,0.737,44.0,19.0,22.0,23.0,,,53.0,,634.0,,
MIR,2024-02-27 01:00:00,1,27,2,0.003,,,,,0.678,91.0,34.0,22.0,21.0,,,38.0,,634.0,,
MIR,2024-02-27 02:00:00,2,27,2,0.009,,,,,0.437,86.0,43.0,22.0,20.0,,,63.0,,633.0,,
MIR,2024-02-27 03:00:00,3,27,2,0.008,,,,,0.348,51.0,29.0,22.0,19.0,,,51.0,,633.0,,
MIR,2024-02-27 04:00:00,4,27,2,0.003,,,,,0.623,62.0,29.0,22.0,18.0,,,44.0,,633.0,,
MIR,2024-02-27 05:00:00,5,27,2,0.004,,,,,0.691,67.0,29.0,22.0,18.0,,,52.0,,633.0,,
MIR,2024-02-27 06:00:00,6,27,2,0.0,,,,,1.161,81.0,35.0,22.0,17.0,,,56.0,,633.0,,
MIR,2024-02-27 07:00:00,7,27,2,0.001,,,,,2.825,173.0,60.0,22.0,17.0,,,46.0,,633.0,,
MIR,2024-02-27 08:00:00,8,27,2,0.001,,,,,2.119,258.0,109.0,22.0,21.0,,0.1,63.0,,634.0,,
MIR,2024-02-27 09:00:00,9,27,2,0.016,,,,,0.525,318.0,126.0,22.0,25.0,,0.1,222.0,,634.0,,
MIR,2024-02-27 10:00:00,10,27,2,0.046,,,,,0.703,230.0,100.0,22.0,28.0,,0.1,248.0,,634.0,,
MIR,2024-02-27 11:00:00,11,27,2,0.078,,,,,0.453,150.0,59.0,22.0,32.0,,0.0,231.0,,634.0,,
MIR,2024-02-27 12:00:00,12,27,2,0.1,,,,,0.334,84.0,37.0,21.0,34.0,,0.0,229.0,,633.0,,
MIR,2024-02-27 13:00:00,13,27,2,0.11,,,,,0.145,66.0,25.0,22.0,36.0,,,209.0,,632.0,,
MIR,2024-02-27 14:00:00,14,27,2,0.091,,,,,0.302,61.0,19.0,22.0,36.0,,,208.0,,631.0,,
MIR,2024-02-27 15:00:00,15,27,2,0.078,,,,,0.256,41.0,17.0,21.0,36.0,,,213.0,,631.0,,
MIR,2024-02-27 16:00:00,16,27,2,0.074,,,,,0.365,45.0,13.0,22.0,36.0,,,42.0,,630.0,,
MIR,2024-02-27 17:00:00,17,27,2,0.072,,,,,0.445,54.0,13.0,22.0,35.0,,,24.0,,630.0,,
MIR,2024-02-27 18:00:00,18,27,2,0.066,,,,,0.426,47.0,10.0,22.0,32.0,,,211.0,,631.0,,
MIR,2024-02-27 19:00:00,19,27,2,0.059,,,,,0.462,55.0,14.0,22.0,29.0,,,218.0,,631.0,,
MIR,2024-02-27 20:00:00,20,27,2,0.054,,,,,0.49,51.0,12.0,22.0,27.0,,,41.0,,632.0,,
MIR,2024-02-27 21:00:00,21,27,2,0.057,,,,,0.459,48.0,16.0,22.0,26.0,,,46.0,,632.0,,
MIR,2024-02-27 22:00:00,22,27,2,0.052,,,,,0.405,40.0,13.0,22.0,24.0,,,56.0,,633.0,,
MIR,2024-02-27 23:00:00,23,27,2,0.038,,,,,0.558,38.0,16.0,22.0,23.0,,,41.0,,633.0,,
MIR,2024-02-28 00:00:00,0,28,2,0.014,,,,,0.583,51.0,17.0,22.0,20.0,,,68.0,,633.0,,
MIR,2024-02-28 01:00:00,1,28,2,0.021,,,,,0.531,98.0,30.0,22.0,19.0,,,51.0,,633.0,,
MIR,2024-02-28 02:00:00,2,28,2,0.014,,,,,0.514,51.0,25.0,22.0,18.0,,,54.0,,633.0,,
MIR,2024-02-28 03:00:00,3,28,2,0.008,,,,,0.556,83.0,42.0,22.0,17.0,,0.1,45.0,,632.0,,
MIR,2024-02-28 04:00:00,4,28,2,0.004,,,,,0.482,118.0,68.0,22.0,16.0,,,53.0,,632.0,,
MIR,2024-02-28 05:00:00,5,28,2,0.001,,,,,1.03,75.0,44.0,22.0,16.0,,,55.0,,632.0,,
MIR,2024-02-28 06:00:00,6,28,2,0.0,,,,,1.331,106.0,49.0,22.0,15.0,,,55.0,,633.0,,
MIR,2024-02-28 07:00:00,7,28,2,0.0,,,,,,85.0,35.0,22.0,15.0,,,65.0,,633.0,,
MIR,2024-02-28 08:00:00,8,28,2,0.005,,,,,0.273,201.0,59.0,22.0,19.0,,,49.0,,634.0,,
MIR,2024-02-28 09:00:00,9,28,2,0.018,,,,,,197.0,73.0,22.0,23.0,,0.1,49.0,,634.0,,
MIR,2024-02-28 10:00:00,10,28,2,0.051,,,,,0.322,160.0,56.0,21.0,28.0,,0.0,247.0,,634.0,,
MIR,2024-02-28 11:00:00,11,28,2,0.065,,,,,0.072,52.0,23.0,22.0,31.0,,0.1,217.0,,634.0,,
MIR,2024-02-28 12:00:00,12,28,2,0.075,,,,,0.384,61.0,18.0,21.0,32.0,,0.1,214.0,,633.0,,
MIR,2024-02-28 13:00:00,13,28,2,0.078,,,,,0.259,59.0,17.0,22.0,34.0,,0.0,205.0,,633.0,,
MIR,2024-02-28 14:00:00,14,28,2,0.072,,,,,0.284,48.0,11.0,21.0,35.0,,0.1,210.0,,632.0,,
MIR,2024-02-28 15:00:00,15,28,2,0.072,,,,,0.279,46.0,10.0,22.0,36.0,,0.1,209.0,,631.0,,
MIR,2024-02-28 16:00:00,16,28,2,0.072,,,,,0.399,44.0,8.0,22.0,36.0,,0.1,210.0,,631.0,,
MIR,2024-02-28 17:00:00,17,28,2,0.068,,,,,0.433,40.0,11.0,22.0,35.0,,0.0,1.0,,631.0,,
MIR,2024-02-28 18:00:00,18,28,2,0.05,,,,,0.525,43.0,15.0,22.0,32.0,,,51.0,,631.0,,
MIR,2024-02-28 19:00:00,19,28,2,0.018,,,,,0.984,40.0,13.0,22.0,29.0,,,202.0,,632.0,,
MIR,2024-02-28 20:00:00,20,28,2,0.001,,,,,1.348,58.0,12.0,22.0,27.0,,,219.0,,632.0,,
MIR,2024-02-28 21:00:00,21,28,2,0.0,,,,,1.103,71.0,19.0,22.0,26.0,,,227.0,,632.0,,
MIR,2024-02-28 22:00:00,22,28,2,0.026,,,,,0.144,67.0,21.0,22.0,26.0,,,217.0,,633.0,,
MIR,2024-02-28 23:00:00,23,28,2,0.037,,,,,,41.0,10.0,22.0,26.0,,0.0,223.0,,633.0,,
MIR,2024-02-29 00:00:00,0,29,2,0.0,,,,,0.846,19.0,8.0,22.0,23.0,,0.0,233.0,,633.0,,
MIR,2024-02-29 01:00:00,1,29,2,0.0,,,,,0.885,107.0,38.0,22.0,21.0,,0.0,229.0,,633.0,,
MIR,2024-02-29 02:00:00,2,29,2,0.001,,,,,0.734,165.0,43.0,22.0,20.0,,0.0,207.0,,632.0,,
MIR,2024-02-29 03:00:00,3,29,2,0.0,,,,,0.855,145.0,68.0,22.0,18.0,,0.1,212.0,,632.0,,
MIR,2024-02-29 04:00:00,4,29,2,0.0,,,,,0.544,94.0,53.0,22.0,18.0,,0.1,247.0,,632.0,,
MIR,2024-02-29 05:00:00,5,29,2,0.0,,,,,0.714,59.0,28.0,22.0,17.0,,0.0,209.0,,633.0,,
MIR,2024-02-29 06:00:00,6,29,2,0.001,,,,,1.864,180.0,49.0,22.0,17.0,,0.1,207.0,,633.0,,
MIR,2024-02-29 07:00:00,7,29,2,0.001,,,,,,232.0,89.0,22.0,16.0,,0.0,205.0,,634.0,,
MIR,2024-02-29 08:00:00,8,29,2,0.002,,,,,1.023,259.0,108.0,22.0,20.0,,0.1,236.0,,634.0,,
MIR,2024-02-29 09:00:00,9,29,2,0.01,,,,,0.668,250.0,79.0,22.0,23.0,,0.1,228.0,,635.0,,
MIR,2024-02-29 10:00:00,10,29,2,0.033,,,,,0.287,362.0,115.0,22.0,27.0,,0.1,223.0,,635.0,,
MIR,2024-02-29 11:00:00,11,29,2,0.047,,,,,,149.0,52.0,22.0,30.0,,0.0,215.0,,634.0,,
MIR,2024-02-29 12:00:00,12,29,2,0.069,,,,,0.566,86.0,22.0,22.0,33.0,,0.1,215.0,,634.0,,
MIR,2024-02-29 13:00:00,13,29,2,0.062,,,,,0.281,60.0,14.0,23.0,34.0,,0.1,213.0,,633.0,,
MIR,2024-02-29 14:00:00,14,29,2,0.055,,,,,0.264,50.0,10.0,23.0,34.0,,0.1,215.0,,633.0,,
MIR,2024-02-29 15:00:00,15,29,2,0.055,,,,,0.268,37.0,7.0,23.0,33.0,,0.7,196.0,,632.0,,
MIR,2024-02-29 16:00:00,16,29,2,0.054,,,,,0.362,36.0,6.0,23.0,33.0,,0.6,212.0,,632.0,,
MIR,2024-02-29 17:00:00,17,29,2,0.047,,,,,0.38,30.0,7.0,23.0,31.0,,0.7,213.0,,632.0,,
MIR,2024-02-29 18:00:00,18,29,2,0.04,,,,,0.409,32.0,5.0,23.0,29.0,,0.5,248.0,,633.0,,
MIR,2024-02-29 19:00:00,19,29,2,0.035,,,,,0.496,29.0,6.0,23.0,27.0,,0.5,217.0,,633.0,,
MIR,2024-02-29 20:00:00,20,29,2,0.027,,,,,0.612,21.0,6.0,23.0,25.0,,0.4,55.0,,634.0,,
MIR,2024-02-29 21:00:00,21,29,2,0.013,,,,,0.913,23.0,10.0,23.0,23.0,,0.7,41.0,,634.0,,
MIR,2024-02-29 22:00:00,22,29,2,0.022,,,,,0.294,41.0,13.0,23.0,23.0,,0.4,50.0,,634.0,,
MIR,2024-02-29 23:00:00,23,29,2,0.002,,,,,0.504,39.0,12.0,24.0,21.0,,0.5,51.0,,635.0,,
MIR,2024-03-01 00:00:00,0,1,3,0.003,,,,,0.651,72.0,21.0,23.0,19.0,,0.4,50.0,,635.0,,
MIR,2024-03-01 01:00:00,1,1,3,0.002,,,,,0.521,53.0,16.0,23.0,18.0,,0.4,59.0,,634.0,,
MIR,2024-03-01 02:00:00,2,1,3,,,,,,0.559,62.0,21.0,23.0,17.0,,0.4,44.0,,634.0,,
MIR,2024-03-01 03:00:00,3,1,3,0.0,,,,,0.362,68.0,34.0,23.0,16.0,,0.5,78.0,,634.0,,
MIR,2024-03-01 04:00:00,4,1,3,0.001,,,,,0.453,63.0,22.0,23.0,16.0,,0.4,264.0,,634.0,,
MIR,2024-03-01 05:00:00,5,1,3,0.0,,,,,1.01,83.0,27.0,23.0,15.0,,0.5,37.0,,634.0,,
MIR,2024-03-01 06:00:00,6,1,3,0.0,,,,,1.124,106.0,32.0,23.0,15.0,,0.5,27.0,,634.0,,
MIR,2024-03-01 07:00:00,7,1,3,0.001,,,,,2.259,143.0,56.0,23.0,14.0,,0.4,11.0,,634.0,,
MIR,2024-03-01 08:00:00,8,1,3,0.003,,,,,1.358,226.0,99.0,23.0,18.0,,0.5,285.0,,635.0,,
MIR,2024-03-01 09:00:00,9,1,3,0.015,,,,,0.471,198.0,78.0,23.0,23.0,,0.5,237.0,,635.0,,
MIR,2024-03-01 10:00:00,10,1,3,0.026,,,,,0.383,173.0,73.0,23.0,26.0,,0.6,216.0,,635.0,,
MIR,2024-03-01 11:00:00,11,1,3,0.037,,,,,0.049,103.0,34.0,23.0,29.0,,0.5,218.0,,634.0,,
MIR,2024-03-01 12:00:00,12,1,3,0.051,,,,,0.313,64.0,12.0,23.0,31.0,,0.7,213.0,,634.0,,
MIR,2024-03-01 13:00:00,13,1,3,0.05,,,,,0.235,42.0,9.0,23.0,33.0,,0.6,213.0,,633.0,,
MIR,2024-03-01 14:00:00,14,1,3,0.054,,,,,0.272,40.0,8.0,23.0,31.0,,0.8,214.0,,633.0,,
MIR,2024-03-01 15:00:00,15,1,3,0.047,,,,,0.237,40.0,6.0,23.0,30.0,,0.7,213.0,,632.0,,
MIR,2024-03-01 16:00:00,16,1,3,0.047,,,,,0.361,24.0,3.0,23.0,29.0,,0.6,214.0,,632.0,,
MIR,2024-03-01 17:00:00,17,1,3,0.047,,,,,0.394,33.0,6.0,23.0,28.0,,0.7,214.0,,632.0,,
MIR,2024-03-01 18:00:00,18,1,3,0.033,,,,,0.445,32.0,8.0,23.0,26.0,,0.7,218.0,,633.0,,
MIR,2024-03-01 19:00:00,19,1,3,0.026,,,,,0.509,36.0,7.0,23.0,24.0,,0.8,223.0,,633.0,,
MIR,2024-03-01 20:00:00,20,1,3,0.021,,,,,0.611,19.0,6.0,23.0,22.0,,0.5,220.0,,634.0,,
MIR,2024-03-01 21:00:00,21,1,3,0.011,,,,,0.677,25.0,5.0,23.0,21.0,,0.6,207.0,,635.0,,
MIR,2024-03-01 22:00:00,22,1,3,0.019,,,,,0.425,42.0,11.0,23.0,20.0,,0.6,213.0,,635.0,,
MIR,2024-03-01 23:00:00,23,1,3,0.02,,,,,0.354,26.0,13.0,23.0,18.0,,0.4,222.0,,635.0,,
MIR,2024-03-02 00:00:00,0,2,3,0.006,,,,,0.641,25.0,14.0,23.0,17.0,,0.5,209.0,,634.0,,
MIR,2024-03-02 01:00:00,1,2,3,0.001,,,,,0.483,48.0,21.0,23.0,16.0,,0.5,209.0,,634.0,,
MIR,2024-03-02 02:00:00,2,2,3,0.0,,,,,0.527,48.0,18.0,23.0,15.0,,0.5,189.0,,634.0,,
MIR,2024-03-02 03:00:00,3,2,3,0.001,,,,,0.496,60.0,23.0,23.0,14.0,,0.5,234.0,,634.0,,
MIR,2024-03-02 04:00:00,4,2,3,0.003,,,,,0.543,45.0,18.0,23.0,14.0,,0.4,273.0,,634.0,,
MIR,2024-03-02 05:00:00,5,2,3,0.0,,,,,0.704,68.0,29.0,23.0,13.0,,0.5,12.0,,634.0,,
MIR,2024-03-02 06:00:00,6,2,3,0.0,,,,,1.353,71.0,25.0,23.0,13.0,,0.5,355.0,,634.0,,
MIR,2024-03-02 07:00:00,7,2,3,0.0,,,,,1.602,165.0,59.0,23.0,12.0,,0.4,83.0,,634.0,,
MIR,2024-03-02 08:00:00,8,2,3,0.003,,,,,0.702,164.0,61.0,23.0,16.0,,0.4,140.0,,635.0,,
MIR,2024-03-02 09:00:00,9,2,3,0.014,,,,,0.331,159.0,56.0,23.0,20.0,,0.6,222.0,,635.0,,
MIR,2024-03-02 10:00:00,10,2,3,0.028,,,,,0.502,111.0,50.0,23.0,23.0,,0.5,234.0,,635.0,,
MIR,2024-03-02 11:00:00,11,2,3,0.043,,,,,0.292,77.0,24.0,23.0,25.0,,0.5,223.0,,635.0,,
MIR,2024-03-02 12:00:00,12,2,3,0.06,,,,,0.321,86.0,22.0,23.0,27.0,,0.5,216.0,,634.0,,
MIR,2024-03-02 13:00:00,13,2,3,0.055,,,,,0.294,49.0,16.0,23.0,29.0,,0.7,212.0,,633.0,,
MIR,2024-03-02 14:00:00,14,2,3,0.053,,,,,0.333,46.0,5.0,23.0,30.0,,0.8,213.0,,632.0,,
MIR,2024-03-02 15:00:00,15,2,3,0.043,,,,,0.282,41.0,4.0,23.0,31.0,,1.1,213.0,,632.0,,
MIR,2024-03-02 16:00:00,16,2,3,0.044,,,,,0.323,26.0,4.0,23.0,30.0,,0.8,213.0,,632.0,,
MIR,2024-03-02 17:00:00,17,2,3,0.047,,,,,0.353,25.0,4.0,23.0,29.0,,0.6,216.0,,632.0,,
MIR,2024-03-02 18:00:00,18,2,3,0.041,,,,,0.365,24.0,7.0,23.0,27.0,,0.6,221.0,,632.0,,
MIR,2024-03-02 19:00:00,19,2,3,0.03,,,,,0.415,26.0,8.0,23.0,24.0,,0.7,217.0,,632.0,,
MIR,2024-03-02 20:00:00,20,2,3,0.029,,,,,0.459,25.0,6.0,23.0,23.0,,0.6,182.0,,633.0,,
MIR,2024-03-02 21:00:00,21,2,3,0.024,,,,,0.579,28.0,7.0,23.0,21.0,,0.5,217.0,,634.0,,
MIR,2024-03-02 22:00:00,22,2,3,0.024,,,,,0.519,36.0,15.0,23.0,19.0,,0.6,234.0,,634.0,,
MIR,2024-03-02 23:00:00,23,2,3,0.021,,,,,0.59,37.0,18.0,23.0,18.0,,0.5,237.0,,634.0,,
MIR,2024-03-03 00:00:00,0,3,3,0.006,,,,,0.725,37.0,14.0,23.0,16.0,,0.5,254.0,,634.0,,
MIR,2024-03-03 01:00:00,1,3,3,,,,,,1.015,64.0,24.0,23.0,16.0,,0.4,274.0,,634.0,,
MIR,2024-03-03 02:00:00,2,3,3,,,,,,0.582,97.0,29.0,23.0,14.0,,0.4,124.0,,634.0,,
MIR,2024-03-03 03:00:00,3,3,3,,,,,,0.577,94.0,44.0,23.0,14.0,,0.4,100.0,,633.0,,
MIR,2024-03-03 04:00:00,4,3,3,,,,,,0.721,80.0,37.0,23.0,13.0,,0.5,157.0,,633.0,,
MIR,2024-03-03 05:00:00,5,3,3,,,,,,0.926,66.0,29.0,23.0,13.0,,0.5,67.0,,633.0,,
MIR,2024-03-03 06:00:00,6,3,3,,,,,,1.313,106.0,62.0,23.0,12.0,,0.5,319.0,,633.0,,
MIR,2024-03-03 07:00:00,7,3,3,0.001,,,,,1.323,149.0,85.0,23.0,12.0,,0.4,44.0,,634.0,,
MIR,2024-03-03 08:00:00,8,3,3,0.009,,,,,0.962,129.0,67.0,23.0,16.0,,0.6,181.0,,634.0,,
MIR,2024-03-03 09:00:00,9,3,3,0.023,,,,,0.258,160.0,87.0,23.0,19.0,,0.5,221.0,,634.0,,
MIR,2024-03-03 10:00:00,10,3,3,0.039,,,,,0.296,109.0,47.0,23.0,22.0,,0.6,241.0,,634.0,,
MIR,2024-03-03 11:00:00,11,3,3,0.051,,,,,0.148,54.0,29.0,23.0,25.0,,0.8,219.0,,634.0,,
MIR,2024-03-03 12:00:00,12,3,3,0.049,,,,,0.247,31.0,11.0,23.0,27.0,,0.5,218.0,,633.0,,
MIR,2024-03-03 13:00:00,13,3,3,0.047,,,,,0.221,21.0,7.0,23.0,29.0,,0.9,215.0,,632.0,,
MIR,2024-03-03 14:00:00,14,3,3,0.043,,,,,0.282,41.0,4.0,23.0,29.0,,0.7,214.0,,631.0,,
MIR,2024-03-03 15:00:00,15,3,3,0.042,,,,,0.284,54.0,6.0,23.0,30.0,,0.9,214.0,,630.0,,
MIR,2024-03-03 16:00:00,16,3,3,0.043,,,,,0.327,33.0,6.0,23.0,30.0,,0.9,203.0,,630.0,,
MIR,2024-03-03 17:00:00,17,3,3,0.042,,,,,0.354,24.0,8.0,23.0,29.0,,0.8,41.0,,630.0,,
MIR,2024-03-03 18:00:00,18,3,3,0.038,,,,,0.348,27.0,6.0,23.0,28.0,,0.8,227.0,,631.0,,
MIR,2024-03-03 19:00:00,19,3,3,0.032,,,,,0.42,31.0,8.0,23.0,25.0,,0.7,214.0,,631.0,,
MIR,2024-03-03 20:00:00,20,3,3,0.031,,,,,0.383,38.0,20.0,23.0,22.0,,0.7,227.0,,632.0,,
MIR,2024-03-03 21:00:00,21,3,3,0.028,,,,,0.356,30.0,14.0,23.0,20.0,,0.5,220.0,,632.0,,
MIR,2024-03-03 22:00:00,22,3,3,0.016,,,,,0.583,17.0,12.0,23.0,18.0,,0.8,319.0,,633.0,,
MIR,2024-03-03 23:00:00,23,3,3,0.02,,,,,0.473,25.0,9.0,23.0,18.0,,0.4,358.0,,633.0,,
MIR,2024-03-04 00:00:00,0,4,3,0.019,,,,,0.465,23.0,10.0,23.0,16.0,,0.4,282.0,,633.0,,
MIR,2024-03-04 01:00:00,1,4,3,0.006,,,,,0.556,22.0,10.0,23.0,15.0,,0.4,55.0,,633.0,,
MIR,2024-03-04 02:00:00,2,4,3,0.004,,,,,0.443,27.0,7.0,23.0,14.0,,0.4,1.0,,632.0,,
MIR,2024-03-04 03:00:00,3,4,3,0.002,,,,,0.445,38.0,16.0,24.0,13.0,,0.4,41.0,,632.0,,
MIR,2024-03-04 04:00:00,4,4,3,0.002,,,,,0.489,31.0,13.0,23.0,12.0,,0.4,44.0,,632.0,,
MIR,2024-03-04 05:00:00,5,4,3,0.001,,,,,0.973,25.0,17.0,23.0,11.0,,0.4,79.0,,632.0,,
MIR,2024-03-04 06:00:00,6,4,3,0.0,,,,,1.699,52.0,21.0,23.0,11.0,,0.4,47.0,,633.0,,
MIR,2024-03-04 07:00:00,7,4,3,0.001,,,,,2.764,79.0,23.0,23.0,11.0,,0.6,66.0,,633.0,,
MIR,2024-03-04 08:00:00,8,4,3,0.003,,,,,0.831,161.0,51.0,23.0,15.0,,0.6,96.0,,633.0,,
MIR,2024-03-04 09:00:00,9,4,3,0.019,,,,,,202.0,74.0,23.0,19.0,,0.5,222.0,,633.0,,
MIR,2024-03-04 10:00:00,10,4,3,0.026,,,,,0.342,98.0,34.0,23.0,22.0,,0.7,220.0,,633.0,,
MIR,2024-03-04 11:00:00,11,4,3,0.05,,,,,,107.0,24.0,23.0,25.0,,0.6,222.0,,633.0,,
MIR,2024-03-04 12:00:00,12,4,3,0.049,,,,,0.275,56.0,12.0,23.0,27.0,,0.7,217.0,,632.0,,
MIR,2024-03-04 13:00:00,13,4,3,0.045,,,,,0.224,39.0,7.0,23.0,29.0,,0.6,216.0,,631.0,,
MIR,2024-03-04 14:00:00,14,4,3,0.042,,,,,0.317,26.0,6.0,23.0,29.0,,0.7,213.0,,631.0,,
MIR,2024-03-04 15:00:00,15,4,3,0.043,,,,,0.323,30.0,5.0,23.0,29.0,,0.6,218.0,,630.0,,
MIR,2024-03-04 16:00:00,16,4,3,0.04,,,,,0.302,33.0,6.0,23.0,29.0,,0.6,214.0,,630.0,,
MIR,2024-03-04 17:00:00,17,4,3,0.036,,,,,0.327,29.0,9.0,23.0,29.0,,0.8,213.0,,630.0,,
MIR,2024-03-04 18:00:00,18,4,3,0.03,,,,,0.406,22.0,6.0,23.0,27.0,,0.8,215.0,,630.0,,
MIR,2024-03-04 19:00:00,19,4,3,0.026,,,,,0.464,24.0,4.0,23.0,24.0,,0.7,31.0,,631.0,,
MIR,2024-03-04 20:00:00,20,4,3,0.032,,,,,0.38,35.0,7.0,23.0,22.0,,1.0,49.0,,632.0,,
MIR,2024-03-04 21:00:00,21,4,3,0.026,,,,,0.701,31.0,8.0,23.0,20.0,,0.6,36.0,,632.0,,
MIR,2024-03-04 22:00:00,22,4,3,0.023,,,,,0.177,32.0,10.0,23.0,19.0,,0.6,37.0,,632.0,,
MIR,2024-03-04 23:00:00,23,4,3,0.026,,,,,0.05,25.0,9.0,23.0,18.0,,0.5,48.0,,633.0,,
MIR,2024-03-05 00:00:00,0,5,3,0.015,,,,,0.396,21.0,8.0,23.0,16.0,,0.5,69.0,,632.0,,
MIR,2024-03-05 01:00:00,1,5,3,0.001,,,,,0.492,71.0,16.0,23.0,14.0,,0.4,64.0,,632.0,,
MIR,2024-03-05 02:00:00,2,5,3,0.008,,,,,0.345,49.0,21.0,23.0,13.0,,0.5,59.0,,632.0,,
MIR,2024-03-05 03:00:00,3,5,3,0.001,,,,,0.671,55.0,11.0,23.0,12.0,,0.5,66.0,,632.0,,
MIR,2024-03-05 04:00:00,4,5,3,0.002,,,,,0.584,111.0,50.0,23.0,11.0,,0.5,61.0,,632.0,,
MIR,2024-03-05 05:00:00,5,5,3,0.001,,,,,1.032,212.0,43.0,23.0,10.0,,0.5,65.0,,632.0,,
MIR,2024-03-05 06:00:00,6,5,3,0.0,,,,,1.111,141.0,69.0,23.0,10.0,,0.4,247.0,,632.0,,
MIR,2024-03-05 07:00:00,7,5,3,0.0,,,,,2.631,92.0,34.0,23.0,10.0,,0.5,227.0,,633.0,,
MIR,2024-03-05 08:00:00,8,5,3,0.002,,,,,1.067,249.0,74.0,23.0,14.0,,0.6,313.0,,633.0,,
MIR,2024-03-05 09:00:00,9,5,3,0.01,,,,,0.543,218.0,85.0,23.0,18.0,,0.5,215.0,,633.0,,
MIR,2024-03-05 10:00:00,10,5,3,0.026,,,,,0.385,206.0,71.0,23.0,22.0,,0.5,213.0,,633.0,,
MIR,2024-03-05 11:00:00,11,5,3,0.043,,,,,0.136,143.0,52.0,23.0,25.0,,0.5,220.0,,632.0,,
MIR,2024-03-05 12:00:00,12,5,3,0.057,,,,,0.496,115.0,36.0,23.0,28.0,,0.4,220.0,,632.0,,
MIR,2024-03-05 13:00:00,13,5,3,0.073,,,,,0.316,101.0,23.0,23.0,29.0,,0.5,189.0,,631.0,,
MIR,2024-03-05 14:00:00,14,5,3,0.072,,,,,0.341,59.0,16.0,23.0,30.0,,0.9,212.0,,630.0,,
MIR,2024-03-05 15:00:00,15,5,3,0.05,,,,,0.248,45.0,17.0,23.0,30.0,,0.8,217.0,,630.0,,
MIR,2024-03-05 16:00:00,16,5,3,0.053,,,,,0.375,32.0,1.0,23.0,30.0,,0.6,32.0,,629.0,,
MIR,2024-03-05 17:00:00,17,5,3,0.046,,,,,0.384,28.0,9.0,23.0,29.0,,0.6,328.0,,630.0,,
MIR,2024-03-05 18:00:00,18,5,3,0.033,,,,,0.415,21.0,9.0,23.0,27.0,,0.6,51.0,,630.0,,
MIR,2024-03-05 19:00:00,19,5,3,0.012,,,,,0.678,22.0,7.0,23.0,24.0,,0.6,41.0,,630.0,,
MIR,2024-03-05 20:00:00,20,5,3,0.001,,,,,1.199,34.0,9.0,23.0,21.0,,0.7,37.0,,630.0,,
MIR,2024-03-05 21:00:00,21,5,3,0.011,,,,,0.653,56.0,10.0,23.0,20.0,,0.7,43.0,,631.0,,
MIR,2024-03-05 22:00:00,22,5,3,0.019,,,,,0.436,42.0,9.0,23.0,19.0,,0.5,44.0,,631.0,,
MIR,2024-03-05 23:00:00,23,5,3,0.029,,,,,0.265,36.0,11.0,23.0,18.0,,0.4,49.0,,631.0,,
MIR,2024-03-06 00:00:00,0,6,3,0.026,,,,,0.459,34.0,8.0,23.0,16.0,,0.4,67.0,,632.0,,
MIR,2024-03-06 01:00:00,1,6,3,0.003,,,,,0.616,31.0,10.0,23.0,15.0,,0.5,55.0,,632.0,,
MIR,2024-03-06 02:00:00,2,6,3,0.003,,,,,0.429,91.0,25.0,23.0,14.0,,0.4,34.0,,631.0,,
MIR,2024-03-06 03:00:00,3,6,3,0.001,,,,,0.453,46.0,20.0,23.0,13.0,,0.5,52.0,,631.0,,
MIR,2024-03-06 04:00:00,4,6,3,0.001,,,,,0.547,62.0,36.0,23.0,12.0,,0.5,57.0,,631.0,,
MIR,2024-03-06 05:00:00,5,6,3,0.0,,,,,0.653,81.0,46.0,23.0,11.0,,0.5,48.0,,631.0,,
MIR,2024-03-06 06:00:00,6,6,3,0.0,,,,,1.645,100.0,40.0,23.0,10.0,,0.5,60.0,,631.0,,
MIR,2024-03-06 07:00:00,7,6,3,0.002,,,,,1.92,133.0,39.0,23.0,11.0,,0.4,48.0,,632.0,,
MIR,2024-03-06 08:00:00,8,6,3,0.005,,,,,1.503,251.0,175.0,23.0,15.0,,0.4,46.0,,632.0,,
MIR,2024-03-06 09:00:00,9,6,3,0.008,,,,,1.215,243.0,116.0,23.0,19.0,,0.5,47.0,,632.0,,
MIR,2024-03-06 10:00:00,10,6,3,0.021,,,,,0.626,259.0,88.0,25.0,23.0,,0.6,342.0,,632.0,,
MIR,2024-03-06 11:00:00,11,6,3,0.042,,,,,0.183,247.0,171.0,23.0,26.0,,1.0,237.0,,632.0,,
MIR,2024-03-06 12:00:00,12,6,3,0.054,,,,,0.329,,,22.0,28.0,,0.7,231.0,,631.0,,
MIR,2024-03-06 13:00:00,13,6,3,0.06,,,,,0.377,,,23.0,30.0,,0.5,211.0,,630.0,,
MIR,2024-03-06 14:00:00,14,6,3,0.064,,,,,0.295,,,23.0,31.0,,0.5,213.0,,630.0,,
MIR,2024-03-06 15:00:00,15,6,3,0.062,,,,,0.288,,,23.0,31.0,,0.8,212.0,,629.0,,
MIR,2024-03-06 16:00:00,16,6,3,0.061,,,,,0.356,,,,,,,,,,,
MIR,2024-03-06 17:00:00,17,6,3,0.056,,,,,0.378,,,,,,,,,,,
MIR,2024-03-06 18:00:00,18,6,3,0.048,,,,,0.438,,,,,,,,,,,
MIR,2024-03-06 19:00:00,19,6,3,0.032,,,,,0.597,,,,,,,,,,,
MIR,2024-03-06 20:00:00,20,6,3,0.028,,,,,0.593,,,,,,,,,,,
MIR,2024-03-06 21:00:00,21,6,3,0.031,,,,,0.41,,,,,,,,,,,
MIR,2024-03-06 22:00:00,22,6,3,0.031,,,,,0.367,,,,,,,,,,,
MIR,2024-03-06 23:00:00,23,6,3,0.027,,,,,0.375,,,,,,,,,,,
MIR,2024-03-07 00:00:00,0,7,3,0.005,,,,,0.631,,,,,,,,,,,
MIR,2024-03-07 01:00:00,1,7,3,0.0,,,,,0.663,,,,,,,,,,,
MIR,2024-03-07 02:00:00,2,7,3,0.0,,,,,0.512,,,,,,,,,,,
MIR,2024-03-07 03:00:00,3,7,3,0.002,,,,,0.409,,,,,,,,,,,
MIR,2024-03-07 04:00:00,4,7,3,0.008,,,,,0.381,,,,,,,,,,,
MIR,2024-03-07 05:00:00,5,7,3,0.0,,,,,0.731,,,,,,,,,,,
MIR,2024-03-07 06:00:00,6,7,3,0.0,,,,,1.273,,,,,,,,,,,
MIR,2024-03-07 07:00:00,7,7,3,0.001,,,,,2.485,,,,,,,,,,,
MIR,2024-03-07 08:00:00,8,7,3,0.003,,,,,1.094,,,,,,,,,,,
MIR,2024-03-07 09:00:00,9,7,3,0.01,,,,,0.449,190.0,64.0,,,,,,,,,
MIR,2024-03-07 10:00:00,10,7,3,0.026,,,,,0.422,181.0,59.0,23.0,25.0,,0.5,209.0,,632.0,,
MIR,2024-03-07 11:00:00,11,7,3,0.045,,,,,,144.0,40.0,23.0,26.0,,0.8,215.0,,632.0,,
MIR,2024-03-07 12:00:00,12,7,3,0.047,,,,,0.264,40.0,6.0,23.0,28.0,,0.8,211.0,,631.0,,
MIR,2024-03-07 13:00:00,13,7,3,0.049,,,,,0.302,29.0,4.0,23.0,29.0,,0.8,215.0,,631.0,,
MIR,2024-03-07 14:00:00,14,7,3,0.055,,,,,0.297,24.0,3.0,23.0,29.0,,0.8,214.0,,630.0,,
MIR,2024-03-07 15:00:00,15,7,3,0.055,,,,,0.283,38.0,5.0,23.0,30.0,,0.6,213.0,,629.0,,
MIR,2024-03-07 16:00:00,16,7,3,0.052,,,,,0.288,26.0,4.0,23.0,31.0,,0.8,29.0,,629.0,,
MIR,2024-03-07 17:00:00,17,7,3,0.048,,,,,0.315,21.0,0.0,23.0,30.0,,0.8,218.0,,629.0,,
MIR,2024-03-07 18:00:00,18,7,3,0.039,,,,,0.482,26.0,4.0,23.0,28.0,,0.7,218.0,,629.0,,
MIR,2024-03-07 19:00:00,19,7,3,0.03,,,,,0.51,29.0,4.0,23.0,25.0,,0.7,44.0,,630.0,,
MIR,2024-03-07 20:00:00,20,7,3,0.03,,,,,0.447,35.0,6.0,23.0,22.0,,0.6,53.0,,631.0,,
MIR,2024-03-07 21:00:00,21,7,3,0.029,,,,,0.397,40.0,8.0,23.0,20.0,,0.7,45.0,,631.0,,
MIR,2024-03-07 22:00:00,22,7,3,0.026,,,,,0.37,33.0,7.0,23.0,19.0,,0.7,41.0,,632.0,,
MIR,2024-03-07 23:00:00,23,7,3,0.024,,,,,0.359,23.0,6.0,23.0,17.0,,0.6,35.0,,632.0,,
MIR,2024-03-08 00:00:00,0,8,3,0.019,,,,,0.382,20.0,8.0,23.0,16.0,,0.5,49.0,,632.0,,
MIR,2024-03-08 01:00:00,1,8,3,0.011,,,,,0.526,23.0,11.0,23.0,15.0,,0.5,54.0,,632.0,,
MIR,2024-03-08 02:00:00,2,8,3,0.005,,,,,0.344,58.0,17.0,23.0,13.0,,0.4,47.0,,632.0,,
MIR,2024-03-08 03:00:00,3,8,3,0.008,,,,,0.383,69.0,16.0,23.0,12.0,,0.5,52.0,,631.0,,
MIR,2024-03-08 04:00:00,4,8,3,0.0,,,,,0.71,87.0,21.0,23.0,12.0,,0.5,61.0,,631.0,,
MIR,2024-03-08 05:00:00,5,8,3,0.0,,,,,0.749,103.0,46.0,23.0,11.0,,0.5,57.0,,632.0,,
MIR,2024-03-08 06:00:00,6,8,3,0.0,,,,,1.111,119.0,56.0,23.0,10.0,,0.5,48.0,,632.0,,
MIR,2024-03-08 07:00:00,7,8,3,0.001,,,,,1.889,150.0,62.0,23.0,10.0,,0.5,189.0,,632.0,,
MIR,2024-03-08 08:00:00,8,8,3,0.003,,,,,1.711,192.0,79.0,23.0,14.0,,0.6,323.0,,633.0,,
MIR,2024-03-08 09:00:00,9,8,3,0.009,,,,,0.786,297.0,113.0,23.0,18.0,,0.5,233.0,,633.0,,
MIR,2024-03-08 10:00:00,10,8,3,0.021,,,,,0.282,234.0,79.0,23.0,22.0,,0.6,221.0,,633.0,,
MIR,2024-03-08 11:00:00,11,8,3,0.038,,,,,0.019,80.0,20.0,23.0,25.0,,0.5,43.0,,632.0,,
MIR,2024-03-08 12:00:00,12,8,3,0.043,,,,,0.313,38.0,3.0,23.0,27.0,,0.6,7.0,,632.0,,
MIR,2024-03-08 13:00:00,13,8,3,0.054,,,,,0.304,50.0,9.0,23.0,30.0,,0.9,218.0,,631.0,,
MIR,2024-03-08 14:00:00,14,8,3,0.048,,,,,0.287,53.0,7.0,23.0,31.0,,0.7,65.0,,630.0,,
MIR,2024-03-08 15:00:00,15,8,3,0.047,,,,,0.33,42.0,4.0,23.0,30.0,,0.8,53.0,,630.0,,
MIR,2024-03-08 16:00:00,16,8,3,0.046,,,,,0.32,40.0,3.0,23.0,31.0,,0.8,46.0,,629.0,,
MIR,2024-03-08 17:00:00,17,8,3,0.042,,,,,0.336,29.0,4.0,23.0,30.0,,0.6,159.0,,629.0,,
MIR,2024-03-08 18:00:00,18,8,3,0.026,,,,,0.46,26.0,3.0,23.0,27.0,,0.7,218.0,,630.0,,
MIR,2024-03-08 19:00:00,19,8,3,0.018,,,,,0.521,38.0,5.0,23.0,24.0,,0.8,19.0,,630.0,,
MIR,2024-03-08 20:00:00,20,8,3,0.019,,,,,0.495,31.0,6.0,24.0,22.0,,0.7,47.0,,631.0,,
MIR,2024-03-08 21:00:00,21,8,3,0.011,,,,,0.582,26.0,6.0,23.0,20.0,,0.4,30.0,,631.0,,
MIR,2024-03-08 22:00:00,22,8,3,0.001,,,,,0.922,41.0,5.0,23.0,18.0,,0.4,49.0,,632.0,,
MIR,2024-03-08 23:00:00,23,8,3,0.001,,,,,1.119,61.0,17.0,24.0,17.0,,0.4,41.0,,632.0,,
MIR,2024-03-09 00:00:00,0,9,3,0.0,,,,,0.892,49.0,11.0,23.0,16.0,,0.5,43.0,,632.0,,
MIR,2024-03-09 01:00:00,1,9,3,0.0,,,,,0.465,161.0,52.0,23.0,15.0,,0.5,49.0,,632.0,,
MIR,2024-03-09 02:00:00,2,9,3,0.002,,,,,0.501,66.0,17.0,23.0,15.0,,0.6,51.0,,632.0,,
MIR,2024-03-09 03:00:00,3,9,3,,,,,,0.828,51.0,17.0,23.0,14.0,,0.4,51.0,,632.0,,
MIR,2024-03-09 04:00:00,4,9,3,,,,,,0.6,122.0,41.0,23.0,13.0,,0.5,60.0,,631.0,,
MIR,2024-03-09 05:00:00,5,9,3,,,,,,0.71,96.0,36.0,23.0,12.0,,0.4,53.0,,631.0,,
MIR,2024-03-09 06:00:00,6,9,3,,,,,,1.082,124.0,44.0,23.0,12.0,,0.4,47.0,,631.0,,
MIR,2024-03-09 07:00:00,7,9,3,,,,,,2.327,147.0,46.0,23.0,11.0,,0.5,53.0,,632.0,,
MIR,2024-03-09 08:00:00,8,9,3,0.004,,,,,0.481,243.0,56.0,23.0,17.0,,0.5,54.0,,632.0,,
MIR,2024-03-09 09:00:00,9,9,3,0.017,,,,,0.363,125.0,50.0,23.0,21.0,,0.6,43.0,,632.0,,
MIR,2024-03-09 10:00:00,10,9,3,0.037,,,,,0.575,146.0,55.0,23.0,24.0,,0.5,59.0,,632.0,,
MIR,2024-03-09 11:00:00,11,9,3,0.049,,,,,0.298,102.0,37.0,23.0,27.0,,0.6,30.0,,632.0,,
MIR,2024-03-09 12:00:00,12,9,3,0.061,,,,,0.367,81.0,23.0,23.0,30.0,,0.8,42.0,,631.0,,
MIR,2024-03-09 13:00:00,13,9,3,0.051,,,,,0.333,59.0,15.0,23.0,31.0,,1.0,47.0,,630.0,,
MIR,2024-03-09 14:00:00,14,9,3,0.053,,,,,0.37,51.0,13.0,23.0,32.0,,0.9,211.0,,630.0,,
MIR,2024-03-09 15:00:00,15,9,3,0.047,,,,,0.31,51.0,11.0,23.0,33.0,,0.6,209.0,,629.0,,
MIR,2024-03-09 16:00:00,16,9,3,0.047,,,,,0.355,59.0,7.0,23.0,33.0,,0.8,345.0,,629.0,,
MIR,2024-03-09 17:00:00,17,9,3,0.048,,,,,0.379,45.0,2.0,23.0,32.0,,0.7,49.0,,629.0,,
MIR,2024-03-09 18:00:00,18,9,3,0.046,,,,,0.419,34.0,4.0,23.0,30.0,,0.7,216.0,,629.0,,
MIR,2024-03-09 19:00:00,19,9,3,0.043,,,,,0.487,29.0,9.0,23.0,26.0,,0.6,62.0,,630.0,,
MIR,2024-03-09 20:00:00,20,9,3,0.035,,,,,0.543,34.0,10.0,23.0,24.0,,0.5,50.0,,631.0,,
MIR,2024-03-09 21:00:00,21,9,3,0.033,,,,,0.458,33.0,12.0,24.0,22.0,,0.6,26.0,,631.0,,
MIR,2024-03-09 22:00:00,22,9,3,0.027,,,,,0.56,33.0,15.0,23.0,20.0,,0.5,50.0,,632.0,,
MIR,2024-03-09 23:00:00,23,9,3,0.019,,,,,0.643,29.0,14.0,23.0,18.0,,0.4,42.0,,632.0,,
MIR,2024-03-10 00:00:00,0,10,3,0.015,,,,,0.629,24.0,11.0,23.0,17.0,,0.4,41.0,,632.0,,
MIR,2024-03-10 01:00:00,1,10,3,0.003,,,,,0.858,28.0,13.0,23.0,16.0,,0.4,61.0,,632.0,,
MIR,2024-03-10 02:00:00,2,10,3,0.0,,,,,0.675,55.0,18.0,23.0,15.0,,0.5,58.0,,632.0,,
MIR,2024-03-10 03:00:00,3,10,3,0.003,,,,,0.487,65.0,26.0,23.0,14.0,,0.5,64.0,,632.0,,
MIR,2024-03-10 04:00:00,4,10,3,0.0,,,,,0.778,52.0,21.0,23.0,13.0,,0.5,51.0,,631.0,,
MIR,2024-03-10 05:00:00,5,10,3,0.001,,,,,1.309,100.0,48.0,23.0,13.0,,0.5,59.0,,631.0,,
MIR,2024-03-10 06:00:00,6,10,3,0.0,,,,,1.481,157.0,82.0,23.0,12.0,,0.5,60.0,,632.0,,
MIR,2024-03-10 07:00:00,7,10,3,0.0,,,,,1.511,183.0,105.0,23.0,12.0,,0.4,55.0,,632.0,,
MIR,2024-03-10 08:00:00,8,10,3,0.009,,,,,1.013,172.0,83.0,23.0,16.0,,0.5,43.0,,633.0,,
MIR,2024-03-10 09:00:00,9,10,3,0.034,,,,,0.192,156.0,73.0,23.0,21.0,,0.7,33.0,,633.0,,
MIR,2024-03-10 10:00:00,10,10,3,0.062,,,,,0.418,95.0,51.0,23.0,24.0,,0.5,31.0,,633.0,,
MIR,2024-03-10 11:00:00,11,10,3,0.064,,,,,0.274,84.0,42.0,23.0,27.0,,0.5,48.0,,633.0,,
MIR,2024-03-10 12:00:00,12,10,3,0.07,,,,,0.357,55.0,19.0,23.0,30.0,,0.6,242.0,,632.0,,
MIR,2024-03-10 13:00:00,13,10,3,0.06,,,,,0.275,43.0,13.0,23.0,32.0,,0.8,211.0,,631.0,,
MIR,2024-03-10 14:00:00,14,10,3,0.051,,,,,0.331,23.0,8.0,23.0,33.0,,0.5,321.0,,630.0,,
MIR,2024-03-10 15:00:00,15,10,3,0.051,,,,,0.314,16.0,4.0,23.0,33.0,,0.7,25.0,,630.0,,
MIR,2024-03-10 16:00:00,16,10,3,0.049,,,,,0.398,20.0,5.0,23.0,33.0,,0.8,20.0,,630.0,,
MIR,2024-03-10 17:00:00,17,10,3,0.051,,,,,0.376,26.0,9.0,23.0,32.0,,0.8,17.0,,630.0,,
MIR,2024-03-10 18:00:00,18,10,3,0.056,,,,,0.431,23.0,6.0,23.0,30.0,,0.6,0.0,,630.0,,
MIR,2024-03-10 19:00:00,19,10,3,0.045,,,,,0.608,23.0,7.0,23.0,27.0,,0.5,41.0,,631.0,,
MIR,2024-03-10 20:00:00,20,10,3,0.034,,,,,0.57,19.0,4.0,23.0,24.0,,0.6,35.0,,632.0,,
MIR,2024-03-10 21:00:00,21,10,3,0.035,,,,,0.537,34.0,8.0,24.0,23.0,,0.6,32.0,,633.0,,
MIR,2024-03-10 22:00:00,22,10,3,0.027,,,,,0.63,46.0,10.0,23.0,21.0,,0.5,51.0,,633.0,,
MIR,2024-03-10 23:00:00,23,10,3,0.014,,,,,0.752,43.0,15.0,23.0,19.0,,0.5,48.0,,633.0,,
MIR,2024-03-11 00:00:00,0,11,3,0.02,,,,,0.538,44.0,18.0,23.0,18.0,,0.4,44.0,,633.0,,
MIR,2024-03-11 01:00:00,1,11,3,0.004,,,,,0.547,38.0,12.0,23.0,16.0,,0.4,56.0,,633.0,,
MIR,2024-03-11 02:00:00,2,11,3,0.0,,,,,0.671,95.0,18.0,23.0,15.0,,0.5,58.0,,633.0,,
MIR,2024-03-11 03:00:00,3,11,3,0.002,,,,,0.576,63.0,22.0,23.0,14.0,,0.4,53.0,,632.0,,
MIR,2024-03-11 04:00:00,4,11,3,0.0,,,,,0.535,51.0,23.0,23.0,14.0,,0.4,62.0,,632.0,,
MIR,2024-03-11 05:00:00,5,11,3,0.0,,,,,0.844,71.0,36.0,23.0,13.0,,0.4,56.0,,633.0,,
MIR,2024-03-11 06:00:00,6,11,3,0.0,,,,,1.839,119.0,61.0,23.0,12.0,,0.6,74.0,,633.0,,
MIR,2024-03-11 07:00:00,7,11,3,0.001,,,,,2.716,138.0,57.0,23.0,13.0,,0.5,59.0,,633.0,,
MIR,2024-03-11 08:00:00,8,11,3,0.003,,,,,1.362,292.0,119.0,23.0,17.0,,0.6,51.0,,634.0,,
MIR,2024-03-11 09:00:00,9,11,3,0.02,,,,,,275.0,102.0,23.0,22.0,,0.5,45.0,,634.0,,
MIR,2024-03-11 10:00:00,10,11,3,0.044,,,,,0.337,154.0,55.0,23.0,25.0,,0.5,37.0,,634.0,,
MIR,2024-03-11 11:00:00,11,11,3,0.055,,,,,0.182,91.0,26.0,23.0,27.0,,0.5,242.0,,634.0,,
MIR,2024-03-11 12:00:00,12,11,3,0.052,,,,,0.243,83.0,28.0,23.0,29.0,,0.5,216.0,,633.0,,
MIR,2024-03-11 13:00:00,13,11,3,0.06,,,,,0.141,52.0,17.0,23.0,31.0,,0.6,214.0,,633.0,,
MIR,2024-03-11 14:00:00,14,11,3,0.063,,,,,0.319,42.0,11.0,23.0,33.0,,0.7,207.0,,632.0,,
MIR,2024-03-11 15:00:00,15,11,3,0.049,,,,,0.335,42.0,9.0,23.0,33.0,,0.6,214.0,,631.0,,
MIR,2024-03-11 16:00:00,16,11,3,0.041,,,,,0.332,38.0,5.0,23.0,33.0,,0.8,253.0,,631.0,,
MIR,2024-03-11 17:00:00,17,11,3,0.043,,,,,0.352,30.0,5.0,23.0,32.0,,0.7,211.0,,631.0,,
MIR,2024-03-11 18:00:00,18,11,3,0.036,,,,,0.443,28.0,4.0,23.0,31.0,,0.6,217.0,,631.0,,
MIR,2024-03-11 19:00:00,19,11,3,0.028,,,,,0.617,24.0,9.0,23.0,28.0,,0.7,30.0,,632.0,,
MIR,2024-03-11 20:00:00,20,11,3,0.035,,,,,0.427,38.0,8.0,23.0,25.0,,0.6,215.0,,633.0,,
MIR,2024-03-11 21:00:00,21,11,3,0.024,,,,,0.468,51.0,11.0,23.0,23.0,,0.7,208.0,,633.0,,
MIR,2024-03-11 22:00:00,22,11,3,0.037,,,,,0.386,49.0,17.0,23.0,22.0,,0.6,201.0,,634.0,,
MIR,2024-03-11 23:00:00,23,11,3,0.033,,,,,0.3,33.0,11.0,23.0,21.0,,0.5,210.0,,634.0,,
MIR,2024-03-12 00:00:00,0,12,3,0.028,,,,,0.381,31.0,9.0,23.0,19.0,,0.4,257.0,,634.0,,
MIR,2024-03-12 01:00:00,1,12,3,0.028,,,,,0.344,30.0,15.0,23.0,18.0,,0.4,185.0,,634.0,,
MIR,2024-03-12 02:00:00,2,12,3,0.021,,,,,0.367,29.0,7.0,23.0,16.0,,0.5,296.0,,634.0,,
MIR,2024-03-12 03:00:00,3,12,3,0.015,,,,,0.44,23.0,15.0,23.0,16.0,,0.4,275.0,,634.0,,
MIR,2024-03-12 04:00:00,4,12,3,0.012,,,,,0.379,41.0,15.0,23.0,15.0,,0.5,185.0,,634.0,,
MIR,2024-03-12 05:00:00,5,12,3,0.024,,,,,0.333,49.0,16.0,23.0,16.0,,0.5,297.0,,634.0,,
MIR,2024-03-12 06:00:00,6,12,3,0.002,,,,,1.074,28.0,11.0,23.0,15.0,,0.4,256.0,,634.0,,
MIR,2024-03-12 07:00:00,7,12,3,0.001,,,,,2.353,110.0,24.0,23.0,14.0,,0.6,262.0,,635.0,,
MIR,2024-03-12 08:00:00,8,12,3,0.005,,,,,0.539,155.0,49.0,23.0,18.0,,0.5,210.0,,635.0,,
MIR,2024-03-12 09:00:00,9,12,3,0.02,,,,,0.228,176.0,48.0,23.0,21.0,,0.7,174.0,,635.0,,
MIR,2024-03-12 10:00:00,10,12,3,0.041,,,,,0.208,123.0,49.0,23.0,24.0,,0.6,217.0,,635.0,,
MIR,2024-03-12 11:00:00,11,12,3,0.049,,,,,0.092,73.0,27.0,23.0,26.0,,0.5,218.0,,635.0,,
MIR,2024-03-12 12:00:00,12,12,3,0.06,,,,,0.338,66.0,22.0,23.0,29.0,,0.6,215.0,,634.0,,
MIR,2024-03-12 13:00:00,13,12,3,0.07,,,,,0.315,58.0,16.0,23.0,30.0,,0.6,213.0,,633.0,,
MIR,2024-03-12 14:00:00,14,12,3,0.055,,,,,0.297,53.0,16.0,23.0,31.0,,0.9,213.0,,632.0,,
MIR,2024-03-12 15:00:00,15,12,3,0.054,,,,,0.281,47.0,18.0,23.0,32.0,,0.8,211.0,,632.0,,
MIR,2024-03-12 16:00:00,16,12,3,0.046,,,,,0.3,41.0,13.0,23.0,32.0,,0.7,212.0,,631.0,,
MIR,2024-03-12 17:00:00,17,12,3,0.038,,,,,0.331,34.0,10.0,23.0,31.0,,0.9,112.0,,631.0,,
MIR,2024-03-12 18:00:00,18,12,3,0.035,,,,,0.397,,,23.0,29.0,,0.8,49.0,,631.0,,
MIR,2024-03-12 19:00:00,19,12,3,0.028,,,,,0.556,,,23.0,27.0,,0.7,219.0,,632.0,,
MIR,2024-03-12 20:00:00,20,12,3,0.033,,,,,0.441,,,23.0,24.0,,0.5,221.0,,633.0,,
MIR,2024-03-12 21:00:00,21,12,3,0.026,,,,,0.576,,,23.0,22.0,,0.6,226.0,,633.0,,
MIR,2024-03-12 22:00:00,22,12,3,0.025,,,,,0.431,,,23.0,21.0,,0.4,222.0,,634.0,,
MIR,2024-03-12 23:00:00,23,12,3,0.019,,,,,0.45,,,23.0,19.0,,0.5,217.0,,634.0,,
MIR,2024-03-13 00:00:00,0,13,3,0.017,,,,,0.426,,,23.0,18.0,,0.5,213.0,,634.0,,
MIR,2024-03-13 01:00:00,1,13,3,0.01,,,,,0.324,33.0,,23.0,17.0,,0.5,223.0,,633.0,,
MIR,2024-03-13 02:00:00,2,13,3,0.007,,,,,0.481,63.0,,23.0,17.0,,0.5,247.0,,633.0,,
MIR,2024-03-13 03:00:00,3,13,3,0.01,,,,,0.414,56.0,,23.0,17.0,,0.5,240.0,,632.0,,
MIR,2024-03-13 04:00:00,4,13,3,0.003,,,,,0.625,57.0,,23.0,16.0,,0.4,319.0,,632.0,,
MIR,2024-03-13 05:00:00,5,13,3,0.0,,,,,0.865,65.0,,23.0,14.0,,0.5,33.0,,633.0,,
MIR,2024-03-13 06:00:00,6,13,3,0.0,,,,,0.762,107.0,,23.0,14.0,,0.5,262.0,,633.0,,
MIR,2024-03-13 07:00:00,7,13,3,0.001,,,,,2.437,141.0,,23.0,14.0,,0.5,300.0,,633.0,,
MIR,2024-03-13 08:00:00,8,13,3,0.004,,,,,0.659,253.0,,23.0,18.0,,0.6,239.0,,633.0,,
MIR,2024-03-13 09:00:00,9,13,3,0.023,,,,,,191.0,,23.0,21.0,,0.5,202.0,,633.0,,
MIR,2024-03-13 10:00:00,10,13,3,0.043,,,,,0.298,142.0,,23.0,24.0,,0.6,218.0,,633.0,,
MIR,2024-03-13 11:00:00,11,13,3,0.052,,,,,0.216,69.0,,23.0,27.0,,0.5,217.0,,633.0,,
MIR,2024-03-13 12:00:00,12,13,3,0.057,,,,,0.322,58.0,,23.0,29.0,,0.7,215.0,,632.0,,
MIR,2024-03-13 13:00:00,13,13,3,0.057,,,,,0.29,64.0,,23.0,30.0,,0.7,212.0,,632.0,,
MIR,2024-03-13 14:00:00,14,13,3,0.054,,,,,0.302,45.0,,23.0,31.0,,0.8,211.0,,631.0,,
MIR,2024-03-13 15:00:00,15,13,3,0.046,,,,,0.259,41.0,,23.0,32.0,,0.9,213.0,,630.0,,
MIR,2024-03-13 16:00:00,16,13,3,0.044,,,,,0.301,40.0,,23.0,31.0,,0.6,208.0,,630.0,,
MIR,2024-03-13 17:00:00,17,13,3,0.042,,,,,0.343,36.0,,23.0,30.0,,0.6,212.0,,630.0,,
MIR,2024-03-13 18:00:00,18,13,3,0.038,,,,,0.447,36.0,,23.0,29.0,,0.7,215.0,,630.0,,
MIR,2024-03-13 19:00:00,19,13,3,0.025,,,,,0.653,39.0,,23.0,27.0,,0.7,220.0,,630.0,,
MIR,2024-03-13 20:00:00,20,13,3,0.026,,,,,0.481,61.0,,23.0,25.0,,0.7,221.0,,631.0,,
MIR,2024-03-13 21:00:00,21,13,3,0.024,,,,,0.463,48.0,,23.0,23.0,,0.5,42.0,,631.0,,
MIR,2024-03-13 22:00:00,22,13,3,0.013,,,,,0.753,45.0,,23.0,21.0,,0.5,33.0,,631.0,,
MIR,2024-03-13 23:00:00,23,13,3,0.006,,,,,0.741,60.0,,23.0,19.0,,0.5,36.0,,632.0,,
MIR,2024-03-14 00:00:00,0,14,3,0.006,,,,,0.616,72.0,,23.0,18.0,,0.4,49.0,,632.0,,
MIR,2024-03-14 01:00:00,1,14,3,0.003,,,,,0.543,86.0,,23.0,17.0,,0.4,55.0,,631.0,,
MIR,2024-03-14 02:00:00,2,14,3,0.002,,,,,0.446,58.0,,23.0,16.0,,0.6,51.0,,631.0,,
MIR,2024-03-14 03:00:00,3,14,3,,,,,,0.439,47.0,,23.0,15.0,,0.4,62.0,,631.0,,
MIR,2024-03-14 04:00:00,4,14,3,,,,,,0.673,46.0,,23.0,15.0,,0.5,69.0,,631.0,,
MIR,2024-03-14 05:00:00,5,14,3,,,,,,0.918,99.0,,23.0,14.0,,0.5,52.0,,631.0,,
MIR,2024-03-14 06:00:00,6,14,3,,,,,,0.973,118.0,,23.0,13.0,,0.4,78.0,,631.0,,
MIR,2024-03-14 07:00:00,7,14,3,,,,,,1.488,150.0,,23.0,13.0,,0.4,50.0,,631.0,,
MIR,2024-03-14 08:00:00,8,14,3,0.006,,,,,0.73,150.0,,23.0,18.0,,0.5,107.0,,631.0,,
MIR,2024-03-14 09:00:00,9,14,3,0.01,,,,,0.561,157.0,,23.0,21.0,,0.6,228.0,,632.0,,
MIR,2024-03-14 10:00:00,10,14,3,0.029,,,,,0.19,223.0,,23.0,24.0,,0.6,217.0,,632.0,,
MIR,2024-03-14 11:00:00,11,14,3,0.047,,,,,,108.0,,23.0,27.0,,0.6,218.0,,631.0,,
MIR,2024-03-14 12:00:00,12,14,3,0.046,,,,,0.269,55.0,,23.0,30.0,,0.6,213.0,,631.0,,
MIR,2024-03-14 13:00:00,13,14,3,0.047,,,,,0.227,47.0,,23.0,31.0,,0.8,211.0,,630.0,,
MIR,2024-03-14 14:00:00,14,14,3,0.051,,,,,0.296,31.0,,23.0,32.0,,0.7,212.0,,629.0,,
MIR,2024-03-14 15:00:00,15,14,3,0.042,,,,,0.271,31.0,,23.0,33.0,,0.8,210.0,,628.0,,
MIR,2024-03-14 16:00:00,16,14,3,0.036,,,,,0.333,38.0,5.0,23.0,32.0,,1.1,210.0,,628.0,,
MIR,2024-03-14 17:00:00,17,14,3,0.03,,,,,0.343,44.0,5.0,23.0,31.0,,0.8,212.0,,628.0,,
MIR,2024-03-14 18:00:00,18,14,3,0.032,,,,,0.369,69.0,7.0,23.0,29.0,,0.5,212.0,,629.0,,
MIR,2024-03-14 19:00:00,19,14,3,0.029,,,,,0.481,69.0,11.0,23.0,26.0,,0.8,218.0,,630.0,,
MIR,2024-03-14 20:00:00,20,14,3,0.036,,,,,0.387,53.0,9.0,23.0,25.0,,0.9,218.0,,630.0,,
MIR,2024-03-14 21:00:00,21,14,3,0.035,,,,,0.434,67.0,19.0,23.0,23.0,,0.8,221.0,,631.0,,
MIR,2024-03-14 22:00:00,22,14,3,0.032,,,,,0.369,49.0,19.0,23.0,22.0,,0.8,223.0,,631.0,,
MIR,2024-03-14 23:00:00,23,14,3,0.031,,,,,0.277,40.0,15.0,23.0,21.0,,0.5,221.0,,631.0,,
MIR,2024-03-15 00:00:00,0,15,3,0.025,,,,,0.335,25.0,11.0,23.0,19.0,,0.5,222.0,,632.0,,
MIR,2024-03-15 01:00:00,1,15,3,0.004,,,,,0.469,34.0,10.0,23.0,18.0,,0.5,225.0,,632.0,,
MIR,2024-03-15 02:00:00,2,15,3,0.004,,,,,0.523,54.0,20.0,23.0,16.0,,0.4,232.0,,631.0,,
MIR,2024-03-15 03:00:00,3,15,3,0.008,,,,,0.423,51.0,21.0,23.0,15.0,,0.5,238.0,,631.0,,
MIR,2024-03-15 04:00:00,4,15,3,0.003,,,,,0.514,38.0,13.0,23.0,14.0,,0.5,227.0,,631.0,,
MIR,2024-03-15 05:00:00,5,15,3,0.0,,,,,0.944,38.0,16.0,23.0,14.0,,0.4,221.0,,631.0,,
MIR,2024-03-15 06:00:00,6,15,3,0.0,,,,,1.113,102.0,40.0,23.0,14.0,,0.5,236.0,,632.0,,
MIR,2024-03-15 07:00:00,7,15,3,0.001,,,,,2.028,116.0,48.0,23.0,14.0,,0.4,260.0,,632.0,,
MIR,2024-03-15 08:00:00,8,15,3,0.006,,,,,0.779,142.0,54.0,23.0,18.0,,0.5,214.0,,632.0,,
MIR,2024-03-15 09:00:00,9,15,3,0.025,,,,,,111.0,42.0,23.0,22.0,,0.6,222.0,,632.0,,
MIR,2024-03-15 10:00:00,10,15,3,0.041,,,,,0.206,72.0,24.0,23.0,25.0,,0.6,220.0,,632.0,,
MIR,2024-03-15 11:00:00,11,15,3,0.044,,,,,0.13,89.0,29.0,23.0,27.0,,0.6,219.0,,632.0,,
MIR,2024-03-15 12:00:00,12,15,3,0.048,,,,,0.118,94.0,27.0,23.0,29.0,,0.8,215.0,,632.0,,
MIR,2024-03-15 13:00:00,13,15,3,0.048,,,,,0.092,46.0,15.0,23.0,29.0,,0.9,215.0,,631.0,,
MIR,2024-03-15 14:00:00,14,15,3,0.047,,,,,0.144,48.0,12.0,23.0,30.0,,0.7,214.0,,630.0,,
MIR,2024-03-15 15:00:00,15,15,3,0.04,,,,,0.105,45.0,15.0,23.0,31.0,,1.2,212.0,,630.0,,
MIR,2024-03-15 16:00:00,16,15,3,0.035,,,,,0.125,49.0,8.0,23.0,31.0,,0.7,211.0,,629.0,,
MIR,2024-03-15 17:00:00,17,15,3,0.03,,,,,0.153,58.0,10.0,23.0,30.0,,0.7,211.0,,629.0,,
MIR,2024-03-15 18:00:00,18,15,3,0.028,,,,,0.258,40.0,9.0,23.0,29.0,,0.8,213.0,,630.0,,
MIR,2024-03-15 19:00:00,19,15,3,0.023,,,,,0.263,42.0,10.0,23.0,27.0,,0.7,217.0,,630.0,,
MIR,2024-03-15 20:00:00,20,15,3,0.016,,,,,0.412,44.0,11.0,23.0,25.0,,0.7,219.0,,631.0,,
MIR,2024-03-15 21:00:00,21,15,3,0.016,,,,,0.347,52.0,16.0,23.0,24.0,,0.5,222.0,,631.0,,
MIR,2024-03-15 22:00:00,22,15,3,0.013,,,,,0.368,32.0,13.0,23.0,22.0,,0.6,222.0,,631.0,,
MIR,2024-03-15 23:00:00,23,15,3,0.005,,,,,0.712,39.0,18.0,23.0,20.0,,0.4,215.0,,632.0,,
MIR,2024-03-16 00:00:00,0,16,3,,,,,,0.67,50.0,19.0,23.0,18.0,,0.5,220.0,,632.0,,
MIR,2024-03-16 01:00:00,1,16,3,,,,,,0.462,57.0,23.0,23.0,17.0,,0.5,240.0,,632.0,,
MIR,2024-03-16 02:00:00,2,16,3,,,,,,0.276,101.0,28.0,23.0,16.0,,0.4,243.0,,631.0,,
MIR,2024-03-16 03:00:00,3,16,3,,,,,,0.46,46.0,17.0,23.0,16.0,,0.4,245.0,,631.0,,
MIR,2024-03-16 04:00:00,4,16,3,,,,,,0.447,66.0,29.0,23.0,15.0,,0.5,78.0,,631.0,,
MIR,2024-03-16 05:00:00,5,16,3,,,,,,0.219,83.0,41.0,23.0,14.0,,0.5,149.0,,631.0,,
MIR,2024-03-16 06:00:00,6,16,3,0.001,,,,,1.745,43.0,22.0,23.0,14.0,,0.6,353.0,,631.0,,
MIR,2024-03-16 07:00:00,7,16,3,0.001,,,,,2.094,207.0,88.0,23.0,14.0,,0.6,171.0,,632.0,,
MIR,2024-03-16 08:00:00,8,16,3,0.005,,,,,1.007,234.0,120.0,23.0,17.0,,0.6,237.0,,632.0,,
MIR,2024-03-16 09:00:00,9,16,3,0.018,,,,,0.005,240.0,119.0,23.0,21.0,,0.6,215.0,,632.0,,
MIR,2024-03-16 10:00:00,10,16,3,0.038,,,,,0.056,164.0,69.0,23.0,25.0,,0.5,218.0,,632.0,,
MIR,2024-03-16 11:00:00,11,16,3,0.047,,,,,,79.0,28.0,23.0,28.0,,0.5,215.0,,632.0,,
MIR,2024-03-16 12:00:00,12,16,3,0.05,,,,,0.096,51.0,19.0,23.0,30.0,,0.9,214.0,,631.0,,
MIR,2024-03-16 13:00:00,13,16,3,0.054,,,,,0.099,35.0,6.0,23.0,32.0,,0.8,211.0,,630.0,,
MIR,2024-03-16 14:00:00,14,16,3,0.043,,,,,0.078,34.0,9.0,23.0,33.0,,1.0,209.0,,629.0,,
MIR,2024-03-16 15:00:00,15,16,3,0.04,,,,,0.083,35.0,6.0,23.0,34.0,,1.0,209.0,,629.0,,
MIR,2024-03-16 16:00:00,16,16,3,0.031,,,,,0.124,43.0,6.0,23.0,34.0,,0.7,14.0,,629.0,,
MIR,2024-03-16 17:00:00,17,16,3,0.028,,,,,0.118,38.0,3.0,23.0,32.0,,0.9,282.0,,629.0,,
MIR,2024-03-16 18:00:00,18,16,3,0.028,,,,,0.145,43.0,5.0,23.0,30.0,,0.7,208.0,,629.0,,
MIR,2024-03-16 19:00:00,19,16,3,,,,,,,,,,,,,,,,,
MIR,2024-03-16 20:00:00,20,16,3,,,,,,,,,,,,,,,,,
MIR,2024-03-16 21:00:00,21,16,3,,,,,,,,,,,,,,,,,
MIR,2024-03-16 22:00:00,22,16,3,,,,,,,,,,,,,,,,,
MIR,2024-03-16 23:00:00,23,16,3,,,,,,,,,,,,,,,,,
MIR,2024-03-17 00:00:00,0,17,3,,,,,,,,,,,,,,,,,
MIR,2024-03-17 01:00:00,1,17,3,,,,,,,,,,,,,,,,,
MIR,2024-03-17 02:00:00,2,17,3,,,,,,,,,,,,,,,,,
MIR,2024-03-17 03:00:00,3,17,3,,,,,,,,,,,,,,,,,
MIR,2024-03-17 04:00:00,4,17,3,,,,,,,,,,,,,,,,,
MIR,2024-03-17 05:00:00,5,17,3,,,,,,,,,,,,,,,,,
MIR,2024-03-17 06:00:00,6,17,3,,,,,,,,,,,,,,,,,
MIR,2024-03-17 07:00:00,7,17,3,,,,,,,,,,,,,,,,,
MIR,2024-03-17 08:00:00,8,17,3,,,,,,,,,,,,,,,,,
MIR,2024-03-17 09:00:00,9,17,3,,,,,,,,,,,,,,,,,
MIR,2024-03-17 10:00:00,10,17,3,,,,,,,,,,,,,,,,,
MIR,2024-03-17 11:00:00,11,17,3,,,,,,,,,,,,,,,,,
MIR,2024-03-17 12:00:00,12,17,3,,,,,,,,,,,,,,,,,
MIR,2024-03-17 13:00:00,13,17,3,,,,,,,,,,,,,,,,,
MIR,2024-03-17 14:00:00,14,17,3,,,,,,,,,,,,,,,,,
MIR,2024-03-17 15:00:00,15,17,3,,,,,,,,,,,,,,,,,
MIR,2024-03-17 16:00:00,16,17,3,,,,,,,,,,,,,,,,,
MIR,2024-03-17 17:00:00,17,17,3,,,,,,,,,,,,,,,,,
MIR,2024-03-17 18:00:00,18,17,3,,,,,,,,,,,,,,,,,
MIR,2024-03-17 19:00:00,19,17,3,,,,,,,,,,,,,,,,,
MIR,2024-03-17 20:00:00,20,17,3,,,,,,,,,,,,,,,,,
MIR,2024-03-17 21:00:00,21,17,3,,,,,,,,,,,,,,,,,
MIR,2024-03-17 22:00:00,22,17,3,,,,,,,,,,,,,,,,,
MIR,2024-03-17 23:00:00,23,17,3,,,,,,,,,,,,,,,,,
MIR,2024-03-18 00:00:00,0,18,3,,,,,,,,,,,,,,,,,
MIR,2024-03-18 01:00:00,1,18,3,,,,,,,,,,,,,,,,,
MIR,2024-03-18 02:00:00,2,18,3,,,,,,,,,,,,,,,,,
MIR,2024-03-18 03:00:00,3,18,3,,,,,,,,,,,,,,,,,
MIR,2024-03-18 04:00:00,4,18,3,,,,,,,,,,,,,,,,,
MIR,2024-03-18 05:00:00,5,18,3,,,,,,,,,,,,,,,,,
MIR,2024-03-18 06:00:00,6,18,3,,,,,,,,,,,,,,,,,
MIR,2024-03-18 07:00:00,7,18,3,,,,,,,,,,,,,,,,,
MIR,2024-03-18 08:00:00,8,18,3,,,,,,,,,,,,,,,,,
MIR,2024-03-18 09:00:00,9,18,3,0.024,,,,,0.306,,,22.0,21.0,,0.7,51.0,,632.0,,
MIR,2024-03-18 10:00:00,10,18,3,0.036,,,,,0.178,92.0,35.0,21.0,26.0,,0.5,219.0,,632.0,,
MIR,2024-03-18 11:00:00,11,18,3,0.04,,,,,,55.0,18.0,20.0,29.0,,0.5,215.0,,632.0,,
MIR,2024-03-18 12:00:00,12,18,3,0.04,,,,,0.063,24.0,7.0,21.0,31.0,,1.0,212.0,,632.0,,
MIR,2024-03-18 13:00:00,13,18,3,0.043,,,,,0.042,28.0,4.0,21.0,32.0,,0.6,211.0,,631.0,,
MIR,2024-03-18 14:00:00,14,18,3,0.041,,,,,0.103,19.0,2.0,21.0,33.0,,0.9,211.0,,630.0,,
MIR,2024-03-18 15:00:00,15,18,3,0.042,,,,,0.142,27.0,4.0,21.0,34.0,,0.9,210.0,,630.0,,
MIR,2024-03-18 16:00:00,16,18,3,0.04,,,,,0.359,22.0,5.0,21.0,33.0,,0.9,211.0,,630.0,,
MIR,2024-03-18 17:00:00,17,18,3,0.04,,,,,0.212,25.0,4.0,21.0,33.0,,0.6,210.0,,630.0,,
MIR,2024-03-18 18:00:00,18,18,3,0.036,,,,,0.145,21.0,1.0,21.0,30.0,,0.7,210.0,,630.0,,
MIR,2024-03-18 19:00:00,19,18,3,0.027,,,,,0.335,25.0,2.0,21.0,27.0,,0.6,218.0,,631.0,,
MIR,2024-03-18 20:00:00,20,18,3,0.02,,,,,0.437,22.0,4.0,21.0,25.0,,0.4,219.0,,632.0,,
MIR,2024-03-18 21:00:00,21,18,3,0.017,,,,,0.5,27.0,5.0,21.0,24.0,,,221.0,,632.0,,
MIR,2024-03-18 22:00:00,22,18,3,0.011,,,,,0.518,31.0,8.0,22.0,22.0,,,221.0,,633.0,,
MIR,2024-03-18 23:00:00,23,18,3,0.003,,,,,0.644,43.0,11.0,21.0,22.0,,,225.0,,633.0,,
MIR,2024-03-19 00:00:00,0,19,3,0.023,,,,,0.097,37.0,17.0,21.0,22.0,,,217.0,,632.0,,
MIR,2024-03-19 01:00:00,1,19,3,0.019,,,,,0.07,19.0,8.0,21.0,21.0,,0.4,225.0,,632.0,,
MIR,2024-03-19 02:00:00,2,19,3,0.011,,,,,0.357,25.0,11.0,21.0,20.0,,0.4,221.0,,632.0,,
MIR,2024-03-19 03:00:00,3,19,3,0.004,,,,,0.383,27.0,10.0,21.0,19.0,,,228.0,,632.0,,
MIR,2024-03-19 04:00:00,4,19,3,0.008,,,,,0.26,42.0,11.0,21.0,18.0,,,227.0,,632.0,,
MIR,2024-03-19 05:00:00,5,19,3,0.002,,,,,0.33,25.0,14.0,22.0,17.0,,,209.0,,632.0,,
MIR,2024-03-19 06:00:00,6,19,3,0.001,,,,,1.196,28.0,16.0,21.0,17.0,,,226.0,,633.0,,
MIR,2024-03-19 07:00:00,7,19,3,0.001,,,,,1.702,166.0,54.0,21.0,18.0,,,237.0,,633.0,,
MIR,2024-03-19 08:00:00,8,19,3,0.004,,,,,0.812,184.0,63.0,21.0,20.0,,,217.0,,633.0,,
MIR,2024-03-19 09:00:00,9,19,3,0.016,,,,,0.573,175.0,58.0,21.0,24.0,,0.6,220.0,,633.0,,
MIR,2024-03-19 10:00:00,10,19,3,0.035,,,,,,197.0,63.0,21.0,28.0,,0.5,219.0,,633.0,,
MIR,2024-03-19 11:00:00,11,19,3,0.042,,,,,,83.0,24.0,21.0,31.0,,0.5,213.0,,633.0,,
MIR,2024-03-19 12:00:00,12,19,3,0.051,,,,,0.016,58.0,14.0,21.0,33.0,,0.8,211.0,,632.0,,
MIR,2024-03-19 13:00:00,13,19,3,0.043,,,,,,33.0,8.0,21.0,33.0,,0.9,211.0,,632.0,,
MIR,2024-03-19 14:00:00,14,19,3,0.047,,,,,0.102,22.0,6.0,21.0,34.0,,0.8,207.0,,631.0,,
MIR,2024-03-19 15:00:00,15,19,3,0.043,,,,,0.139,31.0,4.0,21.0,35.0,,0.7,206.0,,630.0,,
MIR,2024-03-19 16:00:00,16,19,3,0.039,,,,,0.186,25.0,3.0,21.0,34.0,,0.8,195.0,,630.0,,
MIR,2024-03-19 17:00:00,17,19,3,0.039,,,,,0.197,55.0,4.0,21.0,32.0,,0.9,211.0,,630.0,,
MIR,2024-03-19 18:00:00,18,19,3,0.033,,,,,0.254,43.0,2.0,21.0,30.0,,0.6,214.0,,631.0,,
MIR,2024-03-19 19:00:00,19,19,3,0.028,,,,,0.389,31.0,4.0,21.0,28.0,,0.8,32.0,,631.0,,
MIR,2024-03-19 20:00:00,20,19,3,0.025,,,,,0.223,30.0,8.0,22.0,26.0,,0.8,28.0,,632.0,,
MIR,2024-03-19 21:00:00,21,19,3,0.029,,,,,0.148,26.0,9.0,21.0,26.0,,0.7,45.0,,632.0,,
MIR,2024-03-19 22:00:00,22,19,3,0.026,,,,,0.194,28.0,6.0,21.0,24.0,,0.8,44.0,,633.0,,
MIR,2024-03-19 23:00:00,23,19,3,0.03,,,,,0.105,19.0,6.0,21.0,24.0,,0.8,43.0,,633.0,,
MIR,2024-03-20 00:00:00,0,20,3,0.031,,,,,0.103,15.0,6.0,21.0,23.0,,0.6,32.0,,633.0,,
MIR,2024-03-20 01:00:00,1,20,3,0.031,,,,,0.11,12.0,3.0,21.0,23.0,,0.6,35.0,,633.0,,
MIR,2024-03-20 02:00:00,2,20,3,0.015,,,,,0.179,10.0,3.0,21.0,21.0,,0.5,45.0,,633.0,,
MIR,2024-03-20 03:00:00,3,20,3,0.002,,,,,0.29,34.0,9.0,21.0,20.0,,0.4,50.0,,633.0,,
MIR,2024-03-20 04:00:00,4,20,3,0.003,,,,,0.222,,16.0,21.0,19.0,,0.5,33.0,,633.0,,
MIR,2024-03-20 05:00:00,5,20,3,0.002,,,,,0.392,39.0,15.0,21.0,19.0,,0.5,41.0,,633.0,,
MIR,2024-03-20 06:00:00,6,20,3,0.001,,,,,0.932,80.0,25.0,22.0,19.0,,0.5,59.0,,633.0,,
MIR,2024-03-20 07:00:00,7,20,3,0.0,,,,,2.194,70.0,22.0,21.0,18.0,,0.4,57.0,,634.0,,
MIR,2024-03-20 08:00:00,8,20,3,0.004,,,,,0.836,124.0,37.0,21.0,22.0,,0.5,59.0,,634.0,,
MIR,2024-03-20 09:00:00,9,20,3,0.018,,,,,,195.0,58.0,21.0,26.0,,0.6,222.0,,634.0,,
MIR,2024-03-20 10:00:00,10,20,3,0.04,,,,,0.263,124.0,34.0,21.0,29.0,,0.5,284.0,,634.0,,
MIR,2024-03-20 11:00:00,11,20,3,0.046,,,,,0.119,43.0,11.0,21.0,30.0,,0.5,41.0,,634.0,,
MIR,2024-03-20 12:00:00,12,20,3,0.054,,,,,0.182,28.0,10.0,21.0,32.0,,0.5,211.0,,633.0,,
MIR,2024-03-20 13:00:00,13,20,3,0.057,,,,,0.175,20.0,7.0,21.0,33.0,,0.7,210.0,,632.0,,
MIR,2024-03-20 14:00:00,14,20,3,0.049,,,,,0.152,43.0,6.0,21.0,33.0,,0.7,211.0,,631.0,,
MIR,2024-03-20 15:00:00,15,20,3,0.046,,,,,0.158,31.0,5.0,21.0,34.0,,0.8,210.0,,631.0,,
MIR,2024-03-20 16:00:00,16,20,3,0.041,,,,,0.119,28.0,4.0,21.0,33.0,,0.8,218.0,,631.0,,
MIR,2024-03-20 17:00:00,17,20,3,0.039,,,,,0.189,30.0,5.0,21.0,32.0,,0.8,204.0,,631.0,,
MIR,2024-03-20 18:00:00,18,20,3,0.031,,,,,0.247,30.0,5.0,21.0,30.0,,0.6,208.0,,631.0,,
MIR,2024-03-20 19:00:00,19,20,3,0.023,,,,,0.285,41.0,6.0,21.0,27.0,,0.6,220.0,,632.0,,
MIR,2024-03-20 20:00:00,20,20,3,0.022,,,,,0.216,29.0,6.0,21.0,25.0,,0.5,219.0,,632.0,,
MIR,2024-03-20 21:00:00,21,20,3,0.019,,,,,0.295,24.0,6.0,21.0,23.0,,0.8,224.0,,633.0,,
MIR,2024-03-20 22:00:00,22,20,3,0.022,,,,,0.147,23.0,8.0,22.0,23.0,,0.4,206.0,,633.0,,
MIR,2024-03-20 23:00:00,23,20,3,0.019,,,,,0.138,26.0,6.0,22.0,22.0,,0.4,226.0,,634.0,,
MIR,2024-03-21 00:00:00,0,21,3,0.014,,,,,0.257,23.0,6.0,21.0,21.0,,0.6,222.0,,634.0,,
MIR,2024-03-21 01:00:00,1,21,3,0.004,,,,,0.33,37.0,17.0,21.0,20.0,,0.5,225.0,,633.0,,
MIR,2024-03-21 02:00:00,2,21,3,0.008,,,,,0.194,62.0,24.0,21.0,19.0,,0.5,224.0,,633.0,,
MIR,2024-03-21 03:00:00,3,21,3,0.001,,,,,0.226,41.0,17.0,21.0,18.0,,0.4,223.0,,633.0,,
MIR,2024-03-21 04:00:00,4,21,3,0.003,,,,,0.31,49.0,22.0,21.0,17.0,,0.5,227.0,,633.0,,
MIR,2024-03-21 05:00:00,5,21,3,0.001,,,,,0.636,38.0,18.0,21.0,17.0,,0.5,226.0,,633.0,,
MIR,2024-03-21 06:00:00,6,21,3,0.0,,,,,0.573,99.0,42.0,21.0,16.0,,0.6,234.0,,633.0,,
MIR,2024-03-21 07:00:00,7,21,3,0.001,,,,,0.969,112.0,45.0,22.0,17.0,,0.6,235.0,,633.0,,
MIR,2024-03-21 08:00:00,8,21,3,0.006,,,,,0.847,157.0,47.0,21.0,20.0,,0.4,216.0,,634.0,,
MIR,2024-03-21 09:00:00,9,21,3,0.025,,,,,0.118,194.0,60.0,21.0,24.0,,0.5,40.0,,634.0,,
MIR,2024-03-21 10:00:00,10,21,3,0.038,,,,,0.328,102.0,34.0,21.0,26.0,,0.9,31.0,,633.0,,
MIR,2024-03-21 11:00:00,11,21,3,0.039,,,,,0.144,64.0,23.0,21.0,28.0,,0.9,216.0,,633.0,,
MIR,2024-03-21 12:00:00,12,21,3,0.038,,,,,0.381,44.0,11.0,21.0,30.0,,0.9,214.0,,632.0,,
MIR,2024-03-21 13:00:00,13,21,3,0.037,,,,,0.401,59.0,10.0,21.0,31.0,,1.2,212.0,,632.0,,
MIR,2024-03-21 14:00:00,14,21,3,0.04,,,,,0.399,58.0,9.0,21.0,32.0,,0.8,212.0,,631.0,,
MIR,2024-03-21 15:00:00,15,21,3,0.041,,,,,0.393,60.0,14.0,21.0,32.0,,0.8,211.0,,630.0,,
MIR,2024-03-21 16:00:00,16,21,3,0.035,,,,,0.386,37.0,11.0,21.0,32.0,,0.7,212.0,,630.0,,
MIR,2024-03-21 17:00:00,17,21,3,0.033,,,,,0.48,66.0,10.0,21.0,31.0,,0.6,214.0,,630.0,,
MIR,2024-03-21 18:00:00,18,21,3,0.033,,,,,0.442,64.0,8.0,21.0,28.0,,0.7,343.0,,631.0,,
MIR,2024-03-21 19:00:00,19,21,3,0.026,,,,,0.533,76.0,9.0,21.0,25.0,,0.7,22.0,,632.0,,
MIR,2024-03-21 20:00:00,20,21,3,0.023,,,,,0.446,42.0,6.0,21.0,23.0,,0.6,252.0,,632.0,,
MIR,2024-03-21 21:00:00,21,21,3,0.018,,,,,0.409,29.0,2.0,21.0,22.0,,0.6,341.0,,633.0,,
MIR,2024-03-21 22:00:00,22,21,3,0.014,,,,,0.413,20.0,3.0,21.0,20.0,,0.5,56.0,,634.0,,
MIR,2024-03-21 23:00:00,23,21,3,0.011,,,,,0.434,9.0,9.0,21.0,19.0,,0.5,45.0,,634.0,,
MIR,2024-03-22 00:00:00,0,22,3,0.013,,,,,0.339,18.0,7.0,21.0,18.0,,0.5,35.0,,634.0,,
MIR,2024-03-22 01:00:00,1,22,3,0.012,,,,,0.341,14.0,4.0,21.0,17.0,,0.4,47.0,,634.0,,
MIR,2024-03-22 02:00:00,2,22,3,0.007,,,,,0.337,11.0,1.0,21.0,16.0,,0.4,48.0,,633.0,,
MIR,2024-03-22 03:00:00,3,22,3,0.001,,,,,0.514,26.0,4.0,21.0,15.0,,0.5,42.0,,633.0,,
MIR,2024-03-22 04:00:00,4,22,3,0.001,,,,,0.605,61.0,20.0,21.0,14.0,,0.5,47.0,,633.0,,
MIR,2024-03-22 05:00:00,5,22,3,0.001,,,,,1.094,64.0,27.0,21.0,14.0,,0.6,53.0,,633.0,,
MIR,2024-03-22 06:00:00,6,22,3,0.0,,,,,1.38,151.0,78.0,21.0,13.0,,0.6,49.0,,633.0,,
MIR,2024-03-22 07:00:00,7,22,3,0.001,,,,,1.463,155.0,70.0,21.0,13.0,,0.5,59.0,,633.0,,
MIR,2024-03-22 08:00:00,8,22,3,0.004,,,,,0.731,172.0,88.0,21.0,17.0,,0.5,311.0,,633.0,,
MIR,2024-03-22 09:00:00,9,22,3,0.012,,,,,0.394,120.0,47.0,21.0,21.0,,0.5,229.0,,633.0,,
MIR,2024-03-22 10:00:00,10,22,3,0.024,,,,,0.308,103.0,34.0,21.0,24.0,,0.5,210.0,,633.0,,
MIR,2024-03-22 11:00:00,11,22,3,0.043,,,,,0.089,54.0,16.0,21.0,28.0,,0.6,217.0,,633.0,,
MIR,2024-03-22 12:00:00,12,22,3,0.052,,,,,0.405,38.0,,21.0,30.0,,0.7,212.0,,632.0,,
MIR,2024-03-22 13:00:00,13,22,3,0.051,,,,,0.42,33.0,,21.0,31.0,,0.6,213.0,,631.0,,
MIR,2024-03-22 14:00:00,14,22,3,0.051,,,,,0.377,36.0,,21.0,32.0,,0.8,210.0,,630.0,,
MIR,2024-03-22 15:00:00,15,22,3,0.052,,,,,0.418,47.0,,21.0,33.0,,1.0,211.0,,630.0,,
MIR,2024-03-22 16:00:00,16,22,3,0.053,,,,,0.416,35.0,3.0,21.0,33.0,,0.8,206.0,,630.0,,
MIR,2024-03-22 17:00:00,17,22,3,0.049,,,,,0.476,24.0,5.0,21.0,33.0,,0.7,210.0,,630.0,,
MIR,2024-03-22 18:00:00,18,22,3,0.043,,,,,0.473,28.0,5.0,21.0,30.0,,0.7,214.0,,630.0,,
MIR,2024-03-22 19:00:00,19,22,3,0.043,,,,,0.522,40.0,8.0,21.0,27.0,,0.6,216.0,,631.0,,
MIR,2024-03-22 20:00:00,20,22,3,0.024,,,,,0.848,28.0,9.0,21.0,24.0,,0.4,219.0,,631.0,,
MIR,2024-03-22 21:00:00,21,22,3,0.004,,,,,1.395,27.0,9.0,21.0,22.0,,0.5,223.0,,632.0,,
MIR,2024-03-22 22:00:00,22,22,3,0.0,,,,,1.576,63.0,20.0,22.0,19.0,,0.4,228.0,,632.0,,
MIR,2024-03-22 23:00:00,23,22,3,0.0,,,,,1.301,98.0,33.0,21.0,18.0,,0.4,203.0,,632.0,,
MIR,2024-03-23 00:00:00,0,23,3,0.001,,,,,0.837,56.0,28.0,21.0,17.0,,0.5,227.0,,632.0,,
MIR,2024-03-23 01:00:00,1,23,3,0.004,,,,,0.568,71.0,26.0,21.0,16.0,,0.4,220.0,,632.0,,
MIR,2024-03-23 02:00:00,2,23,3,0.005,,,,,0.729,39.0,23.0,21.0,15.0,,0.5,226.0,,632.0,,
MIR,2024-03-23 03:00:00,3,23,3,0.001,,,,,1.356,63.0,18.0,21.0,14.0,,0.6,209.0,,631.0,,
MIR,2024-03-23 04:00:00,4,23,3,0.0,,,,,0.753,174.0,84.0,21.0,13.0,,0.5,219.0,,631.0,,
MIR,2024-03-23 05:00:00,5,23,3,0.001,,,,,0.508,137.0,62.0,22.0,12.0,,0.5,233.0,,632.0,,
MIR,2024-03-23 06:00:00,6,23,3,0.0,,,,,0.988,66.0,33.0,21.0,11.0,,0.4,250.0,,632.0,,
MIR,2024-03-23 07:00:00,7,23,3,0.001,,,,,1.916,71.0,31.0,21.0,12.0,,0.5,221.0,,632.0,,
MIR,2024-03-23 08:00:00,8,23,3,0.006,,,,,1.308,111.0,36.0,21.0,16.0,,0.6,222.0,,633.0,,
MIR,2024-03-23 09:00:00,9,23,3,0.025,,,,,0.388,231.0,114.0,21.0,21.0,,0.5,226.0,,633.0,,
MIR,2024-03-23 10:00:00,10,23,3,0.05,,,,,0.463,155.0,73.0,21.0,25.0,,0.5,219.0,,633.0,,
MIR,2024-03-23 11:00:00,11,23,3,0.057,,,,,0.291,83.0,41.0,21.0,29.0,,0.5,215.0,,633.0,,
MIR,2024-03-23 12:00:00,12,23,3,0.076,,,,,0.379,92.0,40.0,21.0,31.0,,1.0,213.0,,632.0,,
MIR,2024-03-23 13:00:00,13,23,3,0.072,,,,,0.277,52.0,15.0,21.0,33.0,,0.7,210.0,,631.0,,
MIR,2024-03-23 14:00:00,14,23,3,0.07,,,,,0.4,25.0,7.0,21.0,34.0,,0.6,210.0,,630.0,,
MIR,2024-03-23 15:00:00,15,23,3,0.067,,,,,0.39,23.0,5.0,21.0,34.0,,0.9,209.0,,630.0,,
MIR,2024-03-23 16:00:00,16,23,3,0.066,,,,,0.441,28.0,6.0,21.0,34.0,,1.0,30.0,,629.0,,
MIR,2024-03-23 17:00:00,17,23,3,0.066,,,,,0.451,27.0,13.0,21.0,33.0,,0.7,217.0,,629.0,,
MIR,2024-03-23 18:00:00,18,23,3,0.062,,,,,0.461,27.0,8.0,21.0,31.0,,0.6,212.0,,629.0,,
MIR,2024-03-23 19:00:00,19,23,3,0.05,,,,,0.573,34.0,7.0,21.0,28.0,,1.1,215.0,,630.0,,
MIR,2024-03-23 20:00:00,20,23,3,0.049,,,,,0.519,50.0,15.0,21.0,26.0,,1.0,54.0,,631.0,,
MIR,2024-03-23 21:00:00,21,23,3,0.046,,,,,0.542,56.0,19.0,21.0,24.0,,0.9,37.0,,632.0,,
MIR,2024-03-23 22:00:00,22,23,3,0.046,,,,,0.503,56.0,19.0,22.0,22.0,,0.7,50.0,,632.0,,
MIR,2024-03-23 23:00:00,23,23,3,0.052,,,,,0.417,49.0,23.0,21.0,21.0,,0.9,284.0,,632.0,,
MIR,2024-03-24 00:00:00,0,24,3,0.056,,,,,0.384,30.0,12.0,22.0,20.0,,0.8,227.0,,631.0,,
MIR,2024-03-24 01:00:00,1,24,3,0.058,,,,,0.345,32.0,12.0,21.0,20.0,,0.8,215.0,,631.0,,
MIR,2024-03-24 02:00:00,2,24,3,0.058,,,,,0.389,17.0,11.0,22.0,19.0,,0.7,230.0,,631.0,,
MIR,2024-03-24 03:00:00,3,24,3,0.051,,,,,0.424,16.0,8.0,22.0,17.0,,0.6,210.0,,631.0,,
MIR,2024-03-24 04:00:00,4,24,3,0.047,,,,,0.417,16.0,8.0,22.0,15.0,,0.5,222.0,,631.0,,
MIR,2024-03-24 05:00:00,5,24,3,0.023,,,,,0.56,16.0,13.0,21.0,13.0,,0.4,220.0,,631.0,,
MIR,2024-03-24 06:00:00,6,24,3,0.003,,,,,1.009,23.0,14.0,21.0,11.0,,0.4,247.0,,631.0,,
MIR,2024-03-24 07:00:00,7,24,3,0.004,,,,,1.128,51.0,28.0,21.0,12.0,,0.6,217.0,,631.0,,
MIR,2024-03-24 08:00:00,8,24,3,0.021,,,,,0.717,106.0,45.0,21.0,16.0,,0.6,226.0,,632.0,,
MIR,2024-03-24 09:00:00,9,24,3,0.038,,,,,0.418,100.0,46.0,21.0,20.0,,0.5,239.0,,632.0,,
MIR,2024-03-24 10:00:00,10,24,3,0.061,,,,,0.257,89.0,36.0,21.0,24.0,,0.7,216.0,,632.0,,
MIR,2024-03-24 11:00:00,11,24,3,0.064,,,,,0.1,34.0,10.0,21.0,26.0,,0.8,219.0,,631.0,,
MIR,2024-03-24 12:00:00,12,24,3,0.064,,,,,0.42,42.0,6.0,27.0,28.0,,1.0,220.0,,630.0,,
MIR,2024-03-24 13:00:00,13,24,3,0.061,,,,,0.456,,,,30.0,,1.0,215.0,,630.0,,
MIR,2024-03-24 14:00:00,14,24,3,0.06,,,,,0.447,,,,30.0,,0.8,213.0,,629.0,,
MIR,2024-03-24 15:00:00,15,24,3,0.059,,,,,0.646,,,,31.0,,1.0,69.0,,628.0,,
MIR,2024-03-24 16:00:00,16,24,3,0.057,,,,,0.715,,,,31.0,,0.6,27.0,,628.0,,
MIR,2024-03-24 17:00:00,17,24,3,0.052,,,,,1.253,,,,29.0,,0.7,33.0,,628.0,,
MIR,2024-03-24 18:00:00,18,24,3,0.069,,,,,0.027,,,25.0,26.0,,0.8,62.0,,629.0,,
MIR,2024-03-24 19:00:00,19,24,3,0.047,,,,,0.317,146.0,7.0,21.0,23.0,,0.6,27.0,,629.0,,
MIR,2024-03-24 20:00:00,20,24,3,0.034,,,,,0.569,35.0,25.0,21.0,21.0,,0.5,55.0,,630.0,,
MIR,2024-03-24 21:00:00,21,24,3,0.036,,,,,0.557,26.0,14.0,21.0,19.0,,0.7,44.0,,631.0,,
MIR,2024-03-24 22:00:00,22,24,3,0.036,,,,,0.518,26.0,12.0,22.0,18.0,,0.5,68.0,,631.0,,
MIR,2024-03-24 23:00:00,23,24,3,0.033,,,,,0.544,27.0,15.0,21.0,17.0,,0.4,43.0,,631.0,,
MIR,2024-03-25 00:00:00,0,25,3,0.026,,,,,0.539,27.0,10.0,21.0,15.0,,0.5,49.0,,631.0,,
MIR,2024-03-25 01:00:00,1,25,3,0.035,,,,,0.379,26.0,15.0,21.0,15.0,,0.7,46.0,,630.0,,
MIR,2024-03-25 02:00:00,2,25,3,0.044,,,,,0.418,26.0,8.0,21.0,15.0,,0.7,47.0,,629.0,,
MIR,2024-03-25 03:00:00,3,25,3,0.031,,,,,0.497,16.0,11.0,21.0,15.0,,0.6,62.0,,629.0,,
MIR,2024-03-25 04:00:00,4,25,3,0.008,,,,,0.566,38.0,22.0,21.0,12.0,,0.4,41.0,,629.0,,
MIR,2024-03-25 05:00:00,5,25,3,0.005,,,,,0.703,62.0,42.0,21.0,11.0,,0.4,50.0,,629.0,,
MIR,2024-03-25 06:00:00,6,25,3,0.008,,,,,0.816,59.0,41.0,21.0,12.0,,0.7,46.0,,629.0,,
MIR,2024-03-25 07:00:00,7,25,3,0.029,,,,,0.517,45.0,18.0,21.0,14.0,,0.6,55.0,,630.0,,
MIR,2024-03-25 08:00:00,8,25,3,0.048,,,,,0.288,50.0,12.0,21.0,17.0,,0.6,22.0,,630.0,,
MIR,2024-03-25 09:00:00,9,25,3,0.051,,,,,0.226,31.0,13.0,21.0,19.0,,0.9,57.0,,631.0,,
MIR,2024-03-25 10:00:00,10,25,3,0.056,,,,,0.409,32.0,10.0,21.0,21.0,,0.6,228.0,,631.0,,
MIR,2024-03-25 11:00:00,11,25,3,0.056,,,,,0.369,38.0,10.0,21.0,24.0,,0.7,224.0,,630.0,,
MIR,2024-03-25 12:00:00,12,25,3,0.06,,,,,0.429,61.0,10.0,21.0,26.0,,0.8,218.0,,630.0,,
MIR,2024-03-25 13:00:00,13,25,3,0.062,,,,,0.445,49.0,10.0,21.0,28.0,,0.6,216.0,,629.0,,
MIR,2024-03-25 14:00:00,14,25,3,0.065,,,,,0.429,68.0,9.0,21.0,29.0,,0.9,221.0,,629.0,,
MIR,2024-03-25 15:00:00,15,25,3,0.064,,,,,0.469,42.0,11.0,21.0,29.0,,0.6,165.0,,628.0,,
MIR,2024-03-25 16:00:00,16,25,3,0.061,,,,,0.525,43.0,10.0,21.0,29.0,,1.0,52.0,,628.0,,
MIR,2024-03-25 17:00:00,17,25,3,0.059,,,,,0.503,60.0,9.0,21.0,28.0,,0.9,209.0,,629.0,,
MIR,2024-03-25 18:00:00,18,25,3,0.047,,,,,0.406,54.0,12.0,21.0,25.0,,0.6,58.0,,629.0,,
MIR,2024-03-25 19:00:00,19,25,3,0.041,,,,,0.523,36.0,11.0,21.0,22.0,,0.8,27.0,,630.0,,
MIR,2024-03-25 20:00:00,20,25,3,0.036,,,,,0.567,28.0,8.0,21.0,19.0,,0.6,36.0,,630.0,,
MIR,2024-03-25 21:00:00,21,25,3,0.024,,,,,0.659,25.0,7.0,21.0,17.0,,0.5,59.0,,631.0,,
MIR,2024-03-25 22:00:00,22,25,3,0.012,,,,,0.761,35.0,15.0,21.0,16.0,,0.4,62.0,,631.0,,
MIR,2024-03-25 23:00:00,23,25,3,0.005,,,,,0.99,34.0,10.0,21.0,14.0,,0.6,60.0,,631.0,,
MIR,2024-03-26 00:00:00,0,26,3,0.0,,,,,0.827,48.0,15.0,21.0,14.0,,0.5,57.0,,631.0,,
MIR,2024-03-26 01:00:00,1,26,3,0.01,,,,,0.419,134.0,44.0,21.0,12.0,,0.4,66.0,,631.0,,
MIR,2024-03-26 02:00:00,2,26,3,0.006,,,,,0.707,39.0,18.0,21.0,12.0,,0.5,54.0,,631.0,,
MIR,2024-03-26 03:00:00,3,26,3,0.007,,,,,0.656,88.0,39.0,21.0,12.0,,0.6,42.0,,630.0,,
MIR,2024-03-26 04:00:00,4,26,3,0.004,,,,,0.693,92.0,38.0,21.0,11.0,,0.5,63.0,,630.0,,
MIR,2024-03-26 05:00:00,5,26,3,0.0,,,,,1.039,92.0,53.0,21.0,9.0,,0.5,62.0,,631.0,,
MIR,2024-03-26 06:00:00,6,26,3,0.0,,,,,1.208,131.0,64.0,21.0,9.0,,0.4,58.0,,631.0,,
MIR,2024-03-26 07:00:00,7,26,3,0.001,,,,,2.094,82.0,33.0,21.0,10.0,,0.5,45.0,,632.0,,
MIR,2024-03-26 08:00:00,8,26,3,0.006,,,,,0.729,247.0,94.0,21.0,15.0,,0.7,41.0,,632.0,,
MIR,2024-03-26 09:00:00,9,26,3,0.024,,,,,0.237,153.0,61.0,21.0,18.0,,0.6,36.0,,632.0,,
MIR,2024-03-26 10:00:00,10,26,3,0.043,,,,,0.444,139.0,59.0,21.0,22.0,,0.8,43.0,,632.0,,
MIR,2024-03-26 11:00:00,11,26,3,0.061,,,,,0.191,99.0,30.0,21.0,25.0,,0.7,59.0,,631.0,,
MIR,2024-03-26 12:00:00,12,26,3,0.065,,,,,0.288,53.0,16.0,21.0,28.0,,1.1,215.0,,631.0,,
MIR,2024-03-26 13:00:00,13,26,3,0.066,,,,,0.314,55.0,9.0,21.0,29.0,,1.1,215.0,,630.0,,
MIR,2024-03-26 14:00:00,14,26,3,0.063,,,,,0.385,44.0,12.0,21.0,31.0,,0.8,212.0,,630.0,,
MIR,2024-03-26 15:00:00,15,26,3,0.059,,,,,0.37,109.0,8.0,21.0,31.0,,0.7,210.0,,629.0,,
MIR,2024-03-26 16:00:00,16,26,3,0.06,,,,,0.356,39.0,9.0,21.0,31.0,,0.9,29.0,,629.0,,
MIR,2024-03-26 17:00:00,17,26,3,0.062,,,,,0.395,38.0,13.0,21.0,30.0,,0.6,50.0,,629.0,,
MIR,2024-03-26 18:00:00,18,26,3,0.052,,,,,0.534,40.0,13.0,21.0,28.0,,0.9,2.0,,629.0,,
MIR,2024-03-26 19:00:00,19,26,3,0.043,,,,,0.598,42.0,14.0,21.0,24.0,,0.7,36.0,,630.0,,
MIR,2024-03-26 20:00:00,20,26,3,0.035,,,,,0.525,32.0,14.0,21.0,22.0,,,62.0,,630.0,,
MIR,2024-03-26 21:00:00,21,26,3,0.021,,,,,0.7,24.0,11.0,21.0,20.0,,,38.0,,631.0,,
MIR,2024-03-26 22:00:00,22,26,3,0.033,,,,,0.431,33.0,15.0,21.0,19.0,,,64.0,,631.0,,
MIR,2024-03-26 23:00:00,23,26,3,0.026,,,,,0.417,31.0,11.0,21.0,18.0,,,37.0,,631.0,,
MIR,2024-03-27 00:00:00,0,27,3,0.014,,,,,0.529,40.0,19.0,21.0,16.0,,0.6,57.0,,631.0,,
MIR,2024-03-27 01:00:00,1,27,3,0.005,,,,,0.658,48.0,24.0,21.0,15.0,,0.5,61.0,,631.0,,
MIR,2024-03-27 02:00:00,2,27,3,0.005,,,,,0.609,100.0,39.0,21.0,13.0,,0.4,46.0,,631.0,,
MIR,2024-03-27 03:00:00,3,27,3,0.003,,,,,0.671,106.0,40.0,21.0,12.0,,0.4,69.0,,631.0,,
MIR,2024-03-27 04:00:00,4,27,3,0.0,,,,,0.741,57.0,33.0,21.0,11.0,,0.5,49.0,,631.0,,
MIR,2024-03-27 05:00:00,5,27,3,0.001,,,,,1.083,84.0,37.0,21.0,11.0,,0.5,59.0,,632.0,,
MIR,2024-03-27 06:00:00,6,27,3,0.0,,,,,1.345,134.0,80.0,21.0,10.0,,0.5,58.0,,632.0,,
MIR,2024-03-27 07:00:00,7,27,3,0.001,,,,,2.445,90.0,47.0,21.0,11.0,,0.6,53.0,,632.0,,
MIR,2024-03-27 08:00:00,8,27,3,0.006,,,,,0.884,297.0,109.0,21.0,16.0,,0.5,66.0,,632.0,,
MIR,2024-03-27 09:00:00,9,27,3,0.021,,,,,0.196,200.0,85.0,21.0,21.0,,0.6,49.0,,633.0,,
MIR,2024-03-27 10:00:00,10,27,3,0.049,,,,,0.718,158.0,55.0,21.0,24.0,,0.5,20.0,,633.0,,
MIR,2024-03-27 11:00:00,11,27,3,0.068,,,,,0.341,87.0,34.0,21.0,27.0,,0.6,135.0,,633.0,,
MIR,2024-03-27 12:00:00,12,27,3,0.074,,,,,0.507,42.0,13.0,22.0,29.0,,0.5,213.0,,632.0,,
MIR,2024-03-27 13:00:00,13,27,3,0.08,,,,,0.392,31.0,13.0,23.0,32.0,,0.6,211.0,,631.0,,
MIR,2024-03-27 14:00:00,14,27,3,0.091,,,,,0.492,29.0,12.0,23.0,33.0,,0.6,209.0,,631.0,,
MIR,2024-03-27 15:00:00,15,27,3,0.09,,,,,0.523,23.0,13.0,23.0,34.0,,0.6,211.0,,630.0,,
MIR,2024-03-27 16:00:00,16,27,3,0.088,,,,,0.393,32.0,15.0,23.0,34.0,,0.6,32.0,,630.0,,
MIR,2024-03-27 17:00:00,17,27,3,0.061,,,,,0.405,33.0,12.0,23.0,33.0,,0.7,55.0,,630.0,,
MIR,2024-03-27 18:00:00,18,27,3,0.044,,,,,0.547,26.0,17.0,23.0,31.0,,0.5,45.0,,630.0,,
MIR,2024-03-27 19:00:00,19,27,3,0.024,,,,,0.86,19.0,11.0,23.0,27.0,,0.5,27.0,,630.0,,
MIR,2024-03-27 20:00:00,20,27,3,0.001,,,,,1.772,32.0,20.0,23.0,23.0,,0.6,32.0,,631.0,,
MIR,2024-03-27 21:00:00,21,27,3,0.011,,,,,0.989,43.0,18.0,23.0,23.0,,0.5,54.0,,631.0,,
MIR,2024-03-27 22:00:00,22,27,3,0.001,,,,,1.287,59.0,13.0,23.0,21.0,,0.4,28.0,,632.0,,
MIR,2024-03-27 23:00:00,23,27,3,0.001,,,,,0.874,89.0,26.0,23.0,19.0,,0.5,45.0,,632.0,,
MIR,2024-03-28 00:00:00,0,28,3,0.025,,,,,0.534,141.0,38.0,23.0,19.0,,0.5,29.0,,632.0,,
MIR,2024-03-28 01:00:00,1,28,3,0.01,,,,,0.976,66.0,24.0,23.0,19.0,,0.5,38.0,,632.0,,
MIR,2024-03-28 02:00:00,2,28,3,0.001,,,,,0.811,88.0,30.0,23.0,16.0,,0.4,51.0,,632.0,,
MIR,2024-03-28 03:00:00,3,28,3,0.001,,,,,0.561,61.0,32.0,23.0,14.0,,0.5,62.0,,632.0,,
MIR,2024-03-28 04:00:00,4,28,3,0.0,,,,,0.795,82.0,35.0,23.0,14.0,,0.5,38.0,,632.0,,
MIR,2024-03-28 05:00:00,5,28,3,0.0,,,,,0.606,164.0,69.0,23.0,14.0,,0.4,58.0,,633.0,,
MIR,2024-03-28 06:00:00,6,28,3,0.0,,,,,0.953,103.0,41.0,23.0,13.0,,0.5,65.0,,633.0,,
MIR,2024-03-28 07:00:00,7,28,3,0.002,,,,,0.905,73.0,29.0,23.0,13.0,,0.5,66.0,,634.0,,
MIR,2024-03-28 08:00:00,8,28,3,0.021,,,,,0.339,90.0,26.0,23.0,17.0,,0.5,51.0,,634.0,,
MIR,2024-03-28 09:00:00,9,28,3,0.033,,,,,0.246,77.0,22.0,23.0,20.0,,0.7,38.0,,635.0,,
MIR,2024-03-28 10:00:00,10,28,3,0.048,,,,,0.516,72.0,19.0,23.0,23.0,,0.6,220.0,,634.0,,
MIR,2024-03-28 11:00:00,11,28,3,0.062,,,,,0.524,76.0,26.0,23.0,26.0,,0.5,218.0,,634.0,,
MIR,2024-03-28 12:00:00,12,28,3,0.074,,,,,0.484,73.0,23.0,23.0,29.0,,0.6,214.0,,633.0,,
MIR,2024-03-28 13:00:00,13,28,3,0.08,,,,,0.424,73.0,23.0,23.0,31.0,,0.5,213.0,,633.0,,
MIR,2024-03-28 14:00:00,14,28,3,0.088,,,,,0.437,55.0,23.0,23.0,33.0,,0.5,211.0,,632.0,,
MIR,2024-03-28 15:00:00,15,28,3,0.087,,,,,0.457,62.0,26.0,23.0,33.0,,0.6,206.0,,631.0,,
MIR,2024-03-28 16:00:00,16,28,3,0.086,,,,,0.473,55.0,26.0,23.0,33.0,,0.5,35.0,,631.0,,
MIR,2024-03-28 17:00:00,17,28,3,0.086,,,,,0.448,55.0,18.0,23.0,33.0,,0.5,210.0,,631.0,,
MIR,2024-03-28 18:00:00,18,28,3,0.072,,,,,0.478,50.0,,23.0,32.0,,0.5,212.0,,631.0,,
MIR,2024-03-28 19:00:00,19,28,3,0.047,,,,,0.692,46.0,,23.0,28.0,,0.9,36.0,,631.0,,
MIR,2024-03-28 20:00:00,20,28,3,0.052,,,,,0.452,67.0,,23.0,27.0,,0.5,31.0,,631.0,,
MIR,2024-03-28 21:00:00,21,28,3,0.05,,,,,0.437,77.0,,23.0,25.0,,0.6,47.0,,632.0,,
MIR,2024-03-28 22:00:00,22,28,3,0.051,,,,,0.452,95.0,,23.0,24.0,,0.8,24.0,,633.0,,
MIR,2024-03-28 23:00:00,23,28,3,0.053,,,,,0.435,66.0,,23.0,22.0,,0.9,237.0,,633.0,,
MIR,2024-03-29 00:00:00,0,29,3,0.053,,,,,0.343,46.0,,23.0,22.0,,0.8,219.0,,633.0,,
MIR,2024-03-29 01:00:00,1,29,3,0.052,,,,,0.364,36.0,,23.0,20.0,,0.6,220.0,,633.0,,
MIR,2024-03-29 02:00:00,2,29,3,0.042,,,,,0.382,34.0,,23.0,18.0,,0.4,226.0,,633.0,,
MIR,2024-03-29 03:00:00,3,29,3,0.027,,,,,0.522,30.0,,23.0,15.0,,0.5,237.0,,633.0,,
MIR,2024-03-29 04:00:00,4,29,3,0.015,,,,,0.492,49.0,,23.0,14.0,,0.5,220.0,,633.0,,
MIR,2024-03-29 05:00:00,5,29,3,0.011,,,,,0.491,66.0,,23.0,13.0,,0.5,229.0,,633.0,,
MIR,2024-03-29 06:00:00,6,29,3,0.003,,,,,1.068,69.0,,23.0,13.0,,0.5,228.0,,633.0,,
MIR,2024-03-29 07:00:00,7,29,3,0.002,,,,,1.502,153.0,,23.0,14.0,,0.7,236.0,,634.0,,
MIR,2024-03-29 08:00:00,8,29,3,0.018,,,,,0.452,167.0,,23.0,18.0,,0.5,223.0,,634.0,,
MIR,2024-03-29 09:00:00,9,29,3,0.04,,,,,0.252,131.0,,23.0,22.0,,0.5,219.0,,634.0,,
MIR,2024-03-29 10:00:00,10,29,3,0.052,,,,,0.412,72.0,,23.0,25.0,,0.5,219.0,,634.0,,
MIR,2024-03-29 11:00:00,11,29,3,0.067,,,,,0.29,62.0,,23.0,28.0,,0.8,218.0,,634.0,,
MIR,2024-03-29 12:00:00,12,29,3,0.076,,,,,0.414,46.0,,23.0,30.0,,0.6,215.0,,633.0,,
MIR,2024-03-29 13:00:00,13,29,3,0.076,,,,,0.386,51.0,,23.0,32.0,,0.5,210.0,,632.0,,
MIR,2024-03-29 14:00:00,14,29,3,0.067,,,,,0.369,47.0,,23.0,34.0,,0.9,210.0,,631.0,,
MIR,2024-03-29 15:00:00,15,29,3,0.056,,,,,0.33,30.0,,23.0,33.0,,0.9,204.0,,631.0,,
MIR,2024-03-29 16:00:00,16,29,3,0.051,,,,,0.316,34.0,,23.0,33.0,,0.7,24.0,,630.0,,
MIR,2024-03-29 17:00:00,17,29,3,0.047,,,,,0.246,33.0,,23.0,32.0,,0.9,39.0,,630.0,,
MIR,2024-03-29 18:00:00,18,29,3,0.047,,,,,0.419,38.0,,23.0,31.0,,0.7,61.0,,631.0,,
MIR,2024-03-29 19:00:00,19,29,3,0.043,,,,,0.534,28.0,,23.0,28.0,,0.9,22.0,,631.0,,
MIR,2024-03-29 20:00:00,20,29,3,0.042,,,,,0.466,35.0,,23.0,26.0,,0.7,42.0,,632.0,,
MIR,2024-03-29 21:00:00,21,29,3,0.04,,,,,0.499,50.0,,23.0,24.0,,0.8,60.0,,632.0,,
MIR,2024-03-29 22:00:00,22,29,3,0.033,,,,,0.505,42.0,,23.0,23.0,,0.6,42.0,,633.0,,
MIR,2024-03-29 23:00:00,23,29,3,0.021,,,,,0.628,40.0,,23.0,21.0,,,36.0,,634.0,,
MIR,2024-03-30 00:00:00,0,30,3,0.021,,,,,0.518,51.0,,23.0,20.0,,,48.0,,634.0,,
MIR,2024-03-30 01:00:00,1,30,3,0.024,,,,,0.471,59.0,,23.0,19.0,,,48.0,,633.0,,
MIR,2024-03-30 02:00:00,2,30,3,0.023,,,,,0.521,61.0,,23.0,18.0,,,61.0,,633.0,,
MIR,2024-03-30 03:00:00,3,30,3,0.008,,,,,0.629,54.0,,23.0,16.0,,,53.0,,633.0,,
MIR,2024-03-30 04:00:00,4,30,3,0.007,,,,,0.551,69.0,,23.0,15.0,,,43.0,,633.0,,
MIR,2024-03-30 05:00:00,5,30,3,0.002,,,,,0.607,61.0,,23.0,14.0,,0.4,59.0,,633.0,,
MIR,2024-03-30 06:00:00,6,30,3,0.0,,,,,1.136,60.0,,23.0,13.0,,0.6,47.0,,634.0,,
MIR,2024-03-30 07:00:00,7,30,3,0.001,,,,,1.604,82.0,,23.0,14.0,,0.5,60.0,,634.0,,
MIR,2024-03-30 08:00:00,8,30,3,0.011,,,,,0.649,168.0,,23.0,18.0,,0.6,40.0,,634.0,,
MIR,2024-03-30 09:00:00,9,30,3,0.039,,,,,0.278,123.0,,23.0,22.0,,0.5,224.0,,635.0,,
MIR,2024-03-30 10:00:00,10,30,3,0.057,,,,,0.496,93.0,,23.0,26.0,,0.6,220.0,,635.0,,
MIR,2024-03-30 11:00:00,11,30,3,0.068,,,,,0.422,64.0,,23.0,29.0,,0.6,215.0,,634.0,,
MIR,2024-03-30 12:00:00,12,30,3,0.078,,,,,0.472,53.0,,23.0,31.0,,0.7,214.0,,634.0,,
MIR,2024-03-30 13:00:00,13,30,3,0.062,,,,,0.372,55.0,,23.0,32.0,,0.8,209.0,,633.0,,
MIR,2024-03-30 14:00:00,14,30,3,0.049,,,,,0.376,35.0,,23.0,33.0,,0.5,209.0,,632.0,,
MIR,2024-03-30 15:00:00,15,30,3,0.045,,,,,0.383,30.0,,23.0,34.0,,0.8,221.0,,631.0,,
MIR,2024-03-30 16:00:00,16,30,3,0.037,,,,,0.357,14.0,,23.0,33.0,,0.7,40.0,,631.0,,
MIR,2024-03-30 17:00:00,17,30,3,0.036,,,,,0.307,15.0,,23.0,33.0,,0.9,127.0,,631.0,,
MIR,2024-03-30 18:00:00,18,30,3,0.036,,,,,0.435,17.0,,23.0,31.0,,0.6,213.0,,631.0,,
MIR,2024-03-30 19:00:00,19,30,3,0.025,,,,,0.683,20.0,,23.0,29.0,,0.9,22.0,,631.0,,
MIR,2024-03-30 20:00:00,20,30,3,0.029,,,,,0.523,35.0,,23.0,26.0,,0.7,49.0,,632.0,,
MIR,2024-03-30 21:00:00,21,30,3,0.031,,,,,0.59,41.0,,23.0,24.0,,0.7,55.0,,633.0,,
MIR,2024-03-30 22:00:00,22,30,3,0.023,,,,,0.605,45.0,,23.0,22.0,,0.5,30.0,,633.0,,
MIR,2024-03-30 23:00:00,23,30,3,0.002,,,,,0.992,45.0,,23.0,20.0,,0.5,53.0,,634.0,,
MIR,2024-03-31 00:00:00,0,31,3,0.0,,,,,0.957,71.0,,23.0,19.0,,0.5,54.0,,634.0,,
MIR,2024-03-31 01:00:00,1,31,3,0.006,,,,,0.599,93.0,,23.0,18.0,,0.4,69.0,,634.0,,
MIR,2024-03-31 02:00:00,2,31,3,0.009,,,,,0.561,38.0,,23.0,17.0,,0.5,81.0,,633.0,,
MIR,2024-03-31 03:00:00,3,31,3,0.001,,,,,0.816,36.0,,23.0,16.0,,0.5,70.0,,633.0,,
MIR,2024-03-31 04:00:00,4,31,3,0.0,,,,,0.615,110.0,,23.0,15.0,,0.5,32.0,,633.0,,
MIR,2024-03-31 05:00:00,5,31,3,0.001,,,,,0.445,87.0,,23.0,14.0,,0.4,49.0,,633.0,,
MIR,2024-03-31 06:00:00,6,31,3,0.0,,,,,0.651,87.0,,23.0,13.0,,0.6,63.0,,633.0,,
MIR,2024-03-31 07:00:00,7,31,3,0.003,,,,,1.302,90.0,,23.0,14.0,,0.6,57.0,,634.0,,
MIR,2024-03-31 08:00:00,8,31,3,0.017,,,,,0.673,150.0,,23.0,18.0,,0.6,73.0,,634.0,,
MIR,2024-03-31 09:00:00,9,31,3,0.043,,,,,0.314,120.0,,23.0,23.0,,0.5,234.0,,634.0,,
MIR,2024-03-31 10:00:00,10,31,3,0.058,,,,,0.314,97.0,,23.0,27.0,,0.5,219.0,,634.0,,
MIR,2024-03-31 11:00:00,11,31,3,0.058,,,,,0.254,60.0,,23.0,29.0,,0.7,214.0,,634.0,,
MIR,2024-03-31 12:00:00,12,31,3,0.046,,,,,0.346,32.0,,23.0,32.0,,0.8,211.0,,633.0,,
MIR,2024-03-31 13:00:00,13,31,3,0.042,,,,,0.277,26.0,,23.0,33.0,,0.5,208.0,,632.0,,
MIR,2024-03-31 14:00:00,14,31,3,0.043,,,,,0.375,14.0,,23.0,34.0,,1.0,225.0,,631.0,,
MIR,2024-03-31 15:00:00,15,31,3,0.043,,,,,0.342,25.0,,23.0,34.0,,0.9,55.0,,631.0,,
MIR,2024-03-31 16:00:00,16,31,3,0.04,,,,,0.351,24.0,,23.0,34.0,,0.8,37.0,,631.0,,
MIR,2024-03-31 17:00:00,17,31,3,0.038,,,,,0.409,13.0,,23.0,33.0,,0.9,307.0,,630.0,,
MIR,2024-03-31 18:00:00,18,31,3,0.035,,,,,0.416,13.0,,23.0,31.0,,0.8,211.0,,631.0,,
MIR,2024-03-31 19:00:00,19,31,3,0.034,,,,,0.513,19.0,,23.0,28.0,,0.6,220.0,,632.0,,
MIR,2024-03-31 20:00:00,20,31,3,0.03,,,,,0.509,37.0,,23.0,26.0,,,42.0,,632.0,,
MIR,2024-03-31 21:00:00,21,31,3,0.025,,,,,0.58,41.0,,23.0,24.0,,,44.0,,633.0,,
MIR,2024-03-31 22:00:00,22,31,3,0.027,,,,,0.45,41.0,,23.0,23.0,,,50.0,,633.0,,
MIR,2024-03-31 23:00:00,23,31,3,0.028,,,,,0.447,41.0,,23.0,21.0,,,48.0,,633.0,,
MIR,2024-04-01 00:00:00,0,1,4,0.018,,,,,0.529,31.0,,23.0,20.0,,,,,633.0,,
MIR,2024-04-01 01:00:00,1,1,4,0.025,,,,,0.387,39.0,,23.0,19.0,,,,,633.0,,
MIR,2024-04-01 02:00:00,2,1,4,0.021,,,,,0.459,30.0,,23.0,18.0,,,,,633.0,,
MIR,2024-04-01 03:00:00,3,1,4,0.024,,,,,0.41,30.0,,23.0,18.0,,,,,633.0,,
MIR,2024-04-01 04:00:00,4,1,4,0.021,,,,,0.489,36.0,,23.0,17.0,,0.5,,,633.0,,
MIR,2024-04-01 05:00:00,5,1,4,0.005,,,,,0.864,29.0,,23.0,16.0,,0.5,,,633.0,,
MIR,2024-04-01 06:00:00,6,1,4,0.0,,,,,1.089,75.0,,23.0,16.0,,0.4,,,633.0,,
MIR,2024-04-01 07:00:00,7,1,4,0.007,,,,,0.88,97.0,,23.0,17.0,,0.9,,,634.0,,
MIR,2024-04-01 08:00:00,8,1,4,0.029,,,,,0.356,51.0,,23.0,21.0,,0.7,,,634.0,,
MIR,2024-04-01 09:00:00,9,1,4,0.04,,,,,0.229,51.0,,23.0,24.0,,0.7,,,634.0,,
MIR,2024-04-01 10:00:00,10,1,4,0.046,,,,,0.399,,,23.0,26.0,,0.8,,,634.0,,
MIR,2024-04-01 11:00:00,11,1,4,0.049,,,,,0.383,,,22.0,28.0,,0.8,,,634.0,,
MIR,2024-04-01 12:00:00,12,1,4,0.052,,,,,0.421,,,23.0,29.0,,0.9,,,633.0,,
MIR,2024-04-01 13:00:00,13,1,4,0.053,,,,,0.415,,,23.0,31.0,,0.8,,,633.0,,
MIR,2024-04-01 14:00:00,14,1,4,0.054,,,,,0.392,,,23.0,31.0,,1.1,,,632.0,,
MIR,2024-04-01 15:00:00,15,1,4,0.052,,,,,0.397,86.0,,21.0,32.0,,1.2,,,631.0,,
MIR,2024-04-01 16:00:00,16,1,4,0.044,,,,,0.381,,,20.0,31.0,,0.7,,,631.0,,
MIR,2024-04-01 17:00:00,17,1,4,0.039,,,,,0.333,,,21.0,30.0,,1.0,,,631.0,,
MIR,2024-04-01 18:00:00,18,1,4,0.034,,,,,0.428,,,21.0,28.0,,1.0,,,631.0,,
MIR,2024-04-01 19:00:00,19,1,4,0.027,,,,,0.48,,,21.0,26.0,,0.8,,,632.0,,
MIR,2024-04-01 20:00:00,20,1,4,0.022,,,,,0.487,,,21.0,24.0,,0.8,,,633.0,,
MIR,2024-04-01 21:00:00,21,1,4,0.023,,,,,0.452,,,21.0,23.0,,0.8,,,633.0,,
MIR,2024-04-01 22:00:00,22,1,4,0.021,,,,,0.417,,,21.0,22.0,,0.5,,,633.0,,
MIR,2024-04-01 23:00:00,23,1,4,0.02,,,,,0.378,,,21.0,21.0,,0.5,,,634.0,,
MIR,2024-04-02 00:00:00,0,2,4,0.02,,,,,0.345,,,21.0,19.0,,0.5,,,634.0,,
MIR,2024-04-02 01:00:00,1,2,4,0.019,,,,,0.382,,,21.0,18.0,,,,,633.0,,
MIR,2024-04-02 02:00:00,2,2,4,0.014,,,,,0.464,,,21.0,18.0,,,,,633.0,,
MIR,2024-04-02 03:00:00,3,2,4,0.016,,,,,0.39,,,21.0,17.0,,,,,633.0,,
MIR,2024-04-02 04:00:00,4,2,4,0.016,,,,,0.391,,,21.0,17.0,,,,,633.0,,
MIR,2024-04-02 05:00:00,5,2,4,0.004,,,,,0.543,,,21.0,16.0,,,,,633.0,,
MIR,2024-04-02 06:00:00,6,2,4,0.0,,,,,0.875,,,21.0,16.0,,,,,633.0,,
MIR,2024-04-02 07:00:00,7,2,4,0.004,,,,,0.949,,,21.0,17.0,,0.6,,,633.0,,
MIR,2024-04-02 08:00:00,8,2,4,0.014,,,,,0.482,,,21.0,20.0,,0.7,,,633.0,,
MIR,2024-04-02 09:00:00,9,2,4,0.02,,,,,0.234,,,21.0,22.0,,0.7,,,634.0,,
MIR,2024-04-02 10:00:00,10,2,4,0.025,,,,,0.355,,,21.0,25.0,,0.8,,,633.0,,
MIR,2024-04-02 11:00:00,11,2,4,0.029,,,,,0.314,,,20.0,27.0,,0.8,,,633.0,,
MIR,2024-04-02 12:00:00,12,2,4,0.031,,,,,0.355,,,21.0,29.0,,1.0,,,632.0,,
MIR,2024-04-02 13:00:00,13,2,4,0.03,,,,,0.34,,,21.0,30.0,,1.0,,,632.0,,
MIR,2024-04-02 14:00:00,14,2,4,0.031,,,,,0.387,,,21.0,31.0,,0.8,,,631.0,,
MIR,2024-04-02 15:00:00,15,2,4,0.03,,,,,0.427,,,21.0,31.0,,0.7,,,631.0,,
MIR,2024-04-02 16:00:00,16,2,4,0.026,,,,,0.394,,,21.0,31.0,,0.6,,,630.0,,
MIR,2024-04-02 17:00:00,17,2,4,0.022,,,,,0.419,,,21.0,30.0,,0.6,,,631.0,,
MIR,2024-04-02 18:00:00,18,2,4,0.023,,,,,0.411,,,21.0,29.0,,0.5,,,631.0,,
MIR,2024-04-02 19:00:00,19,2,4,0.021,,,,,0.591,,,21.0,26.0,,0.6,,,631.0,,
MIR,2024-04-02 20:00:00,20,2,4,0.026,,,,,0.425,,,21.0,23.0,,0.6,,,632.0,,
MIR,2024-04-02 21:00:00,21,2,4,0.027,,,,,0.491,,,21.0,22.0,,0.6,,,632.0,,
MIR,2024-04-02 22:00:00,22,2,4,0.026,,,,,0.474,,,21.0,20.0,,0.7,,,632.0,,
MIR,2024-04-02 23:00:00,23,2,4,0.025,,,,,0.476,,,21.0,19.0,,0.5,,,632.0,,
MIR,2024-04-03 00:00:00,0,3,4,0.017,,,,,0.545,,,21.0,17.0,,0.5,,,632.0,,
MIR,2024-04-03 01:00:00,1,3,4,0.002,,,,,0.569,,,21.0,16.0,,0.5,,,632.0,,
MIR,2024-04-03 02:00:00,2,3,4,0.0,,,,,0.785,,,21.0,15.0,,0.4,,,631.0,,
MIR,2024-04-03 03:00:00,3,3,4,0.001,,,,,0.589,,,21.0,14.0,,0.5,,,631.0,,
MIR,2024-04-03 04:00:00,4,3,4,0.004,,,,,0.523,,,21.0,13.0,,0.4,,,631.0,,
MIR,2024-04-03 05:00:00,5,3,4,0.002,,,,,0.794,,,20.0,12.0,,0.4,,,631.0,,
MIR,2024-04-03 06:00:00,6,3,4,0.0,,,,,1.447,,,21.0,12.0,,,,,631.0,,
MIR,2024-04-03 07:00:00,7,3,4,0.001,,,,,1.533,,,21.0,14.0,,,,,631.0,,
MIR,2024-04-03 08:00:00,8,3,4,0.009,,,,,0.784,,,21.0,18.0,,,,,631.0,,
MIR,2024-04-03 09:00:00,9,3,4,0.029,,,,,0.154,,,21.0,22.0,,,,,632.0,,
MIR,2024-04-03 10:00:00,10,3,4,,,,,,,,,,,,,,,,,
MIR,2024-04-03 11:00:00,11,3,4,0.056,,,,,0.06,,,20.0,28.0,,0.7,,,631.0,,
MIR,2024-04-03 12:00:00,12,3,4,0.061,,,,,0.387,37.0,8.0,21.0,30.0,,0.7,,,630.0,,
MIR,2024-04-03 13:00:00,13,3,4,0.059,,,,,0.387,31.0,7.0,21.0,31.0,,1.0,,,629.0,,
MIR,2024-04-03 14:00:00,14,3,4,0.058,,,,,0.382,42.0,6.0,21.0,32.0,,0.6,,,629.0,,
MIR,2024-04-03 15:00:00,15,3,4,0.059,,,,,0.396,88.0,6.0,21.0,32.0,,0.8,,,628.0,,
MIR,2024-04-03 16:00:00,16,3,4,0.058,,,,,0.378,51.0,9.0,21.0,31.0,,0.7,,,628.0,,
MIR,2024-04-03 17:00:00,17,3,4,0.054,,,,,0.398,43.0,8.0,21.0,31.0,,0.8,,,628.0,,
MIR,2024-04-03 18:00:00,18,3,4,0.051,,,,,0.451,38.0,9.0,21.0,29.0,,0.6,,,628.0,,
MIR,2024-04-03 19:00:00,19,3,4,0.045,,,,,0.551,30.0,5.0,21.0,26.0,,0.9,,,629.0,,
MIR,2024-04-03 20:00:00,20,3,4,0.038,,,,,0.595,33.0,11.0,21.0,24.0,,0.6,,,629.0,,
MIR,2024-04-03 21:00:00,21,3,4,0.044,,,,,0.47,46.0,23.0,21.0,23.0,,0.8,,,630.0,,
MIR,2024-04-03 22:00:00,22,3,4,0.048,,,,,0.479,22.0,9.0,21.0,22.0,,0.9,,,630.0,,
MIR,2024-04-03 23:00:00,23,3,4,0.05,,,,,0.459,19.0,9.0,21.0,20.0,,0.9,,,630.0,,
MIR,2024-04-04 00:00:00,0,4,4,0.051,,,,,0.38,17.0,12.0,21.0,19.0,,0.8,,,630.0,,
MIR,2024-04-04 01:00:00,1,4,4,0.05,,,,,0.378,16.0,8.0,21.0,19.0,,0.5,,,630.0,,
MIR,2024-04-04 02:00:00,2,4,4,0.011,,,,,0.694,15.0,6.0,21.0,17.0,,0.5,,,630.0,,
MIR,2024-04-04 03:00:00,3,4,4,0.009,,,,,0.741,54.0,23.0,21.0,15.0,,0.5,,,630.0,,
MIR,2024-04-04 04:00:00,4,4,4,0.019,,,,,0.488,65.0,36.0,21.0,14.0,,0.4,,,630.0,,
MIR,2024-04-04 05:00:00,5,4,4,0.009,,,,,0.752,66.0,32.0,21.0,13.0,,,,,630.0,,
MIR,2024-04-04 06:00:00,6,4,4,0.0,,,,,1.428,72.0,26.0,21.0,11.0,,,,,631.0,,
MIR,2024-04-04 07:00:00,7,4,4,0.001,,,,,1.961,96.0,40.0,21.0,13.0,,,,,631.0,,
MIR,2024-04-04 08:00:00,8,4,4,0.007,,,,,0.908,179.0,58.0,21.0,18.0,,,,,632.0,,
MIR,2024-04-04 09:00:00,9,4,4,0.033,,,,,0.275,111.0,49.0,21.0,22.0,,,,,632.0,,
MIR,2024-04-04 10:00:00,10,4,4,0.055,,,,,0.528,56.0,22.0,21.0,25.0,,,,,632.0,,
MIR,2024-04-04 11:00:00,11,4,4,0.068,,,,,0.37,45.0,16.0,21.0,28.0,,0.6,,,632.0,,
MIR,2024-04-04 12:00:00,12,4,4,0.068,,,,,0.364,51.0,16.0,21.0,29.0,,0.9,,,631.0,,
MIR,2024-04-04 13:00:00,13,4,4,0.067,,,,,0.326,53.0,9.0,21.0,31.0,,0.9,,,631.0,,
MIR,2024-04-04 14:00:00,14,4,4,0.062,,,,,0.392,70.0,7.0,21.0,31.0,,1.0,,,630.0,,
MIR,2024-04-04 15:00:00,15,4,4,0.059,,,,,0.358,42.0,6.0,21.0,30.0,,0.9,,,630.0,,
MIR,2024-04-04 16:00:00,16,4,4,0.061,,,,,0.406,86.0,5.0,21.0,29.0,,0.8,,,630.0,,
MIR,2024-04-04 17:00:00,17,4,4,0.063,,,,,0.417,28.0,3.0,21.0,29.0,,0.6,,,630.0,,
MIR,2024-04-04 18:00:00,18,4,4,0.056,,,,,0.434,32.0,6.0,21.0,28.0,,0.7,,,630.0,,
MIR,2024-04-04 19:00:00,19,4,4,0.046,,,,,0.537,30.0,8.0,21.0,25.0,,0.7,,,630.0,,
MIR,2024-04-04 20:00:00,20,4,4,0.046,,,,,0.476,36.0,8.0,21.0,24.0,,0.8,,,631.0,,
MIR,2024-04-04 21:00:00,21,4,4,0.035,,,,,0.643,47.0,15.0,21.0,22.0,,0.5,,,632.0,,
MIR,2024-04-04 22:00:00,22,4,4,0.012,,,,,0.92,56.0,19.0,21.0,20.0,,0.6,,,632.0,,
MIR,2024-04-04 23:00:00,23,4,4,0.044,,,,,0.35,59.0,19.0,21.0,20.0,,0.5,,,633.0,,
MIR,2024-04-05 00:00:00,0,5,4,0.034,,,,,0.457,34.0,11.0,21.0,18.0,,0.4,,,633.0,,
MIR,2024-04-05 01:00:00,1,5,4,0.034,,,,,0.442,27.0,15.0,21.0,16.0,,0.5,,,632.0,,
MIR,2024-04-05 02:00:00,2,5,4,0.033,,,,,0.349,37.0,12.0,21.0,15.0,,0.4,,,632.0,,
MIR,2024-04-05 03:00:00,3,5,4,0.016,,,,,0.446,25.0,12.0,21.0,15.0,,0.4,,,632.0,,
MIR,2024-04-05 04:00:00,4,5,4,0.007,,,,,0.585,47.0,23.0,21.0,14.0,,0.5,,,632.0,,
MIR,2024-04-05 05:00:00,5,5,4,0.0,,,,,0.787,43.0,20.0,21.0,12.0,,0.4,,,632.0,,
MIR,2024-04-05 06:00:00,6,5,4,0.0,,,,,1.472,55.0,25.0,21.0,12.0,,0.4,,,633.0,,
MIR,2024-04-05 07:00:00,7,5,4,0.001,,,,,2.434,84.0,34.0,21.0,14.0,,0.4,,,633.0,,
MIR,2024-04-05 08:00:00,8,5,4,0.006,,,,,1.219,180.0,59.0,21.0,19.0,,0.5,,,633.0,,
MIR,2024-04-05 09:00:00,9,5,4,0.026,,,,,,183.0,72.0,21.0,22.0,,0.5,,,634.0,,
MIR,2024-04-05 10:00:00,10,5,4,0.038,,,,,0.458,79.0,29.0,21.0,25.0,,0.6,,,634.0,,
MIR,2024-04-05 11:00:00,11,5,4,0.04,,,,,0.284,71.0,23.0,21.0,28.0,,0.5,,,633.0,,
MIR,2024-04-05 12:00:00,12,5,4,0.048,,,,,0.401,44.0,11.0,21.0,30.0,,0.5,,,633.0,,
MIR,2024-04-05 13:00:00,13,5,4,0.046,,,,,0.384,35.0,11.0,21.0,32.0,,0.6,,,632.0,,
MIR,2024-04-05 14:00:00,14,5,4,0.035,,,,,0.342,34.0,7.0,21.0,33.0,,0.7,,,631.0,,
MIR,2024-04-05 15:00:00,15,5,4,0.034,,,,,0.347,31.0,5.0,21.0,33.0,,0.8,,,630.0,,
MIR,2024-04-05 16:00:00,16,5,4,0.033,,,,,0.346,61.0,3.0,21.0,33.0,,1.1,,,630.0,,
MIR,2024-04-05 17:00:00,17,5,4,0.03,,,,,0.397,58.0,3.0,21.0,31.0,,0.9,,,630.0,,
MIR,2024-04-05 18:00:00,18,5,4,0.029,,,,,0.413,44.0,6.0,21.0,29.0,,0.7,,,631.0,,
MIR,2024-04-05 19:00:00,19,5,4,0.027,,,,,0.499,37.0,7.0,21.0,27.0,,0.7,,,631.0,,
MIR,2024-04-05 20:00:00,20,5,4,0.029,,,,,0.464,44.0,10.0,21.0,26.0,,0.7,,,632.0,,
MIR,2024-04-05 21:00:00,21,5,4,0.027,,,,,0.548,51.0,15.0,21.0,24.0,,0.6,,,633.0,,
MIR,2024-04-05 22:00:00,22,5,4,0.02,,,,,0.633,34.0,11.0,21.0,23.0,,0.6,,,633.0,,
MIR,2024-04-05 23:00:00,23,5,4,0.01,,,,,0.729,39.0,16.0,21.0,21.0,,0.4,,,634.0,,
MIR,2024-04-06 00:00:00,0,6,4,0.003,,,,,0.825,57.0,16.0,21.0,19.0,,0.5,,,634.0,,
MIR,2024-04-06 01:00:00,1,6,4,0.002,,,,,0.658,80.0,29.0,21.0,18.0,,0.4,,,634.0,,
MIR,2024-04-06 02:00:00,2,6,4,0.001,,,,,0.607,112.0,38.0,21.0,16.0,,0.5,,,633.0,,
MIR,2024-04-06 03:00:00,3,6,4,0.003,,,,,0.484,104.0,33.0,21.0,15.0,,0.4,,,633.0,,
MIR,2024-04-06 04:00:00,4,6,4,0.001,,,,,0.614,41.0,16.0,21.0,15.0,,0.4,,,633.0,,
MIR,2024-04-06 05:00:00,5,6,4,0.0,,,,,1.081,46.0,20.0,21.0,14.0,,0.5,,,634.0,,
MIR,2024-04-06 06:00:00,6,6,4,0.0,,,,,1.191,92.0,34.0,21.0,14.0,,0.4,,,634.0,,
MIR,2024-04-06 07:00:00,7,6,4,0.001,,,,,1.3,127.0,54.0,21.0,15.0,,0.6,,,634.0,,
MIR,2024-04-06 08:00:00,8,6,4,0.012,,,,,0.863,133.0,53.0,21.0,18.0,,0.6,,,634.0,,
MIR,2024-04-06 09:00:00,9,6,4,0.036,,,,,0.419,153.0,68.0,21.0,22.0,,0.5,,,634.0,,
MIR,2024-04-06 10:00:00,10,6,4,0.038,,,,,0.229,138.0,60.0,21.0,27.0,,0.5,,,634.0,,
MIR,2024-04-06 11:00:00,11,6,4,0.038,,,,,0.095,68.0,28.0,21.0,30.0,,0.7,,,633.0,,
MIR,2024-04-06 12:00:00,12,6,4,0.029,,,,,0.351,44.0,14.0,21.0,32.0,,0.8,,,632.0,,
MIR,2024-04-06 13:00:00,13,6,4,0.03,,,,,0.409,51.0,8.0,21.0,33.0,,0.8,,,632.0,,
MIR,2024-04-06 14:00:00,14,6,4,0.028,,,,,0.305,41.0,11.0,21.0,33.0,,1.1,,,631.0,,
MIR,2024-04-06 15:00:00,15,6,4,0.027,,,,,0.257,45.0,7.0,21.0,33.0,,0.9,,,631.0,,
MIR,2024-04-06 16:00:00,16,6,4,0.031,,,,,0.422,41.0,5.0,21.0,33.0,,1.1,,,630.0,,
MIR,2024-04-06 17:00:00,17,6,4,0.033,,,,,0.449,35.0,6.0,21.0,32.0,,1.2,,,630.0,,
MIR,2024-04-06 18:00:00,18,6,4,0.028,,,,,0.41,29.0,7.0,21.0,30.0,,0.8,,,631.0,,
MIR,2024-04-06 19:00:00,19,6,4,0.025,,,,,0.561,36.0,10.0,21.0,27.0,,0.9,,,632.0,,
MIR,2024-04-06 20:00:00,20,6,4,0.021,,,,,0.493,51.0,16.0,21.0,26.0,,0.6,,,632.0,,
MIR,2024-04-06 21:00:00,21,6,4,0.019,,,,,0.585,39.0,7.0,21.0,24.0,,0.7,,,633.0,,
MIR,2024-04-06 22:00:00,22,6,4,0.016,,,,,0.512,39.0,16.0,21.0,23.0,,0.5,,,633.0,,
MIR,2024-04-06 23:00:00,23,6,4,0.015,,,,,0.557,48.0,13.0,21.0,21.0,,0.6,,,633.0,,
MIR,2024-04-07 00:00:00,0,7,4,0.011,,,,,0.62,32.0,14.0,21.0,20.0,,0.4,,,633.0,,
MIR,2024-04-07 01:00:00,1,7,4,,,,,,0.958,53.0,16.0,21.0,18.0,,0.5,,,633.0,,
MIR,2024-04-07 02:00:00,2,7,4,,,,,,0.734,81.0,26.0,21.0,17.0,,0.4,,,633.0,,
MIR,2024-04-07 03:00:00,3,7,4,,,,,,0.792,97.0,44.0,21.0,16.0,,0.5,,,632.0,,
MIR,2024-04-07 04:00:00,4,7,4,,,,,,0.799,131.0,54.0,21.0,16.0,,0.5,,,632.0,,
MIR,2024-04-07 05:00:00,5,7,4,,,,,,0.638,92.0,44.0,21.0,15.0,,0.4,,,632.0,,
MIR,2024-04-07 06:00:00,6,7,4,,,,,,0.859,68.0,36.0,21.0,14.0,,0.5,,,633.0,,
MIR,2024-04-07 07:00:00,7,7,4,0.002,,,,,1.396,68.0,30.0,21.0,16.0,,0.6,,,633.0,,
MIR,2024-04-07 08:00:00,8,7,4,0.018,,,,,0.562,145.0,55.0,21.0,19.0,,0.5,,,633.0,,
MIR,2024-04-07 09:00:00,9,7,4,0.041,,,,,,146.0,71.0,21.0,23.0,,0.5,,,633.0,,
MIR,2024-04-07 10:00:00,10,7,4,0.046,,,,,0.377,97.0,48.0,21.0,27.0,,,,,633.0,,
MIR,2024-04-07 11:00:00,11,7,4,0.054,,,,,0.331,48.0,15.0,21.0,30.0,,,,,633.0,,
MIR,2024-04-07 12:00:00,12,7,4,0.036,,,,,0.311,35.0,13.0,21.0,32.0,,,,,632.0,,
MIR,2024-04-07 13:00:00,13,7,4,0.038,,,,,0.318,14.0,7.0,21.0,33.0,,,,,631.0,,
MIR,2024-04-07 14:00:00,14,7,4,0.042,,,,,0.369,15.0,4.0,21.0,34.0,,1.1,,,631.0,,
MIR,2024-04-07 15:00:00,15,7,4,0.043,,,,,0.374,15.0,5.0,21.0,34.0,,0.8,,,630.0,,
MIR,2024-04-07 16:00:00,16,7,4,0.043,,,,,0.38,22.0,4.0,21.0,34.0,,0.7,,,630.0,,
MIR,2024-04-07 17:00:00,17,7,4,0.044,,,,,0.415,21.0,3.0,21.0,33.0,,0.9,,,629.0,,
MIR,2024-04-07 18:00:00,18,7,4,0.038,,,,,0.446,17.0,6.0,21.0,32.0,,0.8,,,630.0,,
MIR,2024-04-07 19:00:00,19,7,4,0.029,,,,,0.542,27.0,6.0,21.0,28.0,,0.7,,,630.0,,
MIR,2024-04-07 20:00:00,20,7,4,0.026,,,,,0.42,34.0,5.0,21.0,26.0,,0.8,,,631.0,,
MIR,2024-04-07 21:00:00,21,7,4,0.02,,,,,0.429,54.0,8.0,21.0,24.0,,0.5,,,632.0,,
MIR,2024-04-07 22:00:00,22,7,4,0.018,,,,,0.441,30.0,10.0,21.0,23.0,,0.6,,,632.0,,
MIR,2024-04-07 23:00:00,23,7,4,0.014,,,,,0.583,31.0,17.0,21.0,22.0,,0.5,,,632.0,,
MIR,2024-04-08 00:00:00,0,8,4,0.009,,,,,0.585,30.0,24.0,21.0,20.0,,0.4,,,632.0,,
MIR,2024-04-08 01:00:00,1,8,4,0.007,,,,,0.562,26.0,14.0,21.0,19.0,,0.4,,,632.0,,
MIR,2024-04-08 02:00:00,2,8,4,0.008,,,,,0.54,24.0,13.0,21.0,17.0,,0.5,,,632.0,,
MIR,2024-04-08 03:00:00,3,8,4,0.002,,,,,0.62,44.0,14.0,21.0,17.0,,0.4,,,631.0,,
MIR,2024-04-08 04:00:00,4,8,4,0.002,,,,,0.869,59.0,22.0,21.0,16.0,,0.5,,,631.0,,
MIR,2024-04-08 05:00:00,5,8,4,0.0,,,,,1.395,105.0,45.0,21.0,15.0,,0.6,,,631.0,,
MIR,2024-04-08 06:00:00,6,8,4,0.0,,,,,1.754,166.0,99.0,21.0,14.0,,0.5,,,631.0,,
MIR,2024-04-08 07:00:00,7,8,4,0.001,,,,,1.741,196.0,98.0,21.0,16.0,,0.5,,,632.0,,
MIR,2024-04-08 08:00:00,8,8,4,0.011,,,,,0.855,151.0,72.0,21.0,21.0,,0.6,,,632.0,,
MIR,2024-04-08 09:00:00,9,8,4,0.029,,,,,0.371,133.0,57.0,21.0,24.0,,0.6,,,632.0,,
MIR,2024-04-08 10:00:00,10,8,4,0.04,,,,,0.308,135.0,53.0,21.0,28.0,,0.6,,,632.0,,
MIR,2024-04-08 11:00:00,11,8,4,0.035,,,,,0.195,50.0,23.0,20.0,29.0,,0.8,,,632.0,,
MIR,2024-04-08 12:00:00,12,8,4,0.034,,,,,0.417,31.0,8.0,21.0,27.0,,0.6,,,632.0,,
MIR,2024-04-08 13:00:00,13,8,4,0.037,,,,,0.391,41.0,10.0,21.0,31.0,,0.9,,,631.0,,
MIR,2024-04-08 14:00:00,14,8,4,0.04,,,,,0.323,34.0,7.0,21.0,32.0,,0.8,,,631.0,,
MIR,2024-04-08 15:00:00,15,8,4,0.041,,,,,0.366,55.0,6.0,21.0,32.0,,1.1,,,630.0,,
MIR,2024-04-08 16:00:00,16,8,4,0.042,,,,,0.409,140.0,11.0,21.0,32.0,,0.8,,,630.0,,
MIR,2024-04-08 17:00:00,17,8,4,0.041,,,,,0.401,61.0,9.0,21.0,31.0,,0.9,,,630.0,,
MIR,2024-04-08 18:00:00,18,8,4,0.037,,,,,0.418,48.0,7.0,21.0,30.0,,1.0,,,630.0,,
MIR,2024-04-08 19:00:00,19,8,4,0.029,,,,,0.528,45.0,9.0,21.0,27.0,,0.7,,,631.0,,
MIR,2024-04-08 20:00:00,20,8,4,0.032,,,,,0.509,38.0,11.0,21.0,25.0,,0.8,,,631.0,,
MIR,2024-04-08 21:00:00,21,8,4,0.038,,,,,0.541,48.0,16.0,21.0,24.0,,0.8,,,632.0,,
MIR,2024-04-08 22:00:00,22,8,4,0.038,,,,,0.481,55.0,25.0,21.0,22.0,,0.6,,,632.0,,
MIR,2024-04-08 23:00:00,23,8,4,0.039,,,,,0.441,42.0,21.0,21.0,21.0,,0.8,,,632.0,,
MIR,2024-04-09 00:00:00,0,9,4,0.04,,,,,0.443,35.0,22.0,21.0,20.0,,0.5,,,632.0,,
MIR,2024-04-09 01:00:00,1,9,4,0.014,,,,,0.619,33.0,27.0,21.0,18.0,,0.5,,,631.0,,
MIR,2024-04-09 02:00:00,2,9,4,0.007,,,,,0.535,90.0,31.0,21.0,17.0,,0.4,,,631.0,,
MIR,2024-04-09 03:00:00,3,9,4,0.014,,,,,0.553,65.0,36.0,21.0,16.0,,0.4,,,631.0,,
MIR,2024-04-09 04:00:00,4,9,4,0.029,,,,,0.422,60.0,27.0,21.0,17.0,,0.5,,,631.0,,
MIR,2024-04-09 05:00:00,5,9,4,0.029,,,,,0.449,42.0,24.0,21.0,17.0,,0.4,,,631.0,,
MIR,2024-04-09 06:00:00,6,9,4,0.022,,,,,0.755,39.0,21.0,21.0,17.0,,0.5,,,631.0,,
MIR,2024-04-09 07:00:00,7,9,4,0.002,,,,,2.034,61.0,24.0,21.0,16.0,,0.6,,,631.0,,
MIR,2024-04-09 08:00:00,8,9,4,0.011,,,,,0.632,223.0,78.0,21.0,19.0,,0.5,,,631.0,,
MIR,2024-04-09 09:00:00,9,9,4,0.036,,,,,,183.0,54.0,21.0,23.0,,0.4,,,632.0,,
MIR,2024-04-09 10:00:00,10,9,4,0.041,,,,,0.476,56.0,17.0,21.0,26.0,,0.6,,,631.0,,
MIR,2024-04-09 11:00:00,11,9,4,0.051,,,,,0.348,70.0,19.0,21.0,28.0,,0.8,,,631.0,,
MIR,2024-04-09 12:00:00,12,9,4,0.045,,,,,0.359,53.0,20.0,21.0,30.0,,0.9,,,631.0,,
MIR,2024-04-09 13:00:00,13,9,4,0.039,,,,,0.345,68.0,8.0,21.0,31.0,,0.7,,,630.0,,
MIR,2024-04-09 14:00:00,14,9,4,0.038,,,,,0.356,68.0,14.0,21.0,32.0,,0.8,,,629.0,,
MIR,2024-04-09 15:00:00,15,9,4,0.04,,,,,0.348,157.0,16.0,21.0,32.0,,0.8,,,629.0,,
MIR,2024-04-09 16:00:00,16,9,4,0.041,,,,,0.441,107.0,16.0,21.0,31.0,,0.8,,,629.0,,
MIR,2024-04-09 17:00:00,17,9,4,0.037,,,,,0.438,87.0,14.0,21.0,30.0,,1.2,,,629.0,,
MIR,2024-04-09 18:00:00,18,9,4,0.035,,,,,0.426,79.0,12.0,21.0,29.0,,0.6,,,629.0,,
MIR,2024-04-09 19:00:00,19,9,4,0.034,,,,,0.561,46.0,13.0,21.0,26.0,,0.6,,,630.0,,
MIR,2024-04-09 20:00:00,20,9,4,0.033,,,,,0.489,43.0,12.0,21.0,24.0,,0.6,,,630.0,,
MIR,2024-04-09 21:00:00,21,9,4,0.033,,,,,0.496,37.0,17.0,21.0,22.0,,0.7,,,631.0,,
MIR,2024-04-09 22:00:00,22,9,4,0.033,,,,,0.458,33.0,16.0,21.0,21.0,,0.7,,,631.0,,
MIR,2024-04-09 23:00:00,23,9,4,,,,,,,,,,,,,,,,,
MIR,2024-04-10 00:00:00,0,10,4,0.037,,,,,0.398,36.0,,21.0,20.0,,0.9,,,631.0,,
MIR,2024-04-10 01:00:00,1,10,4,0.037,,,,,0.382,32.0,,21.0,19.0,,0.9,,,631.0,,
MIR,2024-04-10 02:00:00,2,10,4,0.036,,,,,0.406,29.0,17.0,21.0,18.0,,0.5,,,631.0,,
MIR,2024-04-10 03:00:00,3,10,4,0.015,,,,,0.481,24.0,15.0,21.0,17.0,,0.5,,,631.0,,
MIR,2024-04-10 04:00:00,4,10,4,0.021,,,,,0.434,46.0,46.0,21.0,16.0,,0.4,,,631.0,,
MIR,2024-04-10 05:00:00,5,10,4,0.007,,,,,0.656,25.0,18.0,21.0,16.0,,0.5,,,631.0,,
MIR,2024-04-10 06:00:00,6,10,4,0.002,,,,,0.813,39.0,21.0,21.0,14.0,,0.4,,,631.0,,
MIR,2024-04-10 07:00:00,7,10,4,0.002,,,,,1.519,71.0,24.0,21.0,16.0,,0.6,,,631.0,,
MIR,2024-04-10 08:00:00,8,10,4,0.016,,,,,0.336,136.0,55.0,21.0,20.0,,0.5,,,631.0,,
MIR,2024-04-10 09:00:00,9,10,4,0.028,,,,,0.014,79.0,39.0,21.0,23.0,,0.7,,,632.0,,
MIR,2024-04-10 10:00:00,10,10,4,0.036,,,,,0.455,50.0,23.0,21.0,25.0,,0.9,,,632.0,,
MIR,2024-04-10 11:00:00,11,10,4,0.036,,,,,0.385,41.0,41.0,21.0,27.0,,0.9,,,631.0,,
MIR,2024-04-10 12:00:00,12,10,4,0.038,,,,,0.359,30.0,14.0,20.0,29.0,,0.7,,,631.0,,
MIR,2024-04-10 13:00:00,13,10,4,0.036,,,,,0.319,29.0,11.0,21.0,30.0,,0.9,,,630.0,,
MIR,2024-04-10 14:00:00,14,10,4,0.037,,,,,0.361,47.0,8.0,21.0,31.0,,1.0,,,630.0,,
MIR,2024-04-10 15:00:00,15,10,4,0.038,,,,,0.367,36.0,9.0,21.0,31.0,,0.9,,,629.0,,
MIR,2024-04-10 16:00:00,16,10,4,0.038,,,,,0.396,34.0,8.0,21.0,31.0,,0.9,,,629.0,,
MIR,2024-04-10 17:00:00,17,10,4,0.035,,,,,0.363,21.0,7.0,21.0,31.0,,0.9,,,628.0,,
MIR,2024-04-10 18:00:00,18,10,4,0.029,,,,,0.393,36.0,9.0,21.0,29.0,,0.7,,,629.0,,
MIR,2024-04-10 19:00:00,19,10,4,0.022,,,,,0.514,42.0,11.0,21.0,27.0,,0.7,,,629.0,,
MIR,2024-04-10 20:00:00,20,10,4,0.013,,,,,0.598,46.0,15.0,21.0,25.0,,0.8,,,630.0,,
MIR,2024-04-10 21:00:00,21,10,4,0.022,,,,,0.429,41.0,11.0,21.0,24.0,,0.8,,,631.0,,
MIR,2024-04-10 22:00:00,22,10,4,0.019,,,,,0.523,29.0,11.0,21.0,22.0,,0.7,,,631.0,,
MIR,2024-04-10 23:00:00,23,10,4,0.021,,,,,0.481,27.0,11.0,21.0,21.0,,0.5,,,632.0,,
MIR,2024-04-11 00:00:00,0,11,4,0.013,,,,,0.543,30.0,13.0,21.0,19.0,,0.4,,,632.0,,
MIR,2024-04-11 01:00:00,1,11,4,0.006,,,,,0.533,38.0,16.0,21.0,18.0,,0.4,,,631.0,,
MIR,2024-04-11 02:00:00,2,11,4,0.001,,,,,0.709,54.0,21.0,21.0,16.0,,0.4,,,631.0,,
MIR,2024-04-11 03:00:00,3,11,4,0.005,,,,,0.705,55.0,27.0,20.0,16.0,,0.6,,,631.0,,
MIR,2024-04-11 04:00:00,4,11,4,0.007,,,,,0.627,48.0,28.0,21.0,16.0,,0.5,,,631.0,,
MIR,2024-04-11 05:00:00,5,11,4,0.002,,,,,0.85,49.0,36.0,21.0,14.0,,0.5,,,631.0,,
MIR,2024-04-11 06:00:00,6,11,4,0.0,,,,,1.352,203.0,70.0,21.0,13.0,,0.4,,,631.0,,
MIR,2024-04-11 07:00:00,7,11,4,0.001,,,,,1.77,175.0,78.0,21.0,16.0,,0.5,,,632.0,,
MIR,2024-04-11 08:00:00,8,11,4,0.013,,,,,0.406,157.0,64.0,21.0,20.0,,0.6,,,632.0,,
MIR,2024-04-11 09:00:00,9,11,4,0.028,,,,,,117.0,38.0,21.0,23.0,,0.6,,,633.0,,
MIR,2024-04-11 10:00:00,10,11,4,0.043,,,,,0.435,77.0,20.0,21.0,26.0,,0.7,,,633.0,,
MIR,2024-04-11 11:00:00,11,11,4,0.045,,,,,0.311,67.0,20.0,21.0,29.0,,0.7,,,632.0,,
MIR,2024-04-11 12:00:00,12,11,4,0.053,,,,,0.424,46.0,11.0,21.0,31.0,,0.6,,,632.0,,
MIR,2024-04-11 13:00:00,13,11,4,0.055,,,,,0.419,39.0,13.0,21.0,32.0,,0.6,,,631.0,,
MIR,2024-04-11 14:00:00,14,11,4,0.054,,,,,0.375,41.0,28.0,21.0,33.0,,0.6,,,630.0,,
MIR,2024-04-11 15:00:00,15,11,4,0.054,,,,,0.394,40.0,38.0,21.0,34.0,,0.5,,,630.0,,
MIR,2024-04-11 16:00:00,16,11,4,0.052,,,,,0.402,35.0,17.0,21.0,34.0,,0.6,,,629.0,,
MIR,2024-04-11 17:00:00,17,11,4,0.049,,,,,0.394,37.0,12.0,21.0,33.0,,0.7,,,629.0,,
MIR,2024-04-11 18:00:00,18,11,4,0.036,,,,,0.465,30.0,10.0,21.0,32.0,,0.9,,,630.0,,
MIR,2024-04-11 19:00:00,19,11,4,0.035,,,,,0.556,41.0,14.0,21.0,29.0,,0.6,,,630.0,,
MIR,2024-04-11 20:00:00,20,11,4,0.03,,,,,0.533,64.0,28.0,21.0,26.0,,0.7,,,631.0,,
MIR,2024-04-11 21:00:00,21,11,4,0.026,,,,,0.486,59.0,22.0,21.0,25.0,,0.7,,,632.0,,
MIR,2024-04-11 22:00:00,22,11,4,0.026,,,,,0.447,50.0,25.0,21.0,24.0,,0.7,,,632.0,,
MIR,2024-04-11 23:00:00,23,11,4,0.026,,,,,0.405,33.0,14.0,21.0,23.0,,0.8,,,633.0,,
MIR,2024-04-12 00:00:00,0,12,4,0.03,,,,,0.373,40.0,14.0,21.0,22.0,,0.7,,,633.0,,
MIR,2024-04-12 01:00:00,1,12,4,0.025,,,,,0.399,25.0,,21.0,21.0,,0.5,,,633.0,,
MIR,2024-04-12 02:00:00,2,12,4,0.011,,,,,0.496,26.0,19.0,21.0,19.0,,0.5,,,633.0,,
MIR,2024-04-12 03:00:00,3,12,4,0.003,,,,,0.636,29.0,14.0,21.0,18.0,,0.4,,,633.0,,
MIR,2024-04-12 04:00:00,4,12,4,0.003,,,,,0.548,59.0,31.0,21.0,17.0,,0.5,,,633.0,,
MIR,2024-04-12 05:00:00,5,12,4,0.0,,,,,0.944,72.0,32.0,21.0,17.0,,0.5,,,634.0,,
MIR,2024-04-12 06:00:00,6,12,4,0.0,,,,,1.057,108.0,49.0,21.0,16.0,,0.5,,,634.0,,
MIR,2024-04-12 07:00:00,7,12,4,0.001,,,,,1.529,119.0,51.0,21.0,18.0,,0.5,,,634.0,,
MIR,2024-04-12 08:00:00,8,12,4,0.011,,,,,0.386,173.0,72.0,21.0,21.0,,0.7,,,635.0,,
MIR,2024-04-12 09:00:00,9,12,4,0.026,,,,,0.04,139.0,47.0,21.0,23.0,,0.8,,,635.0,,
MIR,2024-04-12 10:00:00,10,12,4,0.039,,,,,0.444,116.0,41.0,21.0,26.0,,0.7,,,635.0,,
MIR,2024-04-12 11:00:00,11,12,4,0.043,,,,,0.336,76.0,26.0,20.0,29.0,,0.5,,,635.0,,
MIR,2024-04-12 12:00:00,12,12,4,0.045,,,,,0.417,63.0,21.0,20.0,31.0,,0.5,,,634.0,,
MIR,2024-04-12 13:00:00,13,12,4,0.049,,,,,0.336,47.0,18.0,21.0,33.0,,0.7,,,634.0,,
MIR,2024-04-12 14:00:00,14,12,4,0.046,,,,,0.438,41.0,17.0,21.0,33.0,,0.6,,,633.0,,
MIR,2024-04-12 15:00:00,15,12,4,0.049,,,,,0.455,50.0,23.0,21.0,33.0,,0.5,,,633.0,,
MIR,2024-04-12 16:00:00,16,12,4,0.054,,,,,0.458,44.0,21.0,21.0,33.0,,0.6,,,632.0,,
MIR,2024-04-12 17:00:00,17,12,4,0.048,,,,,0.495,48.0,21.0,21.0,32.0,,0.8,,,632.0,,
MIR,2024-04-12 18:00:00,18,12,4,0.038,,,,,0.613,51.0,22.0,21.0,31.0,,0.8,,,633.0,,
MIR,2024-04-12 19:00:00,19,12,4,0.035,,,,,0.574,41.0,17.0,21.0,30.0,,0.7,,,633.0,,
MIR,2024-04-12 20:00:00,20,12,4,0.028,,,,,0.462,54.0,19.0,21.0,28.0,,0.8,,,634.0,,
MIR,2024-04-12 21:00:00,21,12,4,0.027,,,,,0.468,85.0,17.0,21.0,25.0,,0.7,,,635.0,,
MIR,2024-04-12 22:00:00,22,12,4,0.026,,,,,0.51,46.0,29.0,21.0,24.0,,0.7,,,635.0,,
MIR,2024-04-12 23:00:00,23,12,4,0.028,,,,,0.468,38.0,21.0,21.0,22.0,,0.5,,,635.0,,
MIR,2024-04-13 00:00:00,0,13,4,0.021,,,,,0.584,36.0,16.0,21.0,21.0,,0.4,,,635.0,,
MIR,2024-04-13 01:00:00,1,13,4,0.007,,,,,0.587,40.0,17.0,21.0,20.0,,0.4,,,635.0,,
MIR,2024-04-13 02:00:00,2,13,4,0.004,,,,,0.707,64.0,24.0,21.0,19.0,,0.4,,,635.0,,
MIR,2024-04-13 03:00:00,3,13,4,0.0,,,,,0.701,54.0,21.0,21.0,19.0,,0.5,,,635.0,,
MIR,2024-04-13 04:00:00,4,13,4,0.004,,,,,0.48,71.0,26.0,21.0,18.0,,0.4,,,635.0,,
MIR,2024-04-13 05:00:00,5,13,4,0.003,,,,,0.622,39.0,18.0,21.0,18.0,,0.5,,,635.0,,
MIR,2024-04-13 06:00:00,6,13,4,0.0,,,,,1.072,98.0,36.0,21.0,18.0,,0.4,,,635.0,,
MIR,2024-04-13 07:00:00,7,13,4,0.001,,,,,1.226,148.0,54.0,21.0,18.0,,0.5,,,635.0,,
MIR,2024-04-13 08:00:00,8,13,4,0.009,,,,,0.585,118.0,50.0,21.0,21.0,,0.6,,,636.0,,
MIR,2024-04-13 09:00:00,9,13,4,0.027,,,,,0.346,84.0,36.0,21.0,24.0,,0.5,,,636.0,,
MIR,2024-04-13 10:00:00,10,13,4,0.045,,,,,0.515,67.0,22.0,20.0,28.0,,0.5,,,636.0,,
MIR,2024-04-13 11:00:00,11,13,4,0.063,,,,,0.506,52.0,21.0,20.0,30.0,,0.7,,,635.0,,
MIR,2024-04-13 12:00:00,12,13,4,0.069,,,,,0.399,52.0,18.0,20.0,32.0,,0.4,,,634.0,,
MIR,2024-04-13 13:00:00,13,13,4,0.069,,,,,0.36,49.0,16.0,20.0,34.0,,0.6,,,634.0,,
MIR,2024-04-13 14:00:00,14,13,4,0.086,,,,,0.431,49.0,20.0,21.0,35.0,,0.6,,,633.0,,
MIR,2024-04-13 15:00:00,15,13,4,0.096,,,,,0.362,65.0,22.0,21.0,36.0,,0.8,,,632.0,,
MIR,2024-04-13 16:00:00,16,13,4,0.094,,,,,0.476,68.0,23.0,21.0,36.0,,0.7,,,632.0,,
MIR,2024-04-13 17:00:00,17,13,4,0.091,,,,,0.58,47.0,14.0,21.0,35.0,,0.6,,,631.0,,
MIR,2024-04-13 18:00:00,18,13,4,0.08,,,,,0.505,46.0,21.0,21.0,33.0,,0.6,,,631.0,,
MIR,2024-04-13 19:00:00,19,13,4,0.055,,,,,0.577,44.0,24.0,21.0,31.0,,0.6,,,632.0,,
MIR,2024-04-13 20:00:00,20,13,4,0.035,,,,,0.413,53.0,25.0,21.0,29.0,,0.9,,,632.0,,
MIR,2024-04-13 21:00:00,21,13,4,0.035,,,,,0.457,64.0,23.0,21.0,27.0,,0.8,,,633.0,,
MIR,2024-04-13 22:00:00,22,13,4,0.036,,,,,0.425,66.0,23.0,21.0,26.0,,0.5,,,633.0,,
MIR,2024-04-13 23:00:00,23,13,4,0.035,,,,,0.435,57.0,19.0,21.0,25.0,,0.6,,,634.0,,
MIR,2024-04-14 00:00:00,0,14,4,0.031,,,,,0.512,47.0,17.0,21.0,23.0,,0.4,,,634.0,,
MIR,2024-04-14 01:00:00,1,14,4,0.015,,,,,0.586,38.0,24.0,21.0,22.0,,0.6,,,634.0,,
MIR,2024-04-14 02:00:00,2,14,4,0.013,,,,,0.619,67.0,28.0,21.0,21.0,,0.4,,,634.0,,
MIR,2024-04-14 03:00:00,3,14,4,0.015,,,,,0.567,69.0,28.0,21.0,20.0,,,,,633.0,,
MIR,2024-04-14 04:00:00,4,14,4,0.005,,,,,0.579,58.0,25.0,21.0,19.0,,,,,633.0,,
MIR,2024-04-14 05:00:00,5,14,4,0.001,,,,,0.684,88.0,35.0,21.0,18.0,,,,,634.0,,
MIR,2024-04-14 06:00:00,6,14,4,0.001,,,,,0.728,53.0,30.0,21.0,18.0,,,,,634.0,,
MIR,2024-04-14 07:00:00,7,14,4,0.002,,,,,1.232,57.0,25.0,21.0,19.0,,,,,634.0,,
MIR,2024-04-14 08:00:00,8,14,4,0.021,,,,,0.692,113.0,41.0,,23.0,,,,,634.0,,
MIR,2024-04-14 09:00:00,9,14,4,0.037,,,,,0.453,,,,27.0,,,,,634.0,,
MIR,2024-04-14 10:00:00,10,14,4,0.057,,,,,0.504,,,,29.0,,0.6,,,634.0,,
MIR,2024-04-14 11:00:00,11,14,4,0.071,,,,,0.117,,,27.0,32.0,,0.5,,,634.0,,
MIR,2024-04-14 12:00:00,12,14,4,0.068,,,,,0.443,,20.0,21.0,34.0,,0.6,,,633.0,,
MIR,2024-04-14 13:00:00,13,14,4,0.065,,,,,0.433,49.0,23.0,21.0,35.0,,0.5,,,632.0,,
MIR,2024-04-14 14:00:00,14,14,4,0.065,,,,,0.383,39.0,16.0,21.0,37.0,,0.6,,,631.0,,
MIR,2024-04-14 15:00:00,15,14,4,0.068,,,,,0.371,37.0,14.0,21.0,37.0,,0.5,,,630.0,,
MIR,2024-04-14 16:00:00,16,14,4,0.07,,,,,0.433,37.0,18.0,21.0,37.0,,0.6,,,630.0,,
MIR,2024-04-14 17:00:00,17,14,4,0.066,,,,,0.373,41.0,17.0,21.0,37.0,,0.6,,,629.0,,
MIR,2024-04-14 18:00:00,18,14,4,0.058,,,,,0.492,35.0,15.0,21.0,35.0,,0.7,,,629.0,,
MIR,2024-04-14 19:00:00,19,14,4,0.046,,,,,0.536,43.0,15.0,21.0,32.0,,0.6,,,630.0,,
MIR,2024-04-14 20:00:00,20,14,4,0.034,,,,,0.525,68.0,16.0,21.0,30.0,,0.6,,,630.0,,
MIR,2024-04-14 21:00:00,21,14,4,0.028,,,,,0.457,47.0,14.0,21.0,27.0,,0.8,,,631.0,,
MIR,2024-04-14 22:00:00,22,14,4,0.024,,,,,0.425,52.0,10.0,21.0,26.0,,0.6,,,632.0,,
MIR,2024-04-14 23:00:00,23,14,4,0.026,,,,,0.344,41.0,16.0,21.0,24.0,,0.9,,,632.0,,
MIR,2024-04-15 00:00:00,0,15,4,0.026,,,,,0.345,31.0,9.0,21.0,23.0,,0.6,,,632.0,,
MIR,2024-04-15 01:00:00,1,15,4,0.026,,,,,0.326,20.0,8.0,21.0,22.0,,0.7,,,632.0,,
MIR,2024-04-15 02:00:00,2,15,4,0.024,,,,,0.34,18.0,10.0,21.0,20.0,,0.7,,,632.0,,
MIR,2024-04-15 03:00:00,3,15,4,0.023,,,,,0.335,15.0,8.0,21.0,20.0,,0.5,,,632.0,,
MIR,2024-04-15 04:00:00,4,15,4,0.014,,,,,0.445,11.0,6.0,21.0,19.0,,0.6,,,632.0,,
MIR,2024-04-15 05:00:00,5,15,4,0.021,,,,,0.479,17.0,6.0,21.0,19.0,,0.6,,,632.0,,
MIR,2024-04-15 06:00:00,6,15,4,0.011,,,,,0.645,29.0,8.0,21.0,19.0,,0.8,,,632.0,,
MIR,2024-04-15 07:00:00,7,15,4,0.018,,,,,0.422,34.0,8.0,21.0,20.0,,0.5,,,632.0,,
MIR,2024-04-15 08:00:00,8,15,4,0.023,,,,,0.505,21.0,7.0,21.0,23.0,,0.5,,,633.0,,
MIR,2024-04-15 09:00:00,9,15,4,0.028,,,,,0.583,24.0,7.0,21.0,26.0,,0.6,,,633.0,,
MIR,2024-04-15 10:00:00,10,15,4,0.041,,,,,0.478,35.0,9.0,21.0,29.0,,0.7,,,633.0,,
MIR,2024-04-15 11:00:00,11,15,4,0.06,,,,,0.54,39.0,11.0,20.0,32.0,,0.7,,,632.0,,
MIR,2024-04-15 12:00:00,12,15,4,0.089,,,,,0.663,52.0,15.0,21.0,34.0,,0.5,,,632.0,,
MIR,2024-04-15 13:00:00,13,15,4,0.1,,,,,0.623,52.0,25.0,21.0,35.0,,0.7,,,631.0,,
MIR,2024-04-15 14:00:00,14,15,4,0.068,,,,,0.469,63.0,34.0,21.0,36.0,,0.6,,,630.0,,
MIR,2024-04-15 15:00:00,15,15,4,0.068,,,,,0.509,42.0,13.0,21.0,36.0,,0.5,,,630.0,,
MIR,2024-04-15 16:00:00,16,15,4,0.069,,,,,0.46,40.0,16.0,21.0,36.0,,0.6,,,629.0,,
MIR,2024-04-15 17:00:00,17,15,4,0.064,,,,,0.459,39.0,15.0,21.0,35.0,,0.6,,,629.0,,
MIR,2024-04-15 18:00:00,18,15,4,0.051,,,,,0.458,45.0,12.0,21.0,34.0,,0.7,,,629.0,,
MIR,2024-04-15 19:00:00,19,15,4,0.035,,,,,0.561,42.0,11.0,21.0,30.0,,0.8,,,630.0,,
MIR,2024-04-15 20:00:00,20,15,4,0.03,,,,,0.506,54.0,14.0,21.0,28.0,,0.7,,,630.0,,
MIR,2024-04-15 21:00:00,21,15,4,0.028,,,,,0.433,54.0,14.0,21.0,27.0,,0.7,,,631.0,,
MIR,2024-04-15 22:00:00,22,15,4,0.029,,,,,0.433,56.0,13.0,21.0,26.0,,0.5,,,631.0,,
MIR,2024-04-15 23:00:00,23,15,4,0.021,,,,,0.53,45.0,10.0,21.0,24.0,,0.4,,,632.0,,
MIR,2024-04-16 00:00:00,0,16,4,0.017,,,,,0.42,38.0,11.0,21.0,23.0,,0.6,,,632.0,,
MIR,2024-04-16 01:00:00,1,16,4,0.009,,,,,0.366,47.0,11.0,21.0,22.0,,0.5,,,632.0,,
MIR,2024-04-16 02:00:00,2,16,4,0.01,,,,,0.374,49.0,14.0,21.0,21.0,,0.7,,,631.0,,
MIR,2024-04-16 03:00:00,3,16,4,0.021,,,,,0.289,41.0,12.0,21.0,21.0,,0.4,,,631.0,,
MIR,2024-04-16 04:00:00,4,16,4,0.02,,,,,0.324,9.0,6.0,21.0,21.0,,,,,631.0,,
MIR,2024-04-16 05:00:00,5,16,4,0.015,,,,,0.461,9.0,1.0,21.0,20.0,,,,,631.0,,
MIR,2024-04-16 06:00:00,6,16,4,0.003,,,,,0.848,16.0,5.0,21.0,19.0,,,,,632.0,,
MIR,2024-04-16 07:00:00,7,16,4,0.001,,,,,1.467,73.0,24.0,21.0,20.0,,,,,632.0,,
MIR,2024-04-16 08:00:00,8,16,4,0.006,,,,,0.927,137.0,36.0,21.0,24.0,,0.4,,,632.0,,
MIR,2024-04-16 09:00:00,9,16,4,0.018,,,,,0.437,199.0,45.0,21.0,26.0,,0.5,,,633.0,,
MIR,2024-04-16 10:00:00,10,16,4,0.042,,,,,0.275,189.0,44.0,21.0,30.0,,0.7,,,633.0,,
MIR,2024-04-16 11:00:00,11,16,4,0.05,,,,,0.169,63.0,15.0,21.0,32.0,,0.6,,,632.0,,
MIR,2024-04-16 12:00:00,12,16,4,0.058,,,,,0.474,57.0,15.0,20.0,34.0,,,,,632.0,,
MIR,2024-04-16 13:00:00,13,16,4,0.067,,,,,0.505,53.0,9.0,21.0,35.0,,,,,631.0,,
MIR,2024-04-16 14:00:00,14,16,4,0.067,,,,,0.394,49.0,9.0,21.0,37.0,,,,,630.0,,
MIR,2024-04-16 15:00:00,15,16,4,0.06,,,,,0.365,46.0,15.0,21.0,38.0,,,,,629.0,,
MIR,2024-04-16 16:00:00,16,16,4,0.059,,,,,0.375,47.0,11.0,21.0,37.0,,0.8,,,629.0,,
MIR,2024-04-16 17:00:00,17,16,4,0.059,,,,,0.428,33.0,9.0,21.0,37.0,,0.6,,,629.0,,
MIR,2024-04-16 18:00:00,18,16,4,0.051,,,,,0.488,40.0,13.0,21.0,35.0,,0.8,,,629.0,,
MIR,2024-04-16 19:00:00,19,16,4,0.035,,,,,0.545,40.0,16.0,21.0,32.0,,1.0,,,630.0,,
MIR,2024-04-16 20:00:00,20,16,4,0.028,,,,,0.496,59.0,16.0,21.0,29.0,,1.1,,,631.0,,
MIR,2024-04-16 21:00:00,21,16,4,0.024,,,,,0.481,82.0,16.0,21.0,27.0,,0.8,,,632.0,,
MIR,2024-04-16 22:00:00,22,16,4,0.02,,,,,0.398,49.0,8.0,21.0,25.0,,0.7,,,632.0,,
MIR,2024-04-16 23:00:00,23,16,4,0.019,,,,,0.36,49.0,9.0,21.0,23.0,,0.5,,,632.0,,
MIR,2024-04-17 00:00:00,0,17,4,0.019,,,,,0.333,35.0,16.0,21.0,22.0,,0.4,,,632.0,,
MIR,2024-04-17 01:00:00,1,17,4,0.018,,,,,0.29,23.0,9.0,21.0,22.0,,0.4,,,632.0,,
MIR,2024-04-17 02:00:00,2,17,4,0.017,,,,,0.335,16.0,8.0,21.0,21.0,,0.8,,,632.0,,
MIR,2024-04-17 03:00:00,3,17,4,0.022,,,,,0.314,20.0,6.0,21.0,21.0,,0.7,,,632.0,,
MIR,2024-04-17 04:00:00,4,17,4,0.022,,,,,0.321,10.0,3.0,21.0,21.0,,0.6,,,632.0,,
MIR,2024-04-17 05:00:00,5,17,4,0.013,,,,,0.431,8.0,3.0,21.0,21.0,,0.6,,,632.0,,
MIR,2024-04-17 06:00:00,6,17,4,0.004,,,,,0.838,15.0,6.0,21.0,19.0,,0.5,,,633.0,,
MIR,2024-04-17 07:00:00,7,17,4,0.001,,,,,1.794,31.0,11.0,21.0,20.0,,0.6,,,633.0,,
MIR,2024-04-17 08:00:00,8,17,4,0.006,,,,,1.017,160.0,43.0,21.0,23.0,,0.5,,,633.0,,
MIR,2024-04-17 09:00:00,9,17,4,0.023,,,,,0.161,192.0,51.0,21.0,28.0,,0.5,,,633.0,,
MIR,2024-04-17 10:00:00,10,17,4,0.04,,,,,0.557,78.0,22.0,21.0,31.0,,0.6,,,633.0,,
MIR,2024-04-17 11:00:00,11,17,4,0.046,,,,,0.379,71.0,20.0,21.0,33.0,,0.6,,,633.0,,
MIR,2024-04-17 12:00:00,12,17,4,0.062,,,,,0.349,24.0,10.0,21.0,35.0,,0.7,,,632.0,,
MIR,2024-04-17 13:00:00,13,17,4,0.076,,,,,0.266,35.0,13.0,21.0,37.0,,0.8,,,631.0,,
MIR,2024-04-17 14:00:00,14,17,4,0.08,,,,,0.425,30.0,11.0,21.0,37.0,,0.6,,,631.0,,
MIR,2024-04-17 15:00:00,15,17,4,0.059,,,,,0.414,41.0,11.0,21.0,38.0,,0.6,,,630.0,,
MIR,2024-04-17 16:00:00,16,17,4,0.055,,,,,0.453,38.0,9.0,21.0,37.0,,0.8,,,629.0,,
MIR,2024-04-17 17:00:00,17,17,4,0.048,,,,,0.539,27.0,14.0,21.0,35.0,,0.8,,,629.0,,
MIR,2024-04-17 18:00:00,18,17,4,0.04,,,,,0.695,48.0,16.0,21.0,33.0,,0.8,,,630.0,,
MIR,2024-04-17 19:00:00,19,17,4,0.033,,,,,0.458,74.0,30.0,21.0,31.0,,0.7,,,630.0,,
MIR,2024-04-17 20:00:00,20,17,4,0.033,,,,,0.514,103.0,10.0,21.0,29.0,,0.8,,,631.0,,
MIR,2024-04-17 21:00:00,21,17,4,0.026,,,,,0.505,53.0,10.0,21.0,27.0,,0.6,,,632.0,,
MIR,2024-04-17 22:00:00,22,17,4,0.027,,,,,0.437,53.0,17.0,21.0,25.0,,0.6,,,632.0,,
MIR,2024-04-17 23:00:00,23,17,4,0.024,,,,,0.428,36.0,11.0,21.0,24.0,,0.4,,,632.0,,
MIR,2024-04-18 00:00:00,0,18,4,0.012,,,,,0.485,50.0,16.0,21.0,22.0,,0.4,,,632.0,,
MIR,2024-04-18 01:00:00,1,18,4,0.007,,,,,0.508,40.0,14.0,21.0,21.0,,0.5,,,632.0,,
MIR,2024-04-18 02:00:00,2,18,4,0.031,,,,,0.301,43.0,17.0,21.0,22.0,,0.5,,,632.0,,
MIR,2024-04-18 03:00:00,3,18,4,0.034,,,,,0.269,22.0,7.0,21.0,22.0,,0.6,,,632.0,,
MIR,2024-04-18 04:00:00,4,18,4,0.039,,,,,0.35,16.0,7.0,21.0,21.0,,0.4,,,632.0,,
MIR,2024-04-18 05:00:00,5,18,4,0.002,,,,,0.675,21.0,5.0,21.0,19.0,,,,,632.0,,
MIR,2024-04-18 06:00:00,6,18,4,0.0,,,,,0.925,78.0,24.0,21.0,17.0,,,,,633.0,,
MIR,2024-04-18 07:00:00,7,18,4,0.003,,,,,1.301,105.0,39.0,21.0,20.0,,,,,633.0,,
MIR,2024-04-18 08:00:00,8,18,4,0.01,,,,,0.894,149.0,57.0,21.0,24.0,,,,,633.0,,
MIR,2024-04-18 09:00:00,9,18,4,0.025,,,,,0.245,157.0,44.0,21.0,27.0,,,,,634.0,,
MIR,2024-04-18 10:00:00,10,18,4,0.048,,,,,0.407,109.0,30.0,21.0,30.0,,0.6,,,633.0,,
MIR,2024-04-18 11:00:00,11,18,4,0.073,,,,,0.479,64.0,16.0,21.0,33.0,,0.7,,,633.0,,
MIR,2024-04-18 12:00:00,12,18,4,0.076,,,,,0.48,48.0,17.0,21.0,35.0,,0.6,,,632.0,,
MIR,2024-04-18 13:00:00,13,18,4,0.06,,,,,0.363,,,22.0,37.0,,0.5,,,632.0,,
MIR,2024-04-18 14:00:00,14,18,4,0.051,,,,,0.415,,,23.0,37.0,,0.7,,,631.0,,
MIR,2024-04-18 15:00:00,15,18,4,0.052,,,,,0.472,,,23.0,37.0,,0.6,,,630.0,,
MIR,2024-04-18 16:00:00,16,18,4,0.051,,,,,0.377,,,24.0,37.0,,0.5,,,630.0,,
MIR,2024-04-18 17:00:00,17,18,4,0.05,,,,,0.375,,,24.0,36.0,,1.0,,,630.0,,
MIR,2024-04-18 18:00:00,18,18,4,0.045,,,,,0.442,,,23.0,34.0,,0.7,,,630.0,,
MIR,2024-04-18 19:00:00,19,18,4,0.039,,,,,0.559,,,23.0,31.0,,0.8,,,630.0,,
MIR,2024-04-18 20:00:00,20,18,4,0.035,,,,,0.516,,,23.0,29.0,,0.6,,,631.0,,
MIR,2024-04-18 21:00:00,21,18,4,0.035,,,,,0.52,,,23.0,27.0,,0.8,,,632.0,,
MIR,2024-04-18 22:00:00,22,18,4,0.037,,,,,0.455,,,23.0,26.0,,0.6,,,632.0,,
MIR,2024-04-18 23:00:00,23,18,4,0.032,,,,,0.474,,,23.0,25.0,,0.6,,,632.0,,
MIR,2024-04-19 00:00:00,0,19,4,0.028,,,,,0.445,,,23.0,23.0,,0.5,,,632.0,,
MIR,2024-04-19 01:00:00,1,19,4,0.018,,,,,0.508,,,23.0,21.0,,0.5,,,632.0,,
MIR,2024-04-19 02:00:00,2,19,4,0.008,,,,,0.52,,,23.0,20.0,,0.4,,,632.0,,
MIR,2024-04-19 03:00:00,3,19,4,0.009,,,,,0.494,,,23.0,19.0,,0.4,,,632.0,,
MIR,2024-04-19 04:00:00,4,19,4,0.005,,,,,0.557,,,23.0,18.0,,0.5,,,632.0,,
MIR,2024-04-19 05:00:00,5,19,4,0.0,,,,,0.811,,,23.0,17.0,,0.4,,,632.0,,
MIR,2024-04-19 06:00:00,6,19,4,0.0,,,,,0.914,,,23.0,17.0,,0.5,,,632.0,,
MIR,2024-04-19 07:00:00,7,19,4,0.002,,,,,1.821,,,23.0,19.0,,0.5,,,633.0,,
MIR,2024-04-19 08:00:00,8,19,4,0.01,,,,,0.82,,,23.0,24.0,,0.5,,,633.0,,
MIR,2024-04-19 09:00:00,9,19,4,0.029,,,,,0.239,,44.0,23.0,28.0,,0.6,,,633.0,,
MIR,2024-04-19 10:00:00,10,19,4,0.048,,,,,0.624,92.0,31.0,23.0,30.0,,0.6,,,633.0,,
MIR,2024-04-19 11:00:00,11,19,4,0.072,,,,,0.354,80.0,32.0,23.0,33.0,,0.6,,,633.0,,
MIR,2024-04-19 12:00:00,12,19,4,0.064,,,,,0.316,63.0,22.0,23.0,35.0,,0.5,,,632.0,,
MIR,2024-04-19 13:00:00,13,19,4,0.054,,,,,0.25,39.0,13.0,23.0,36.0,,0.5,,,631.0,,
MIR,2024-04-19 14:00:00,14,19,4,0.056,,,,,0.424,35.0,13.0,23.0,37.0,,0.8,,,631.0,,
MIR,2024-04-19 15:00:00,15,19,4,0.051,,,,,0.399,37.0,9.0,23.0,37.0,,1.1,,,630.0,,
MIR,2024-04-19 16:00:00,16,19,4,0.049,,,,,0.327,24.0,8.0,24.0,37.0,,0.8,,,630.0,,
MIR,2024-04-19 17:00:00,17,19,4,0.047,,,,,0.373,31.0,8.0,24.0,36.0,,0.6,,,629.0,,
MIR,2024-04-19 18:00:00,18,19,4,0.042,,,,,0.459,19.0,8.0,23.0,34.0,,0.6,,,630.0,,
MIR,2024-04-19 19:00:00,19,19,4,0.039,,,,,0.579,25.0,10.0,23.0,32.0,,0.5,,,630.0,,
MIR,2024-04-19 20:00:00,20,19,4,0.038,,,,,0.634,63.0,14.0,23.0,29.0,,0.7,,,631.0,,
MIR,2024-04-19 21:00:00,21,19,4,0.033,,,,,0.595,65.0,18.0,23.0,27.0,,0.6,,,632.0,,
MIR,2024-04-19 22:00:00,22,19,4,0.029,,,,,0.58,44.0,13.0,23.0,25.0,,,,,632.0,,
MIR,2024-04-19 23:00:00,23,19,4,0.027,,,,,0.607,28.0,12.0,23.0,24.0,,,,,633.0,,
MIR,2024-04-20 00:00:00,0,20,4,0.024,,,,,0.532,35.0,13.0,23.0,23.0,,,,,633.0,,
MIR,2024-04-20 01:00:00,1,20,4,0.033,,,,,0.318,35.0,15.0,23.0,21.0,,,,,632.0,,
MIR,2024-04-20 02:00:00,2,20,4,0.02,,,,,0.538,16.0,12.0,23.0,20.0,,0.4,,,632.0,,
MIR,2024-04-20 03:00:00,3,20,4,0.009,,,,,0.607,54.0,12.0,23.0,19.0,,0.4,,,632.0,,
MIR,2024-04-20 04:00:00,4,20,4,0.017,,,,,0.455,63.0,26.0,23.0,18.0,,,,,632.0,,
MIR,2024-04-20 05:00:00,5,20,4,0.028,,,,,0.341,39.0,15.0,23.0,18.0,,,,,633.0,,
MIR,2024-04-20 06:00:00,6,20,4,0.012,,,,,1.053,20.0,11.0,23.0,18.0,,,,,633.0,,
MIR,2024-04-20 07:00:00,7,20,4,0.003,,,,,1.377,65.0,19.0,23.0,19.0,,,,,633.0,,
MIR,2024-04-20 08:00:00,8,20,4,0.011,,,,,0.725,106.0,33.0,23.0,23.0,,,,,634.0,,
MIR,2024-04-20 09:00:00,9,20,4,0.031,,,,,0.312,96.0,31.0,23.0,27.0,,,,,634.0,,
MIR,2024-04-20 10:00:00,10,20,4,0.045,,,,,0.495,73.0,22.0,23.0,30.0,,,,,634.0,,
MIR,2024-04-20 11:00:00,11,20,4,0.063,,,,,0.422,53.0,18.0,23.0,32.0,,,,,633.0,,
MIR,2024-04-20 12:00:00,12,20,4,0.076,,,,,0.451,41.0,10.0,23.0,34.0,,0.8,,,633.0,,
MIR,2024-04-20 13:00:00,13,20,4,0.062,,,,,0.376,49.0,16.0,23.0,35.0,,0.6,,,632.0,,
MIR,2024-04-20 14:00:00,14,20,4,0.046,,,,,0.372,45.0,15.0,23.0,36.0,,0.6,,,631.0,,
MIR,2024-04-20 15:00:00,15,20,4,0.047,,,,,0.409,34.0,12.0,23.0,36.0,,0.8,,,631.0,,
MIR,2024-04-20 16:00:00,16,20,4,0.047,,,,,0.373,29.0,10.0,24.0,36.0,,0.5,,,630.0,,
MIR,2024-04-20 17:00:00,17,20,4,0.045,,,,,0.416,35.0,8.0,23.0,35.0,,0.8,,,630.0,,
MIR,2024-04-20 18:00:00,18,20,4,0.043,,,,,0.434,29.0,13.0,23.0,34.0,,0.8,,,630.0,,
MIR,2024-04-20 19:00:00,19,20,4,0.042,,,,,0.533,41.0,11.0,23.0,30.0,,0.5,,,631.0,,
MIR,2024-04-20 20:00:00,20,20,4,0.043,,,,,0.464,50.0,14.0,23.0,28.0,,0.8,,,631.0,,
MIR,2024-04-20 21:00:00,21,20,4,0.039,,,,,0.471,58.0,21.0,23.0,26.0,,0.5,,,632.0,,
MIR,2024-04-20 22:00:00,22,20,4,0.029,,,,,0.576,47.0,16.0,23.0,24.0,,0.5,,,633.0,,
MIR,2024-04-20 23:00:00,23,20,4,0.02,,,,,0.613,44.0,19.0,23.0,23.0,,0.6,,,633.0,,
MIR,2024-04-21 00:00:00,0,21,4,0.023,,,,,0.468,44.0,22.0,23.0,22.0,,,,,633.0,,
MIR,2024-04-21 01:00:00,1,21,4,0.012,,,,,0.582,30.0,12.0,23.0,20.0,,,,,633.0,,
MIR,2024-04-21 02:00:00,2,21,4,0.01,,,,,0.656,39.0,13.0,23.0,19.0,,,,,633.0,,
MIR,2024-04-21 03:00:00,3,21,4,0.012,,,,,0.575,55.0,17.0,23.0,18.0,,,,,632.0,,
MIR,2024-04-21 04:00:00,4,21,4,0.006,,,,,0.626,37.0,17.0,23.0,17.0,,0.5,,,632.0,,
MIR,2024-04-21 05:00:00,5,21,4,0.001,,,,,0.936,40.0,20.0,23.0,17.0,,0.5,,,632.0,,
MIR,2024-04-21 06:00:00,6,21,4,0.001,,,,,0.964,87.0,38.0,23.0,16.0,,0.4,,,633.0,,
MIR,2024-04-21 07:00:00,7,21,4,0.005,,,,,1.025,106.0,51.0,23.0,19.0,,0.6,,,633.0,,
MIR,2024-04-21 08:00:00,8,21,4,0.022,,,,,0.713,126.0,57.0,23.0,22.0,,0.5,,,633.0,,
MIR,2024-04-21 09:00:00,9,21,4,0.039,,,,,0.424,117.0,52.0,23.0,25.0,,0.5,,,633.0,,
MIR,2024-04-21 10:00:00,10,21,4,0.044,,,,,0.363,80.0,32.0,23.0,28.0,,0.6,,,633.0,,
MIR,2024-04-21 11:00:00,11,21,4,0.059,,,,,0.237,52.0,22.0,23.0,31.0,,0.4,,,633.0,,
MIR,2024-04-21 12:00:00,12,21,4,0.062,,,,,0.396,29.0,12.0,23.0,34.0,,0.6,,,632.0,,
MIR,2024-04-21 13:00:00,13,21,4,0.056,,,,,0.334,28.0,9.0,23.0,35.0,,0.5,,,631.0,,
MIR,2024-04-21 14:00:00,14,21,4,0.045,,,,,0.355,18.0,9.0,23.0,37.0,,0.7,,,631.0,,
MIR,2024-04-21 15:00:00,15,21,4,0.047,,,,,0.335,18.0,8.0,24.0,36.0,,0.7,,,630.0,,
MIR,2024-04-21 16:00:00,16,21,4,0.045,,,,,0.392,24.0,10.0,24.0,36.0,,0.4,,,629.0,,
MIR,2024-04-21 17:00:00,17,21,4,0.044,,,,,0.428,15.0,8.0,24.0,36.0,,0.7,,,629.0,,
MIR,2024-04-21 18:00:00,18,21,4,0.041,,,,,0.386,27.0,9.0,23.0,34.0,,0.8,,,629.0,,
MIR,2024-04-21 19:00:00,19,21,4,0.042,,,,,0.461,27.0,10.0,23.0,31.0,,0.6,,,630.0,,
MIR,2024-04-21 20:00:00,20,21,4,0.046,,,,,0.523,64.0,12.0,23.0,28.0,,0.7,,,631.0,,
MIR,2024-04-21 21:00:00,21,21,4,0.046,,,,,0.57,51.0,18.0,23.0,26.0,,0.5,,,631.0,,
MIR,2024-04-21 22:00:00,22,21,4,0.037,,,,,0.576,42.0,19.0,23.0,25.0,,0.5,,,632.0,,
MIR,2024-04-21 23:00:00,23,21,4,0.026,,,,,0.711,47.0,22.0,23.0,23.0,,0.4,,,632.0,,
MIR,2024-04-22 00:00:00,0,22,4,0.009,,,,,0.69,39.0,17.0,23.0,21.0,,0.5,,,632.0,,
MIR,2024-04-22 01:00:00,1,22,4,0.003,,,,,0.67,66.0,23.0,23.0,20.0,,0.4,,,632.0,,
MIR,2024-04-22 02:00:00,2,22,4,0.004,,,,,0.655,61.0,25.0,23.0,18.0,,0.4,,,632.0,,
MIR,2024-04-22 03:00:00,3,22,4,0.005,,,,,0.647,48.0,24.0,23.0,17.0,,,,,631.0,,
MIR,2024-04-22 04:00:00,4,22,4,0.002,,,,,0.793,49.0,28.0,23.0,17.0,,,,,631.0,,
MIR,2024-04-22 05:00:00,5,22,4,0.001,,,,,1.012,83.0,37.0,23.0,17.0,,,,,632.0,,
MIR,2024-04-22 06:00:00,6,22,4,0.0,,,,,1.174,93.0,48.0,23.0,16.0,,,,,632.0,,
MIR,2024-04-22 07:00:00,7,22,4,0.002,,,,,1.472,119.0,43.0,23.0,19.0,,,,,633.0,,
MIR,2024-04-22 08:00:00,8,22,4,0.016,,,,,0.65,140.0,59.0,23.0,22.0,,,,,633.0,,
MIR,2024-04-22 09:00:00,9,22,4,0.04,,,,,0.305,107.0,43.0,23.0,26.0,,,,,633.0,,
MIR,2024-04-22 10:00:00,10,22,4,0.053,,,,,0.436,85.0,31.0,23.0,29.0,,,,,633.0,,
MIR,2024-04-22 11:00:00,11,22,4,0.06,,,,,0.383,74.0,19.0,23.0,31.0,,0.6,,,633.0,,
MIR,2024-04-22 12:00:00,12,22,4,0.057,,,,,0.427,71.0,22.0,23.0,33.0,,0.5,,,632.0,,
MIR,2024-04-22 13:00:00,13,22,4,0.061,,,,,0.441,54.0,17.0,23.0,35.0,,0.7,,,631.0,,
MIR,2024-04-22 14:00:00,14,22,4,0.055,,,,,0.386,52.0,18.0,23.0,36.0,,0.7,,,630.0,,
MIR,2024-04-22 15:00:00,15,22,4,0.055,,,,,0.42,42.0,16.0,23.0,36.0,,0.6,,,630.0,,
MIR,2024-04-22 16:00:00,16,22,4,0.052,,,,,0.459,38.0,15.0,23.0,34.0,,0.8,,,629.0,,
MIR,2024-04-22 17:00:00,17,22,4,0.049,,,,,0.42,44.0,20.0,23.0,34.0,,0.8,,,629.0,,
MIR,2024-04-22 18:00:00,18,22,4,0.046,,,,,0.454,38.0,16.0,23.0,33.0,,1.1,,,630.0,,
MIR,2024-04-22 19:00:00,19,22,4,0.053,,,,,0.546,53.0,19.0,23.0,30.0,,0.8,,,630.0,,
MIR,2024-04-22 20:00:00,20,22,4,0.049,,,,,0.567,64.0,26.0,23.0,28.0,,0.7,,,631.0,,
MIR,2024-04-22 21:00:00,21,22,4,0.041,,,,,0.52,54.0,29.0,23.0,26.0,,0.7,,,632.0,,
MIR,2024-04-22 22:00:00,22,22,4,0.036,,,,,0.487,54.0,24.0,23.0,24.0,,0.5,,,633.0,,
MIR,2024-04-22 23:00:00,23,22,4,0.031,,,,,0.495,48.0,19.0,23.0,23.0,,0.6,,,633.0,,
MIR,2024-04-23 00:00:00,0,23,4,0.034,,,,,0.457,37.0,17.0,23.0,22.0,,0.5,,,633.0,,
MIR,2024-04-23 01:00:00,1,23,4,0.019,,,,,0.575,31.0,18.0,23.0,20.0,,0.5,,,633.0,,
MIR,2024-04-23 02:00:00,2,23,4,0.037,,,,,0.395,89.0,22.0,23.0,21.0,,,,,633.0,,
MIR,2024-04-23 03:00:00,3,23,4,0.023,,,,,0.625,30.0,23.0,23.0,19.0,,,,,633.0,,
MIR,2024-04-23 04:00:00,4,23,4,0.005,,,,,0.536,40.0,23.0,23.0,18.0,,,,,633.0,,
MIR,2024-04-23 05:00:00,5,23,4,0.001,,,,,0.878,63.0,29.0,23.0,17.0,,,,,633.0,,
MIR,2024-04-23 06:00:00,6,23,4,0.0,,,,,0.786,97.0,32.0,23.0,16.0,,0.5,,,634.0,,
MIR,2024-04-23 07:00:00,7,23,4,0.004,,,,,0.969,111.0,41.0,23.0,18.0,,0.5,,,634.0,,
MIR,2024-04-23 08:00:00,8,23,4,0.019,,,,,0.534,136.0,58.0,23.0,22.0,,0.5,,,634.0,,
MIR,2024-04-23 09:00:00,9,23,4,0.032,,,,,0.35,103.0,38.0,23.0,26.0,,0.6,,,634.0,,
MIR,2024-04-23 10:00:00,10,23,4,0.039,,,,,0.544,79.0,27.0,23.0,29.0,,0.6,,,634.0,,
MIR,2024-04-23 11:00:00,11,23,4,0.047,,,,,0.322,125.0,27.0,23.0,32.0,,0.6,,,634.0,,
MIR,2024-04-23 12:00:00,12,23,4,0.065,,,,,0.43,67.0,13.0,23.0,34.0,,0.7,,,633.0,,
MIR,2024-04-23 13:00:00,13,23,4,0.074,,,,,0.439,54.0,16.0,23.0,34.0,,0.7,,,633.0,,
MIR,2024-04-23 14:00:00,14,23,4,0.066,,,,,0.44,60.0,18.0,23.0,35.0,,1.0,,,632.0,,
MIR,2024-04-23 15:00:00,15,23,4,0.054,,,,,0.413,53.0,20.0,23.0,35.0,,0.9,,,631.0,,
MIR,2024-04-23 16:00:00,16,23,4,0.054,,,,,0.401,38.0,15.0,24.0,35.0,,0.5,,,631.0,,
MIR,2024-04-23 17:00:00,17,23,4,0.048,,,,,0.42,34.0,15.0,23.0,34.0,,0.9,,,631.0,,
MIR,2024-04-23 18:00:00,18,23,4,0.047,,,,,0.453,35.0,14.0,23.0,33.0,,0.6,,,631.0,,
MIR,2024-04-23 19:00:00,19,23,4,0.047,,,,,0.591,37.0,10.0,23.0,30.0,,0.7,,,632.0,,
MIR,2024-04-23 20:00:00,20,23,4,0.043,,,,,0.501,60.0,26.0,23.0,28.0,,0.8,,,632.0,,
MIR,2024-04-23 21:00:00,21,23,4,0.038,,,,,0.47,55.0,24.0,23.0,26.0,,0.7,,,633.0,,
MIR,2024-04-23 22:00:00,22,23,4,0.035,,,,,0.535,53.0,24.0,23.0,25.0,,0.7,,,634.0,,
MIR,2024-04-23 23:00:00,23,23,4,0.035,,,,,0.467,44.0,23.0,23.0,24.0,,0.7,,,634.0,,
MIR,2024-04-24 00:00:00,0,24,4,0.038,,,,,0.39,35.0,21.0,23.0,23.0,,0.6,,,633.0,,
MIR,2024-04-24 01:00:00,1,24,4,0.024,,,,,0.487,33.0,20.0,23.0,22.0,,0.5,,,633.0,,
MIR,2024-04-24 02:00:00,2,24,4,0.008,,,,,0.547,53.0,22.0,23.0,20.0,,,,,633.0,,
MIR,2024-04-24 03:00:00,3,24,4,0.001,,,,,0.609,100.0,41.0,23.0,18.0,,,,,633.0,,
MIR,2024-04-24 04:00:00,4,24,4,0.003,,,,,0.486,86.0,39.0,23.0,18.0,,,,,633.0,,
MIR,2024-04-24 05:00:00,5,24,4,0.0,,,,,0.606,55.0,26.0,23.0,17.0,,,,,633.0,,
MIR,2024-04-24 06:00:00,6,24,4,0.0,,,,,1.166,45.0,30.0,23.0,17.0,,,,,633.0,,
MIR,2024-04-24 07:00:00,7,24,4,0.001,,,,,1.875,79.0,36.0,23.0,20.0,,0.6,,,634.0,,
MIR,2024-04-24 08:00:00,8,24,4,0.01,,,,,0.776,120.0,44.0,23.0,24.0,,0.5,,,634.0,,
MIR,2024-04-24 09:00:00,9,24,4,0.026,,,,,0.206,118.0,46.0,23.0,27.0,,0.5,,,634.0,,
MIR,2024-04-24 10:00:00,10,24,4,0.044,,,,,0.449,84.0,34.0,23.0,30.0,,0.6,,,634.0,,
MIR,2024-04-24 11:00:00,11,24,4,0.055,,,,,0.345,42.0,13.0,23.0,32.0,,0.5,,,634.0,,
MIR,2024-04-24 12:00:00,12,24,4,0.063,,,,,0.382,45.0,17.0,23.0,34.0,,0.7,,,633.0,,
MIR,2024-04-24 13:00:00,13,24,4,0.057,,,,,0.372,41.0,11.0,23.0,35.0,,0.8,,,633.0,,
MIR,2024-04-24 14:00:00,14,24,4,0.063,,,,,0.39,38.0,15.0,23.0,35.0,,0.7,,,632.0,,
MIR,2024-04-24 15:00:00,15,24,4,0.06,,,,,0.371,27.0,13.0,23.0,35.0,,0.8,,,631.0,,
MIR,2024-04-24 16:00:00,16,24,4,0.054,,,,,0.378,37.0,16.0,24.0,36.0,,0.7,,,631.0,,
MIR,2024-04-24 17:00:00,17,24,4,0.055,,,,,0.423,32.0,12.0,23.0,35.0,,0.6,,,631.0,,
MIR,2024-04-24 18:00:00,18,24,4,0.048,,,,,0.535,46.0,21.0,23.0,33.0,,0.7,,,631.0,,
MIR,2024-04-24 19:00:00,19,24,4,0.044,,,,,0.549,55.0,20.0,23.0,30.0,,0.8,,,632.0,,
MIR,2024-04-24 20:00:00,20,24,4,0.037,,,,,0.501,77.0,23.0,23.0,27.0,,0.8,,,632.0,,
MIR,2024-04-24 21:00:00,21,24,4,0.031,,,,,0.496,79.0,22.0,23.0,25.0,,0.6,,,633.0,,
MIR,2024-04-24 22:00:00,22,24,4,0.031,,,,,0.463,57.0,20.0,23.0,24.0,,0.5,,,633.0,,
MIR,2024-04-24 23:00:00,23,24,4,0.03,,,,,0.386,45.0,23.0,23.0,23.0,,0.8,,,634.0,,
MIR,2024-04-25 00:00:00,0,25,4,0.029,,,,,0.386,39.0,19.0,23.0,22.0,,0.6,,,634.0,,
MIR,2024-04-25 01:00:00,1,25,4,0.023,,,,,0.375,27.0,12.0,23.0,21.0,,0.5,,,634.0,,
MIR,2024-04-25 02:00:00,2,25,4,0.003,,,,,0.603,26.0,10.0,23.0,19.0,,0.5,,,633.0,,
MIR,2024-04-25 03:00:00,3,25,4,0.0,,,,,0.54,101.0,33.0,23.0,18.0,,0.5,,,633.0,,
MIR,2024-04-25 04:00:00,4,25,4,0.0,,,,,0.526,70.0,28.0,23.0,18.0,,0.6,,,633.0,,
MIR,2024-04-25 05:00:00,5,25,4,0.001,,,,,0.712,70.0,33.0,23.0,17.0,,0.6,,,633.0,,
MIR,2024-04-25 06:00:00,6,25,4,0.0,,,,,1.378,95.0,44.0,23.0,17.0,,,,,633.0,,
MIR,2024-04-25 07:00:00,7,25,4,0.001,,,,,1.742,150.0,62.0,23.0,18.0,,,,,634.0,,
MIR,2024-04-25 08:00:00,8,25,4,0.004,,,,,1.209,184.0,76.0,23.0,23.0,,,,,634.0,,
MIR,2024-04-25 09:00:00,9,25,4,0.021,,,,,0.162,221.0,66.0,23.0,27.0,,,,,634.0,,
MIR,2024-04-25 10:00:00,10,25,4,0.039,,,,,0.284,118.0,30.0,23.0,30.0,,0.8,,,634.0,,
MIR,2024-04-25 11:00:00,11,25,4,0.05,,,,,0.31,49.0,11.0,23.0,32.0,,0.7,,,633.0,,
MIR,2024-04-25 12:00:00,12,25,4,0.047,,,,,0.353,36.0,10.0,23.0,34.0,,0.7,,,633.0,,
MIR,2024-04-25 13:00:00,13,25,4,0.051,,,,,0.322,47.0,12.0,23.0,34.0,,0.5,,,632.0,,
MIR,2024-04-25 14:00:00,14,25,4,0.055,,,,,0.418,28.0,11.0,24.0,35.0,,0.7,,,631.0,,
MIR,2024-04-25 15:00:00,15,25,4,0.056,,,,,0.377,36.0,13.0,23.0,35.0,,0.6,,,631.0,,
MIR,2024-04-25 16:00:00,16,25,4,0.055,,,,,0.435,44.0,12.0,23.0,35.0,,0.7,,,630.0,,
MIR,2024-04-25 17:00:00,17,25,4,0.055,,,,,0.478,52.0,17.0,23.0,34.0,,0.9,,,630.0,,
MIR,2024-04-25 18:00:00,18,25,4,0.054,,,,,0.523,39.0,38.0,23.0,32.0,,0.7,,,630.0,,
MIR,2024-04-25 19:00:00,19,25,4,0.045,,,,,0.542,62.0,26.0,23.0,29.0,,1.0,,,631.0,,
MIR,2024-04-25 20:00:00,20,25,4,0.035,,,,,0.603,68.0,57.0,23.0,26.0,,0.6,,,631.0,,
MIR,2024-04-25 21:00:00,21,25,4,0.031,,,,,0.603,62.0,23.0,23.0,25.0,,0.5,,,632.0,,
MIR,2024-04-25 22:00:00,22,25,4,0.027,,,,,0.457,53.0,28.0,23.0,24.0,,0.7,,,632.0,,
MIR,2024-04-25 23:00:00,23,25,4,0.028,,,,,0.399,39.0,21.0,23.0,23.0,,0.8,,,632.0,,
MIR,2024-04-26 00:00:00,0,26,4,0.03,,,,,0.402,35.0,21.0,23.0,22.0,,0.6,,,632.0,,
MIR,2024-04-26 01:00:00,1,26,4,0.03,,,,,0.391,37.0,31.0,23.0,21.0,,0.6,,,632.0,,
MIR,2024-04-26 02:00:00,2,26,4,0.031,,,,,0.426,23.0,18.0,23.0,21.0,,0.6,,,632.0,,
MIR,2024-04-26 03:00:00,3,26,4,0.029,,,,,0.459,31.0,22.0,23.0,20.0,,0.5,,,632.0,,
MIR,2024-04-26 04:00:00,4,26,4,0.025,,,,,0.462,27.0,21.0,23.0,19.0,,0.4,,,632.0,,
MIR,2024-04-26 05:00:00,5,26,4,0.0,,,,,0.788,29.0,,23.0,17.0,,0.5,,,632.0,,
MIR,2024-04-26 06:00:00,6,26,4,0.0,,,,,1.071,86.0,37.0,23.0,16.0,,0.4,,,632.0,,
MIR,2024-04-26 07:00:00,7,26,4,0.002,,,,,1.213,117.0,56.0,23.0,18.0,,0.4,,,632.0,,
MIR,2024-04-26 08:00:00,8,26,4,0.027,,,,,0.121,130.0,40.0,23.0,21.0,,0.4,,,633.0,,
MIR,2024-04-26 09:00:00,9,26,4,0.03,,,,,0.168,26.0,16.0,23.0,23.0,,0.5,,,633.0,,
MIR,2024-04-26 10:00:00,10,26,4,0.035,,,,,0.441,49.0,19.0,23.0,26.0,,0.6,,,633.0,,
MIR,2024-04-26 11:00:00,11,26,4,0.034,,,,,0.39,59.0,18.0,23.0,27.0,,0.8,,,633.0,,
MIR,2024-04-26 12:00:00,12,26,4,0.039,,,,,0.406,64.0,62.0,23.0,28.0,,0.6,,,633.0,,
MIR,2024-04-26 13:00:00,13,26,4,0.042,,,,,0.332,41.0,28.0,23.0,29.0,,0.5,,,632.0,,
MIR,2024-04-26 14:00:00,14,26,4,0.049,,,,,0.421,26.0,,23.0,32.0,,0.6,,,631.0,,
MIR,2024-04-26 15:00:00,15,26,4,0.046,,,,,0.398,36.0,,23.0,32.0,,0.7,,,630.0,,
MIR,2024-04-26 16:00:00,16,26,4,0.042,,,,,0.401,42.0,,23.0,32.0,,0.8,,,630.0,,
MIR,2024-04-26 17:00:00,17,26,4,0.04,,,,,0.43,34.0,16.0,23.0,31.0,,0.7,,,630.0,,
MIR,2024-04-26 18:00:00,18,26,4,0.034,,,,,0.471,51.0,11.0,23.0,30.0,,0.9,,,630.0,,
MIR,2024-04-26 19:00:00,19,26,4,0.033,,,,,0.535,32.0,10.0,23.0,27.0,,0.8,,,631.0,,
MIR,2024-04-26 20:00:00,20,26,4,0.029,,,,,0.508,38.0,14.0,23.0,25.0,,0.8,,,631.0,,
MIR,2024-04-26 21:00:00,21,26,4,0.026,,,,,0.477,42.0,13.0,23.0,23.0,,0.6,,,632.0,,
MIR,2024-04-26 22:00:00,22,26,4,0.016,,,,,0.631,37.0,14.0,23.0,21.0,,0.5,,,632.0,,
MIR,2024-04-26 23:00:00,23,26,4,0.004,,,,,0.809,49.0,20.0,23.0,19.0,,0.7,,,632.0,,
MIR,2024-04-27 00:00:00,0,27,4,0.019,,,,,0.291,48.0,17.0,23.0,19.0,,0.5,,,632.0,,
MIR,2024-04-27 01:00:00,1,27,4,0.007,,,,,0.426,33.0,14.0,23.0,18.0,,,,,632.0,,
MIR,2024-04-27 02:00:00,2,27,4,0.007,,,,,0.551,58.0,32.0,23.0,16.0,,,,,632.0,,
MIR,2024-04-27 03:00:00,3,27,4,0.001,,,,,0.622,42.0,,23.0,15.0,,,,,631.0,,
MIR,2024-04-27 04:00:00,4,27,4,0.002,,,,,0.466,59.0,34.0,23.0,15.0,,,,,631.0,,
MIR,2024-04-27 05:00:00,5,27,4,0.001,,,,,0.563,39.0,23.0,23.0,14.0,,,,,631.0,,
MIR,2024-04-27 06:00:00,6,27,4,0.0,,,,,1.381,34.0,18.0,23.0,14.0,,0.5,,,632.0,,
MIR,2024-04-27 07:00:00,7,27,4,0.002,,,,,1.822,,55.0,23.0,16.0,,0.4,,,632.0,,
MIR,2024-04-27 08:00:00,8,27,4,0.012,,,,,0.572,,80.0,23.0,21.0,,0.5,,,632.0,,
MIR,2024-04-27 09:00:00,9,27,4,0.028,,,,,0.068,,55.0,23.0,24.0,,0.6,,,632.0,,
MIR,2024-04-27 10:00:00,10,27,4,0.039,,,,,0.346,,,23.0,27.0,,0.6,,,632.0,,
MIR,2024-04-27 11:00:00,11,27,4,0.041,,,,,0.224,,,23.0,30.0,,0.7,,,632.0,,
MIR,2024-04-27 12:00:00,12,27,4,0.039,,,,,0.335,,,23.0,32.0,,0.8,,,631.0,,
MIR,2024-04-27 13:00:00,13,27,4,0.038,,,,,0.343,,,23.0,33.0,,0.7,,,631.0,,
MIR,2024-04-27 14:00:00,14,27,4,0.042,,,,,0.366,,,23.0,33.0,,0.8,,,630.0,,
MIR,2024-04-27 15:00:00,15,27,4,0.044,,,,,0.362,,,23.0,34.0,,0.6,,,629.0,,
MIR,2024-04-27 16:00:00,16,27,4,0.041,,,,,0.382,,,23.0,33.0,,1.0,,,629.0,,
MIR,2024-04-27 17:00:00,17,27,4,0.04,,,,,0.41,,,23.0,33.0,,0.8,,,629.0,,
MIR,2024-04-27 18:00:00,18,27,4,0.041,,,,,0.397,,,23.0,30.0,,0.8,,,629.0,,
MIR,2024-04-27 19:00:00,19,27,4,0.035,,,,,0.476,,,23.0,27.0,,0.6,,,630.0,,
MIR,2024-04-27 20:00:00,20,27,4,0.031,,,,,0.513,,,23.0,25.0,,0.8,,,631.0,,
MIR,2024-04-27 21:00:00,21,27,4,0.034,,,,,0.534,,,23.0,23.0,,0.6,,,631.0,,
MIR,2024-04-27 22:00:00,22,27,4,0.029,,,,,0.513,,,23.0,22.0,,0.9,,,632.0,,
MIR,2024-04-27 23:00:00,23,27,4,0.04,,,,,0.402,,,23.0,22.0,,0.9,,,632.0,,
MIR,2024-04-28 00:00:00,0,28,4,0.039,,,,,0.419,,,23.0,20.0,,0.5,,,632.0,,
MIR,2024-04-28 01:00:00,1,28,4,0.021,,,,,0.668,,,23.0,18.0,,0.4,,,632.0,,
MIR,2024-04-28 02:00:00,2,28,4,0.03,,,,,0.477,,,23.0,17.0,,0.4,,,631.0,,
MIR,2024-04-28 03:00:00,3,28,4,0.016,,,,,0.744,,,23.0,16.0,,0.5,,,631.0,,
MIR,2024-04-28 04:00:00,4,28,4,0.001,,,,,0.982,,,23.0,15.0,,0.4,,,631.0,,
MIR,2024-04-28 05:00:00,5,28,4,0.0,,,,,0.837,,,23.0,14.0,,0.6,,,631.0,,
MIR,2024-04-28 06:00:00,6,28,4,0.002,,,,,0.825,,,23.0,13.0,,0.4,,,631.0,,
MIR,2024-04-28 07:00:00,7,28,4,0.004,,,,,1.443,,,23.0,17.0,,0.5,,,632.0,,
MIR,2024-04-28 08:00:00,8,28,4,0.014,,,,,1.01,,,23.0,21.0,,0.5,,,632.0,,
MIR,2024-04-28 09:00:00,9,28,4,0.04,,,,,0.185,,,23.0,25.0,,0.6,,,632.0,,
MIR,2024-04-28 10:00:00,10,28,4,0.06,,,,,0.338,,,23.0,28.0,,0.7,,,632.0,,
MIR,2024-04-28 11:00:00,11,28,4,0.072,,,,,0.322,,,23.0,31.0,,0.7,,,631.0,,
MIR,2024-04-28 12:00:00,12,28,4,0.081,,,,,0.385,,,23.0,32.0,,1.0,,,631.0,,
MIR,2024-04-28 13:00:00,13,28,4,0.079,,,,,0.396,,,23.0,33.0,,0.8,,,630.0,,
MIR,2024-04-28 14:00:00,14,28,4,0.076,,,,,0.371,,,23.0,34.0,,0.8,,,630.0,,
MIR,2024-04-28 15:00:00,15,28,4,0.073,,,,,0.374,,,23.0,34.0,,0.6,,,629.0,,
MIR,2024-04-28 16:00:00,16,28,4,0.07,,,,,0.373,,,23.0,34.0,,1.0,,,629.0,,
MIR,2024-04-28 17:00:00,17,28,4,0.068,,,,,0.417,,,23.0,32.0,,0.6,,,629.0,,
MIR,2024-04-28 18:00:00,18,28,4,0.058,,,,,0.471,,,23.0,31.0,,0.5,,,629.0,,
MIR,2024-04-28 19:00:00,19,28,4,0.044,,,,,0.607,,,23.0,28.0,,0.7,,,629.0,,
MIR,2024-04-28 20:00:00,20,28,4,0.038,,,,,0.611,,,23.0,26.0,,0.8,,,630.0,,
MIR,2024-04-28 21:00:00,21,28,4,0.036,,,,,0.581,,,23.0,24.0,,0.7,,,630.0,,
MIR,2024-04-28 22:00:00,22,28,4,0.031,,,,,0.563,,,23.0,22.0,,0.6,,,631.0,,
MIR,2024-04-28 23:00:00,23,28,4,0.028,,,,,0.635,,,23.0,21.0,,0.5,,,631.0,,
MIR,2024-04-29 00:00:00,0,29,4,0.01,,,,,0.91,,,23.0,19.0,,0.4,,,631.0,,
MIR,2024-04-29 01:00:00,1,29,4,0.004,,,,,0.911,,,23.0,17.0,,0.5,,,631.0,,
MIR,2024-04-29 02:00:00,2,29,4,0.005,,,,,0.626,,,23.0,16.0,,0.5,,,631.0,,
MIR,2024-04-29 03:00:00,3,29,4,0.001,,,,,0.663,,,23.0,16.0,,0.5,,,630.0,,
MIR,2024-04-29 04:00:00,4,29,4,0.001,,,,,0.508,,,23.0,15.0,,0.4,,,630.0,,
MIR,2024-04-29 05:00:00,5,29,4,0.001,,,,,0.979,,,23.0,14.0,,,,,631.0,,
MIR,2024-04-29 06:00:00,6,29,4,0.0,,,,,1.194,,,23.0,14.0,,,,,631.0,,
MIR,2024-04-29 07:00:00,7,29,4,0.002,,,,,1.7,,,23.0,16.0,,,,,631.0,,
MIR,2024-04-29 08:00:00,8,29,4,0.012,,,,,0.591,,,23.0,21.0,,,,,632.0,,
MIR,2024-04-29 09:00:00,9,29,4,0.028,,,,,0.156,,,23.0,25.0,,,,,632.0,,
MIR,2024-04-29 10:00:00,10,29,4,0.037,,,,,0.632,,,22.0,28.0,,,,,632.0,,
MIR,2024-04-29 11:00:00,11,29,4,0.059,,,,,0.438,,,22.0,30.0,,,,,631.0,,
MIR,2024-04-29 12:00:00,12,29,4,0.077,,,,,0.565,48.0,22.0,23.0,32.0,,0.6,,,631.0,,
MIR,2024-04-29 13:00:00,13,29,4,0.086,,,,,0.532,50.0,10.0,23.0,34.0,,0.5,,,630.0,,
MIR,2024-04-29 14:00:00,14,29,4,0.074,,,,,0.391,49.0,13.0,23.0,35.0,,0.5,,,629.0,,
MIR,2024-04-29 15:00:00,15,29,4,0.07,,,,,0.397,38.0,8.0,23.0,35.0,,0.6,,,629.0,,
MIR,2024-04-29 16:00:00,16,29,4,0.072,,,,,0.442,33.0,7.0,24.0,35.0,,0.7,,,628.0,,
MIR,2024-04-29 17:00:00,17,29,4,0.071,,,,,0.428,20.0,10.0,23.0,34.0,,0.6,,,628.0,,
MIR,2024-04-29 18:00:00,18,29,4,0.063,,,,,0.495,16.0,8.0,23.0,33.0,,0.5,,,629.0,,
MIR,2024-04-29 19:00:00,19,29,4,0.026,,,,,0.924,13.0,,23.0,30.0,,0.6,,,629.0,,
MIR,2024-04-29 20:00:00,20,29,4,0.033,,,,,0.431,35.0,10.0,23.0,27.0,,0.9,,,630.0,,
MIR,2024-04-29 21:00:00,21,29,4,0.034,,,,,0.374,,33.0,23.0,25.0,,0.8,,,630.0,,
MIR,2024-04-29 22:00:00,22,29,4,0.041,,,,,0.425,48.0,18.0,23.0,24.0,,0.7,,,631.0,,
MIR,2024-04-29 23:00:00,23,29,4,0.043,,,,,0.423,44.0,,23.0,23.0,,0.6,,,631.0,,
MIR,2024-04-30 00:00:00,0,30,4,0.041,,,,,0.424,35.0,35.0,23.0,22.0,,0.7,,,631.0,,
MIR,2024-04-30 01:00:00,1,30,4,0.038,,,,,0.393,32.0,19.0,23.0,21.0,,,,,631.0,,
MIR,2024-04-30 02:00:00,2,30,4,0.023,,,,,0.491,25.0,14.0,23.0,19.0,,,,,631.0,,
MIR,2024-04-30 03:00:00,3,30,4,0.008,,,,,0.556,29.0,11.0,23.0,18.0,,,,,631.0,,
MIR,2024-04-30 04:00:00,4,30,4,0.003,,,,,0.562,43.0,16.0,23.0,17.0,,,,,631.0,,
MIR,2024-04-30 05:00:00,5,30,4,0.0,,,,,0.851,63.0,29.0,23.0,16.0,,0.6,,,631.0,,
MIR,2024-04-30 06:00:00,6,30,4,0.0,,,,,1.039,95.0,51.0,24.0,16.0,,0.4,,,631.0,,
MIR,2024-04-30 07:00:00,7,30,4,0.002,,,,,1.411,130.0,,23.0,18.0,,0.4,,,632.0,,
MIR,2024-04-30 08:00:00,8,30,4,0.01,,,,,0.662,140.0,124.0,23.0,22.0,,0.6,,,632.0,,
MIR,2024-04-30 09:00:00,9,30,4,0.029,,,,,0.374,107.0,47.0,23.0,26.0,,0.7,,,632.0,,
MIR,2024-04-30 10:00:00,10,30,4,0.048,,,,,0.564,98.0,,23.0,28.0,,0.4,,,632.0,,
MIR,2024-04-30 11:00:00,11,30,4,0.065,,,,,0.379,90.0,65.0,23.0,30.0,,0.6,,,631.0,,
MIR,2024-04-30 12:00:00,12,30,4,0.079,,,,,0.382,73.0,39.0,23.0,32.0,,0.7,,,631.0,,
MIR,2024-04-30 13:00:00,13,30,4,0.077,,,,,0.324,67.0,29.0,23.0,34.0,,0.5,,,630.0,,
MIR,2024-04-30 14:00:00,14,30,4,0.077,,,,,0.441,51.0,21.0,23.0,35.0,,0.6,,,630.0,,
MIR,2024-04-30 15:00:00,15,30,4,0.074,,,,,0.399,53.0,17.0,23.0,36.0,,0.6,,,629.0,,
MIR,2024-04-30 16:00:00,16,30,4,0.071,,,,,0.397,35.0,12.0,23.0,36.0,,0.9,,,629.0,,
MIR,2024-04-30 17:00:00,17,30,4,0.064,,,,,0.447,30.0,11.0,24.0,35.0,,0.5,,,629.0,,
MIR,2024-04-30 18:00:00,18,30,4,0.056,,,,,0.393,38.0,13.0,23.0,33.0,,0.6,,,629.0,,
MIR,2024-04-30 19:00:00,19,30,4,0.045,,,,,0.544,36.0,14.0,23.0,30.0,,0.9,,,629.0,,
MIR,2024-04-30 20:00:00,20,30,4,0.041,,,,,0.584,48.0,21.0,23.0,27.0,,0.8,,,630.0,,
MIR,2024-04-30 21:00:00,21,30,4,0.036,,,,,0.597,70.0,29.0,23.0,25.0,,0.6,,,631.0,,
MIR,2024-04-30 22:00:00,22,30,4,0.031,,,,,0.531,54.0,30.0,23.0,25.0,,0.5,,,631.0,,
MIR,2024-04-30 23:00:00,23,30,4,0.034,,,,,0.41,57.0,29.0,23.0,23.0,,0.9,,,631.0,,
MIR,2024-05-01 00:00:00,0,1,5,0.038,,,,,0.405,49.0,20.0,23.0,23.0,,0.8,,,631.0,,
MIR,2024-05-01 01:00:00,1,1,5,0.037,,,,,0.421,33.0,,23.0,22.0,,0.8,,,631.0,,
MIR,2024-05-01 02:00:00,2,1,5,0.034,,,,,0.451,33.0,14.0,23.0,22.0,,0.5,,,631.0,,
MIR,2024-05-01 03:00:00,3,1,5,0.015,,,,,0.575,32.0,30.0,23.0,20.0,,0.4,,,631.0,,
MIR,2024-05-01 04:00:00,4,1,5,0.011,,,,,0.492,47.0,,23.0,18.0,,0.4,,,631.0,,
MIR,2024-05-01 05:00:00,5,1,5,0.001,,,,,0.62,40.0,,23.0,17.0,,0.5,,,631.0,,
MIR,2024-05-01 06:00:00,6,1,5,0.001,,,,,0.821,71.0,35.0,23.0,17.0,,0.4,,,631.0,,
MIR,2024-05-01 07:00:00,7,1,5,0.008,,,,,0.827,100.0,56.0,23.0,19.0,,0.5,,,632.0,,
MIR,2024-05-01 08:00:00,8,1,5,0.03,,,,,0.404,88.0,59.0,23.0,23.0,,0.6,,,632.0,,
MIR,2024-05-01 09:00:00,9,1,5,0.04,,,,,0.402,57.0,,23.0,25.0,,0.5,,,632.0,,
MIR,2024-05-01 10:00:00,10,1,5,0.051,,,,,0.304,73.0,28.0,23.0,28.0,,0.5,,,632.0,,
MIR,2024-05-01 11:00:00,11,1,5,0.059,,,,,0.259,52.0,17.0,23.0,31.0,,0.5,,,631.0,,
MIR,2024-05-01 12:00:00,12,1,5,0.066,,,,,0.449,39.0,,23.0,33.0,,0.6,,,630.0,,
MIR,2024-05-01 13:00:00,13,1,5,0.066,,,,,0.429,38.0,,23.0,35.0,,0.8,,,629.0,,
MIR,2024-05-01 14:00:00,14,1,5,0.059,,,,,0.396,40.0,,23.0,36.0,,0.7,,,629.0,,
MIR,2024-05-01 15:00:00,15,1,5,0.061,,,,,0.436,39.0,,24.0,36.0,,0.7,,,628.0,,
MIR,2024-05-01 16:00:00,16,1,5,0.058,,,,,0.332,48.0,27.0,23.0,35.0,,0.8,,,628.0,,
MIR,2024-05-01 17:00:00,17,1,5,0.057,,,,,0.384,45.0,28.0,23.0,34.0,,1.0,,,628.0,,
MIR,2024-05-01 18:00:00,18,1,5,0.054,,,,,0.331,32.0,,23.0,32.0,,0.7,,,628.0,,
MIR,2024-05-01 19:00:00,19,1,5,0.049,,,,,0.535,58.0,,23.0,28.0,,0.8,,,629.0,,
MIR,2024-05-01 20:00:00,20,1,5,0.042,,,,,0.49,63.0,56.0,23.0,27.0,,0.8,,,630.0,,
MIR,2024-05-01 21:00:00,21,1,5,0.035,,,,,0.415,66.0,33.0,23.0,25.0,,0.7,,,631.0,,
MIR,2024-05-01 22:00:00,22,1,5,0.034,,,,,0.502,35.0,14.0,23.0,25.0,,0.7,,,631.0,,
MIR,2024-05-01 23:00:00,23,1,5,0.036,,,,,0.382,29.0,13.0,23.0,23.0,,0.5,,,631.0,,
MIR,2024-05-02 00:00:00,0,2,5,0.034,,,,,0.415,34.0,13.0,23.0,22.0,,0.6,,,631.0,,
MIR,2024-05-02 01:00:00,1,2,5,0.029,,,,,0.442,31.0,10.0,23.0,21.0,,0.5,,,631.0,,
MIR,2024-05-02 02:00:00,2,2,5,0.026,,,,,0.588,27.0,12.0,23.0,19.0,,0.4,,,631.0,,
MIR,2024-05-02 03:00:00,3,2,5,0.011,,,,,0.657,55.0,42.0,23.0,18.0,,0.4,,,631.0,,
MIR,2024-05-02 04:00:00,4,2,5,0.0,,,,,0.562,62.0,37.0,23.0,17.0,,0.5,,,631.0,,
MIR,2024-05-02 05:00:00,5,2,5,0.0,,,,,0.638,66.0,35.0,23.0,16.0,,0.5,,,631.0,,
MIR,2024-05-02 06:00:00,6,2,5,0.0,,,,,1.265,71.0,37.0,23.0,16.0,,0.4,,,631.0,,
MIR,2024-05-02 07:00:00,7,2,5,0.003,,,,,1.63,117.0,90.0,23.0,19.0,,0.4,,,632.0,,
MIR,2024-05-02 08:00:00,8,2,5,0.025,,,,,0.554,121.0,84.0,23.0,23.0,,0.5,,,632.0,,
MIR,2024-05-02 09:00:00,9,2,5,0.042,,,,,0.463,73.0,42.0,23.0,26.0,,0.5,,,632.0,,
MIR,2024-05-02 10:00:00,10,2,5,0.061,,,,,0.562,67.0,38.0,23.0,29.0,,0.6,,,632.0,,
MIR,2024-05-02 11:00:00,11,2,5,0.061,,,,,0.293,62.0,35.0,23.0,31.0,,0.6,,,631.0,,
MIR,2024-05-02 12:00:00,12,2,5,0.057,,,,,0.405,72.0,20.0,23.0,31.0,,0.9,,,631.0,,
MIR,2024-05-02 13:00:00,13,2,5,0.058,,,,,0.405,33.0,10.0,23.0,33.0,,0.7,,,630.0,,
MIR,2024-05-02 14:00:00,14,2,5,0.063,,,,,0.438,36.0,9.0,23.0,35.0,,0.8,,,629.0,,
MIR,2024-05-02 15:00:00,15,2,5,0.067,,,,,0.44,38.0,8.0,23.0,35.0,,0.9,,,629.0,,
MIR,2024-05-02 16:00:00,16,2,5,0.067,,,,,0.419,31.0,15.0,23.0,35.0,,0.8,,,629.0,,
MIR,2024-05-02 17:00:00,17,2,5,0.057,,,,,0.496,25.0,11.0,23.0,34.0,,0.7,,,629.0,,
MIR,2024-05-02 18:00:00,18,2,5,0.051,,,,,0.469,24.0,9.0,23.0,33.0,,0.7,,,629.0,,
MIR,2024-05-02 19:00:00,19,2,5,0.035,,,,,0.617,20.0,6.0,23.0,31.0,,0.6,,,629.0,,
MIR,2024-05-02 20:00:00,20,2,5,0.031,,,,,0.639,36.0,13.0,23.0,28.0,,0.6,,,630.0,,
MIR,2024-05-02 21:00:00,21,2,5,0.025,,,,,0.528,57.0,26.0,23.0,26.0,,0.7,,,630.0,,
MIR,2024-05-02 22:00:00,22,2,5,0.031,,,,,0.506,51.0,22.0,23.0,25.0,,0.8,,,631.0,,
MIR,2024-05-02 23:00:00,23,2,5,0.032,,,,,0.462,37.0,15.0,23.0,25.0,,,,,631.0,,
MIR,2024-05-03 00:00:00,0,3,5,0.014,,,,,0.653,28.0,15.0,23.0,22.0,,,,,631.0,,
MIR,2024-05-03 01:00:00,1,3,5,0.01,,,,,0.694,57.0,23.0,23.0,21.0,,,,,631.0,,
MIR,2024-05-03 02:00:00,2,3,5,,,,,,0.577,46.0,19.0,23.0,20.0,,,,,630.0,,
MIR,2024-05-03 03:00:00,3,3,5,,,,,,0.624,96.0,36.0,23.0,18.0,,,,,630.0,,
MIR,2024-05-03 04:00:00,4,3,5,,,,,,0.604,79.0,36.0,23.0,18.0,,0.5,,,630.0,,
MIR,2024-05-03 05:00:00,5,3,5,,,,,,0.666,91.0,34.0,23.0,17.0,,0.4,,,631.0,,
MIR,2024-05-03 06:00:00,6,3,5,,,,,,1.477,126.0,42.0,23.0,17.0,,,,,631.0,,
MIR,2024-05-03 07:00:00,7,3,5,0.002,,,,,1.761,177.0,71.0,23.0,19.0,,,,,631.0,,
MIR,2024-05-03 08:00:00,8,3,5,0.019,,,,,0.308,195.0,79.0,23.0,23.0,,,,,631.0,,
MIR,2024-05-03 09:00:00,9,3,5,0.037,,,,,0.176,96.0,49.0,23.0,27.0,,,,,631.0,,
MIR,2024-05-03 10:00:00,10,3,5,0.051,,,,,0.617,87.0,38.0,23.0,30.0,,,,,631.0,,
MIR,2024-05-03 11:00:00,11,3,5,0.067,,,,,0.369,105.0,35.0,23.0,33.0,,0.6,,,631.0,,
MIR,2024-05-03 12:00:00,12,3,5,0.074,,,,,0.477,77.0,28.0,23.0,35.0,,0.5,,,630.0,,
MIR,2024-05-03 13:00:00,13,3,5,0.077,,,,,0.473,58.0,17.0,23.0,37.0,,0.6,,,630.0,,
MIR,2024-05-03 14:00:00,14,3,5,0.072,,,,,0.418,60.0,16.0,23.0,38.0,,0.6,,,629.0,,
MIR,2024-05-03 15:00:00,15,3,5,0.069,,,,,0.436,45.0,18.0,24.0,38.0,,0.6,,,628.0,,
MIR,2024-05-03 16:00:00,16,3,5,0.068,,,,,0.407,95.0,20.0,24.0,37.0,,0.8,,,628.0,,
MIR,2024-05-03 17:00:00,17,3,5,0.066,,,,,0.441,59.0,15.0,24.0,37.0,,0.7,,,628.0,,
MIR,2024-05-03 18:00:00,18,3,5,0.061,,,,,0.431,35.0,13.0,23.0,36.0,,0.6,,,628.0,,
MIR,2024-05-03 19:00:00,19,3,5,0.041,,,,,0.65,37.0,21.0,23.0,33.0,,0.9,,,628.0,,
MIR,2024-05-03 20:00:00,20,3,5,0.033,,,,,0.539,52.0,21.0,23.0,30.0,,0.7,,,629.0,,
MIR,2024-05-03 21:00:00,21,3,5,0.028,,,,,0.562,61.0,25.0,23.0,28.0,,0.6,,,630.0,,
MIR,2024-05-03 22:00:00,22,3,5,0.023,,,,,0.594,47.0,15.0,23.0,26.0,,0.7,,,631.0,,
MIR,2024-05-03 23:00:00,23,3,5,0.018,,,,,0.716,46.0,20.0,23.0,25.0,,0.4,,,631.0,,
MIR,2024-05-04 00:00:00,0,4,5,0.014,,,,,0.529,50.0,24.0,23.0,23.0,,0.4,,,631.0,,
MIR,2024-05-04 01:00:00,1,4,5,0.016,,,,,0.383,69.0,25.0,23.0,22.0,,0.5,,,631.0,,
MIR,2024-05-04 02:00:00,2,4,5,0.006,,,,,0.617,54.0,22.0,23.0,21.0,,0.5,,,630.0,,
MIR,2024-05-04 03:00:00,3,4,5,,,,,,0.794,92.0,22.0,23.0,19.0,,0.4,,,630.0,,
MIR,2024-05-04 04:00:00,4,4,5,,,,,,0.567,68.0,24.0,23.0,18.0,,0.5,,,630.0,,
MIR,2024-05-04 05:00:00,5,4,5,,,,,,0.69,89.0,39.0,23.0,18.0,,0.5,,,630.0,,
MIR,2024-05-04 06:00:00,6,4,5,,,,,,1.132,110.0,62.0,23.0,17.0,,0.6,,,631.0,,
MIR,2024-05-04 07:00:00,7,4,5,0.002,,,,,1.357,140.0,64.0,23.0,20.0,,0.6,,,631.0,,
MIR,2024-05-04 08:00:00,8,4,5,0.009,,,,,1.084,174.0,74.0,23.0,23.0,,0.6,,,631.0,,
MIR,2024-05-04 09:00:00,9,4,5,0.032,,,,,0.371,194.0,74.0,23.0,27.0,,0.5,,,632.0,,
MIR,2024-05-04 10:00:00,10,4,5,0.045,,,,,0.451,94.0,35.0,23.0,31.0,,0.6,,,632.0,,
MIR,2024-05-04 11:00:00,11,4,5,0.063,,,,,0.303,77.0,32.0,23.0,34.0,,0.5,,,631.0,,
MIR,2024-05-04 12:00:00,12,4,5,0.077,,,,,0.465,65.0,33.0,23.0,36.0,,0.6,,,631.0,,
MIR,2024-05-04 13:00:00,13,4,5,0.077,,,,,0.415,63.0,27.0,23.0,38.0,,0.7,,,630.0,,
MIR,2024-05-04 14:00:00,14,4,5,0.068,,,,,0.407,50.0,16.0,24.0,38.0,,0.8,,,629.0,,
MIR,2024-05-04 15:00:00,15,4,5,0.067,,,,,0.439,42.0,16.0,24.0,38.0,,0.7,,,629.0,,
MIR,2024-05-04 16:00:00,16,4,5,0.066,,,,,0.442,39.0,11.0,24.0,38.0,,1.0,,,628.0,,
MIR,2024-05-04 17:00:00,17,4,5,0.061,,,,,0.441,41.0,14.0,24.0,38.0,,0.6,,,628.0,,
MIR,2024-05-04 18:00:00,18,4,5,0.058,,,,,0.453,34.0,13.0,23.0,36.0,,0.6,,,628.0,,
MIR,2024-05-04 19:00:00,19,4,5,0.046,,,,,0.559,31.0,13.0,23.0,32.0,,0.7,,,629.0,,
MIR,2024-05-04 20:00:00,20,4,5,0.033,,,,,0.65,62.0,22.0,23.0,30.0,,0.7,,,630.0,,
MIR,2024-05-04 21:00:00,21,4,5,0.027,,,,,0.598,61.0,27.0,23.0,28.0,,0.6,,,630.0,,
MIR,2024-05-04 22:00:00,22,4,5,0.019,,,,,0.65,42.0,15.0,23.0,25.0,,0.5,,,631.0,,
MIR,2024-05-04 23:00:00,23,4,5,0.013,,,,,0.85,42.0,12.0,23.0,24.0,,0.5,,,631.0,,
MIR,2024-05-05 00:00:00,0,5,5,0.0,,,,,0.931,52.0,22.0,23.0,22.0,,0.4,,,631.0,,
MIR,2024-05-05 01:00:00,1,5,5,0.009,,,,,0.493,,42.0,23.0,22.0,,,,,630.0,,
MIR,2024-05-05 02:00:00,2,5,5,0.0,,,,,0.675,36.0,11.0,24.0,21.0,,,,,630.0,,
MIR,2024-05-05 03:00:00,3,5,5,0.001,,,,,0.692,74.0,20.0,23.0,20.0,,,,,630.0,,
MIR,2024-05-05 04:00:00,4,5,5,0.0,,,,,0.638,82.0,32.0,23.0,19.0,,,,,630.0,,
MIR,2024-05-05 05:00:00,5,5,5,0.0,,,,,0.673,74.0,32.0,23.0,18.0,,,,,631.0,,
MIR,2024-05-05 06:00:00,6,5,5,0.0,,,,,0.859,86.0,43.0,23.0,18.0,,0.6,,,631.0,,
MIR,2024-05-05 07:00:00,7,5,5,0.006,,,,,0.952,93.0,36.0,24.0,21.0,,0.5,,,632.0,,
MIR,2024-05-05 08:00:00,8,5,5,0.021,,,,,0.688,138.0,47.0,23.0,24.0,,0.4,,,632.0,,
MIR,2024-05-05 09:00:00,9,5,5,0.041,,,,,0.41,100.0,35.0,,,,,,,,,
MIR,2024-05-05 10:00:00,10,5,5,0.05,,,,,0.423,83.0,35.0,,,,,,,,,
MIR,2024-05-05 11:00:00,11,5,5,0.066,,,,,0.312,52.0,21.0,,,,,,,,,
MIR,2024-05-05 12:00:00,12,5,5,0.069,,,,,0.358,47.0,13.0,,,,,,,,,
MIR,2024-05-05 13:00:00,13,5,5,0.066,,,,,0.377,35.0,8.0,,,,,,,,,
MIR,2024-05-05 14:00:00,14,5,5,0.06,,,,,0.362,22.0,10.0,,,,,,,,,
MIR,2024-05-05 15:00:00,15,5,5,0.057,,,,,0.377,35.0,8.0,,,,,,,,,
MIR,2024-05-05 16:00:00,16,5,5,0.053,,,,,0.387,29.0,7.0,,,,,,,,,
MIR,2024-05-05 17:00:00,17,5,5,0.052,,,,,0.392,25.0,9.0,,,,,,,,,
MIR,2024-05-05 18:00:00,18,5,5,0.052,,,,,0.489,29.0,8.0,,,,,,,,,
MIR,2024-05-05 19:00:00,19,5,5,0.044,,,,,0.515,30.0,9.0,,,,,,,,,
MIR,2024-05-05 20:00:00,20,5,5,0.032,,,,,0.494,75.0,16.0,,,,,,,,,
MIR,2024-05-05 21:00:00,21,5,5,0.027,,,,,0.586,40.0,12.0,,,,,,,,,
MIR,2024-05-05 22:00:00,22,5,5,0.026,,,,,0.372,30.0,7.0,,,,,,,,,
MIR,2024-05-05 23:00:00,23,5,5,0.026,,,,,0.365,30.0,9.0,,,,,,,,,
MIR,2024-05-06 00:00:00,0,6,5,0.021,,,,,0.497,24.0,11.0,,,,,,,,,
MIR,2024-05-06 01:00:00,1,6,5,0.025,,,,,0.429,27.0,12.0,,,,,,,,,
MIR,2024-05-06 02:00:00,2,6,5,0.019,,,,,0.459,23.0,13.0,,,,,,,,,
MIR,2024-05-06 03:00:00,3,6,5,0.019,,,,,0.373,27.0,15.0,,,,,,,,,
MIR,2024-05-06 04:00:00,4,6,5,0.018,,,,,0.448,23.0,12.0,,,,,,,,,
MIR,2024-05-06 05:00:00,5,6,5,0.008,,,,,0.884,20.0,12.0,,,,,,,,,
MIR,2024-05-06 06:00:00,6,6,5,0.0,,,,,1.176,43.0,17.0,,,,,,,,,
MIR,2024-05-06 07:00:00,7,6,5,0.001,,,,,1.364,120.0,35.0,,,,,,,,,
MIR,2024-05-06 08:00:00,8,6,5,0.007,,,,,0.843,164.0,46.0,,,,,,,,,
MIR,2024-05-06 09:00:00,9,6,5,0.025,,,,,0.096,175.0,48.0,,,,,,,,,
MIR,2024-05-06 10:00:00,10,6,5,0.047,,,,,0.401,97.0,26.0,,,,,,,,,
MIR,2024-05-06 11:00:00,11,6,5,,,,,,,,,,,,,,,,,
MIR,2024-05-06 12:00:00,12,6,5,0.055,,,,,0.372,,,21.0,35.0,,0.6,,,632.0,,
MIR,2024-05-06 13:00:00,13,6,5,0.06,,,,,0.298,,,22.0,36.0,,0.4,,,631.0,,
MIR,2024-05-06 14:00:00,14,6,5,0.058,,,,,0.353,36.0,8.0,24.0,38.0,,0.5,,,631.0,,
MIR,2024-05-06 15:00:00,15,6,5,0.046,,,,,0.383,26.0,5.0,24.0,38.0,,0.5,,,630.0,,
MIR,2024-05-06 16:00:00,16,6,5,0.048,,,,,0.476,17.0,1.0,24.0,37.0,,0.5,,,630.0,,
MIR,2024-05-06 17:00:00,17,6,5,0.047,,,,,0.43,24.0,3.0,24.0,36.0,,0.7,,,630.0,,
MIR,2024-05-06 18:00:00,18,6,5,0.037,,,,,0.473,32.0,7.0,24.0,34.0,,0.8,,,630.0,,
MIR,2024-05-06 19:00:00,19,6,5,0.037,,,,,0.559,42.0,6.0,23.0,32.0,,0.8,,,630.0,,
MIR,2024-05-06 20:00:00,20,6,5,0.038,,,,,0.542,52.0,15.0,23.0,29.0,,0.9,,,631.0,,
MIR,2024-05-06 21:00:00,21,6,5,0.036,,,,,0.474,59.0,19.0,24.0,27.0,,0.6,,,632.0,,
MIR,2024-05-06 22:00:00,22,6,5,0.034,,,,,0.428,43.0,15.0,24.0,26.0,,0.6,,,632.0,,
MIR,2024-05-06 23:00:00,23,6,5,0.029,,,,,0.407,38.0,14.0,24.0,24.0,,0.5,,,632.0,,
MIR,2024-05-07 00:00:00,0,7,5,0.026,,,,,0.472,31.0,12.0,24.0,24.0,,0.5,,,632.0,,
MIR,2024-05-07 01:00:00,1,7,5,0.012,,,,,0.588,32.0,11.0,24.0,22.0,,0.4,,,632.0,,
MIR,2024-05-07 02:00:00,2,7,5,0.011,,,,,0.446,80.0,30.0,24.0,21.0,,0.6,,,632.0,,
MIR,2024-05-07 03:00:00,3,7,5,0.042,,,,,0.221,57.0,23.0,24.0,22.0,,0.5,,,631.0,,
MIR,2024-05-07 04:00:00,4,7,5,0.027,,,,,0.463,18.0,11.0,24.0,21.0,,0.4,,,631.0,,
MIR,2024-05-07 05:00:00,5,7,5,0.011,,,,,0.719,45.0,14.0,24.0,19.0,,0.5,,,632.0,,
MIR,2024-05-07 06:00:00,6,7,5,0.001,,,,,1.416,31.0,18.0,24.0,18.0,,0.4,,,632.0,,
MIR,2024-05-07 07:00:00,7,7,5,0.001,,,,,2.033,134.0,43.0,23.0,20.0,,0.5,,,632.0,,
MIR,2024-05-07 08:00:00,8,7,5,0.004,,,,,1.322,174.0,58.0,24.0,22.0,,0.5,,,633.0,,
MIR,2024-05-07 09:00:00,9,7,5,0.014,,,,,0.696,193.0,54.0,24.0,26.0,,0.6,,,633.0,,
MIR,2024-05-07 10:00:00,10,7,5,0.027,,,,,0.292,212.0,52.0,24.0,29.0,,0.5,,,633.0,,
MIR,2024-05-07 11:00:00,11,7,5,0.039,,,,,0.263,49.0,14.0,23.0,31.0,,0.9,,,632.0,,
MIR,2024-05-07 12:00:00,12,7,5,0.033,,,,,0.305,47.0,10.0,24.0,34.0,,0.7,,,631.0,,
MIR,2024-05-07 13:00:00,13,7,5,0.037,,,,,0.319,24.0,6.0,24.0,35.0,,0.6,,,631.0,,
MIR,2024-05-07 14:00:00,14,7,5,0.032,,,,,0.443,36.0,4.0,24.0,36.0,,0.5,,,630.0,,
MIR,2024-05-07 15:00:00,15,7,5,0.044,,,,,0.496,50.0,4.0,24.0,37.0,,0.7,,,629.0,,
MIR,2024-05-07 16:00:00,16,7,5,0.048,,,,,0.432,25.0,8.0,24.0,36.0,,0.6,,,629.0,,
MIR,2024-05-07 17:00:00,17,7,5,0.036,,,,,0.437,36.0,10.0,24.0,35.0,,,,,629.0,,
MIR,2024-05-07 18:00:00,18,7,5,0.033,,,,,0.479,31.0,9.0,24.0,33.0,,,,,629.0,,
MIR,2024-05-07 19:00:00,19,7,5,0.039,,,,,0.553,34.0,9.0,24.0,31.0,,,,,630.0,,
MIR,2024-05-07 20:00:00,20,7,5,0.033,,,,,0.576,43.0,14.0,24.0,28.0,,,,,630.0,,
MIR,2024-05-07 21:00:00,21,7,5,0.027,,,,,0.512,57.0,19.0,24.0,27.0,,0.5,,,631.0,,
MIR,2024-05-07 22:00:00,22,7,5,0.024,,,,,0.516,48.0,12.0,24.0,26.0,,0.5,,,631.0,,
MIR,2024-05-07 23:00:00,23,7,5,0.008,,,,,0.751,37.0,15.0,24.0,24.0,,,,,631.0,,
MIR,2024-05-08 00:00:00,0,8,5,0.0,,,,,0.93,49.0,17.0,24.0,22.0,,,,,631.0,,
MIR,2024-05-08 01:00:00,1,8,5,0.0,,,,,0.841,90.0,34.0,23.0,21.0,,,,,631.0,,
MIR,2024-05-08 02:00:00,2,8,5,0.001,,,,,0.523,82.0,38.0,24.0,20.0,,,,,630.0,,
MIR,2024-05-08 03:00:00,3,8,5,,,,,,0.502,77.0,37.0,24.0,19.0,,0.5,,,630.0,,
MIR,2024-05-08 04:00:00,4,8,5,,,,,,0.579,69.0,35.0,24.0,19.0,,0.5,,,630.0,,
MIR,2024-05-08 05:00:00,5,8,5,,,,,,0.793,68.0,32.0,23.0,18.0,,0.4,,,630.0,,
MIR,2024-05-08 06:00:00,6,8,5,,,,,,1.089,85.0,34.0,24.0,18.0,,0.5,,,631.0,,
MIR,2024-05-08 07:00:00,7,8,5,0.001,,,,,1.781,138.0,58.0,24.0,20.0,,0.6,,,631.0,,
MIR,2024-05-08 08:00:00,8,8,5,0.005,,,,,0.926,211.0,90.0,24.0,22.0,,,,,631.0,,
MIR,2024-05-08 09:00:00,9,8,5,0.017,,,,,0.327,204.0,68.0,23.0,27.0,,,,,631.0,,
MIR,2024-05-08 10:00:00,10,8,5,0.036,,,,,0.446,185.0,62.0,23.0,31.0,,,,,631.0,,
MIR,2024-05-08 11:00:00,11,8,5,0.043,,,,,0.395,120.0,33.0,24.0,35.0,,,,,631.0,,
MIR,2024-05-08 12:00:00,12,8,5,0.059,,,,,0.467,107.0,31.0,24.0,37.0,,0.7,,,630.0,,
MIR,2024-05-08 13:00:00,13,8,5,0.063,,,,,0.374,53.0,17.0,24.0,39.0,,0.8,,,630.0,,
MIR,2024-05-08 14:00:00,14,8,5,0.057,,,,,0.373,35.0,7.0,24.0,40.0,,0.7,,,629.0,,
MIR,2024-05-08 15:00:00,15,8,5,0.051,,,,,0.373,35.0,10.0,24.0,39.0,,0.7,,,629.0,,
MIR,2024-05-08 16:00:00,16,8,5,0.049,,,,,0.397,40.0,14.0,24.0,39.0,,0.7,,,628.0,,
MIR,2024-05-08 17:00:00,17,8,5,0.044,,,,,0.397,26.0,12.0,24.0,38.0,,0.6,,,628.0,,
MIR,2024-05-08 18:00:00,18,8,5,0.039,,,,,0.465,27.0,8.0,24.0,37.0,,0.6,,,628.0,,
MIR,2024-05-08 19:00:00,19,8,5,0.033,,,,,0.542,34.0,7.0,24.0,34.0,,0.9,,,629.0,,
MIR,2024-05-08 20:00:00,20,8,5,0.028,,,,,0.579,39.0,10.0,24.0,32.0,,0.6,,,629.0,,
MIR,2024-05-08 21:00:00,21,8,5,0.018,,,,,0.879,48.0,17.0,24.0,29.0,,0.5,,,630.0,,
MIR,2024-05-08 22:00:00,22,8,5,0.027,,,,,0.676,70.0,35.0,24.0,28.0,,0.8,,,631.0,,
MIR,2024-05-08 23:00:00,23,8,5,0.029,,,,,0.599,67.0,32.0,24.0,27.0,,0.4,,,631.0,,
MIR,2024-05-09 00:00:00,0,9,5,0.024,,,,,0.565,69.0,39.0,24.0,25.0,,0.5,,,631.0,,
MIR,2024-05-09 01:00:00,1,9,5,0.008,,,,,0.582,76.0,39.0,24.0,22.0,,0.6,,,631.0,,
MIR,2024-05-09 02:00:00,2,9,5,0.013,,,,,0.535,90.0,40.0,24.0,21.0,,0.4,,,631.0,,
MIR,2024-05-09 03:00:00,3,9,5,0.014,,,,,0.541,70.0,40.0,24.0,21.0,,0.4,,,630.0,,
MIR,2024-05-09 04:00:00,4,9,5,0.006,,,,,0.615,61.0,33.0,24.0,20.0,,0.5,,,631.0,,
MIR,2024-05-09 05:00:00,5,9,5,0.0,,,,,0.92,81.0,33.0,24.0,19.0,,0.5,,,631.0,,
MIR,2024-05-09 06:00:00,6,9,5,0.0,,,,,0.76,103.0,46.0,23.0,19.0,,0.5,,,631.0,,
MIR,2024-05-09 07:00:00,7,9,5,0.004,,,,,1.015,110.0,41.0,23.0,22.0,,0.6,,,632.0,,
MIR,2024-05-09 08:00:00,8,9,5,0.01,,,,,1.023,126.0,49.0,24.0,25.0,,,,,632.0,,
MIR,2024-05-09 09:00:00,9,9,5,0.019,,,,,0.914,155.0,50.0,24.0,30.0,,,,,632.0,,
MIR,2024-05-09 10:00:00,10,9,5,0.047,,,,,0.584,169.0,57.0,24.0,33.0,,,,,632.0,,
MIR,2024-05-09 11:00:00,11,9,5,0.057,,,,,0.226,77.0,30.0,23.0,36.0,,,,,632.0,,
MIR,2024-05-09 12:00:00,12,9,5,0.057,,,,,0.382,48.0,17.0,24.0,37.0,,,,,631.0,,
MIR,2024-05-09 13:00:00,13,9,5,0.077,,,,,0.425,26.0,9.0,24.0,39.0,,0.6,,,630.0,,
MIR,2024-05-09 14:00:00,14,9,5,0.067,,,,,0.405,40.0,8.0,24.0,40.0,,0.5,,,630.0,,
MIR,2024-05-09 15:00:00,15,9,5,0.054,,,,,0.403,42.0,11.0,24.0,40.0,,0.8,,,629.0,,
MIR,2024-05-09 16:00:00,16,9,5,0.053,,,,,0.426,38.0,16.0,24.0,39.0,,0.6,,,629.0,,
MIR,2024-05-09 17:00:00,17,9,5,0.047,,,,,0.498,43.0,15.0,24.0,38.0,,0.8,,,629.0,,
MIR,2024-05-09 18:00:00,18,9,5,0.045,,,,,0.512,53.0,17.0,24.0,37.0,,0.9,,,629.0,,
MIR,2024-05-09 19:00:00,19,9,5,0.035,,,,,0.517,44.0,15.0,24.0,34.0,,0.9,,,629.0,,
MIR,2024-05-09 20:00:00,20,9,5,0.028,,,,,0.448,60.0,11.0,24.0,32.0,,0.7,,,630.0,,
MIR,2024-05-09 21:00:00,21,9,5,0.023,,,,,0.576,62.0,9.0,23.0,30.0,,0.7,,,631.0,,
MIR,2024-05-09 22:00:00,22,9,5,0.024,,,,,0.48,71.0,37.0,24.0,29.0,,0.5,,,631.0,,
MIR,2024-05-09 23:00:00,23,9,5,0.023,,,,,0.541,59.0,26.0,24.0,27.0,,0.5,,,631.0,,
MIR,2024-05-10 00:00:00,0,10,5,0.009,,,,,0.706,67.0,49.0,24.0,26.0,,0.4,,,631.0,,
MIR,2024-05-10 01:00:00,1,10,5,0.003,,,,,0.685,74.0,24.0,24.0,24.0,,0.4,,,631.0,,
MIR,2024-05-10 02:00:00,2,10,5,0.004,,,,,0.525,64.0,30.0,24.0,23.0,,0.5,,,631.0,,
MIR,2024-05-10 03:00:00,3,10,5,0.002,,,,,0.562,75.0,35.0,24.0,22.0,,,,,631.0,,
MIR,2024-05-10 04:00:00,4,10,5,0.0,,,,,0.605,81.0,37.0,24.0,21.0,,,,,631.0,,
MIR,2024-05-10 05:00:00,5,10,5,0.0,,,,,0.741,98.0,36.0,24.0,20.0,,,,,631.0,,
MIR,2024-05-10 06:00:00,6,10,5,0.0,,,,,1.066,109.0,40.0,24.0,19.0,,,,,631.0,,
MIR,2024-05-10 07:00:00,7,10,5,0.001,,,,,1.76,86.0,40.0,24.0,22.0,,0.5,,,632.0,,
MIR,2024-05-10 08:00:00,8,10,5,0.01,,,,,0.683,116.0,46.0,24.0,26.0,,0.5,,,632.0,,
MIR,2024-05-10 09:00:00,9,10,5,0.032,,,,,0.198,119.0,60.0,23.0,31.0,,0.5,,,632.0,,
MIR,2024-05-10 10:00:00,10,10,5,0.052,,,,,0.476,88.0,54.0,24.0,34.0,,,,,631.0,,
MIR,2024-05-10 11:00:00,11,10,5,0.061,,,,,0.276,63.0,29.0,24.0,37.0,,,,,631.0,,
MIR,2024-05-10 12:00:00,12,10,5,0.065,,,,,0.456,44.0,18.0,24.0,39.0,,,,,630.0,,
MIR,2024-05-10 13:00:00,13,10,5,0.058,,,,,0.434,42.0,12.0,24.0,40.0,,,,,630.0,,
MIR,2024-05-10 14:00:00,14,10,5,0.055,,,,,0.399,58.0,20.0,24.0,41.0,,0.7,,,629.0,,
MIR,2024-05-10 15:00:00,15,10,5,0.059,,,,,0.388,40.0,13.0,24.0,41.0,,0.7,,,629.0,,
MIR,2024-05-10 16:00:00,16,10,5,0.065,,,,,0.496,41.0,19.0,24.0,40.0,,0.6,,,628.0,,
MIR,2024-05-10 17:00:00,17,10,5,0.066,,,,,0.621,52.0,34.0,24.0,39.0,,0.8,,,628.0,,
MIR,2024-05-10 18:00:00,18,10,5,0.054,,,,,0.591,66.0,44.0,24.0,37.0,,0.7,,,628.0,,
MIR,2024-05-10 19:00:00,19,10,5,0.04,,,,,0.597,71.0,42.0,24.0,34.0,,0.7,,,628.0,,
MIR,2024-05-10 20:00:00,20,10,5,0.035,,,,,0.523,99.0,32.0,23.0,32.0,,0.6,,,629.0,,
MIR,2024-05-10 21:00:00,21,10,5,0.032,,,,,0.518,73.0,27.0,24.0,30.0,,0.6,,,630.0,,
MIR,2024-05-10 22:00:00,22,10,5,0.031,,,,,0.465,52.0,23.0,24.0,29.0,,0.5,,,630.0,,
MIR,2024-05-10 23:00:00,23,10,5,0.023,,,,,0.5,40.0,20.0,24.0,27.0,,0.5,,,630.0,,
MIR,2024-05-11 00:00:00,0,11,5,0.025,,,,,0.468,44.0,21.0,24.0,25.0,,0.8,,,630.0,,
MIR,2024-05-11 01:00:00,1,11,5,0.03,,,,,0.376,28.0,13.0,24.0,24.0,,0.5,,,630.0,,
MIR,2024-05-11 02:00:00,2,11,5,0.016,,,,,0.428,22.0,15.0,24.0,23.0,,0.5,,,631.0,,
MIR,2024-05-11 03:00:00,3,11,5,0.008,,,,,0.615,43.0,18.0,24.0,22.0,,0.5,,,631.0,,
MIR,2024-05-11 04:00:00,4,11,5,0.003,,,,,0.541,63.0,21.0,24.0,21.0,,0.4,,,630.0,,
MIR,2024-05-11 05:00:00,5,11,5,0.002,,,,,0.609,71.0,19.0,24.0,20.0,,0.4,,,631.0,,
MIR,2024-05-11 06:00:00,6,11,5,0.0,,,,,1.054,46.0,21.0,24.0,20.0,,0.5,,,631.0,,
MIR,2024-05-11 07:00:00,7,11,5,0.001,,,,,1.781,74.0,30.0,24.0,21.0,,0.6,,,631.0,,
MIR,2024-05-11 08:00:00,8,11,5,0.008,,,,,0.916,143.0,49.0,24.0,25.0,,0.5,,,632.0,,
MIR,2024-05-11 09:00:00,9,11,5,0.03,,,,,0.08,171.0,62.0,23.0,29.0,,0.5,,,632.0,,
MIR,2024-05-11 10:00:00,10,11,5,0.04,,,,,0.608,77.0,26.0,23.0,32.0,,0.5,,,631.0,,
MIR,2024-05-11 11:00:00,11,11,5,0.066,,,,,0.605,,,24.0,35.0,,0.4,,,631.0,,
MIR,2024-05-11 12:00:00,12,11,5,0.088,,,,,0.536,80.0,34.0,24.0,37.0,,0.5,,,630.0,,
MIR,2024-05-11 13:00:00,13,11,5,0.082,,,,,0.398,67.0,31.0,24.0,39.0,,0.5,,,630.0,,
MIR,2024-05-11 14:00:00,14,11,5,0.073,,,,,0.416,38.0,15.0,24.0,40.0,,0.5,,,629.0,,
MIR,2024-05-11 15:00:00,15,11,5,0.063,,,,,0.383,56.0,16.0,,,,,,,,,
MIR,2024-05-11 16:00:00,16,11,5,0.065,,,,,0.478,37.0,10.0,,,,,,,,,
MIR,2024-05-11 17:00:00,17,11,5,0.061,,,,,0.504,40.0,18.0,,,,,,,,,
MIR,2024-05-11 18:00:00,18,11,5,0.05,,,,,0.458,53.0,22.0,,,,,,,,,
MIR,2024-05-11 19:00:00,19,11,5,0.043,,,,,0.511,70.0,18.0,,,,,,,,,
MIR,2024-05-11 20:00:00,20,11,5,0.037,,,,,0.562,55.0,17.0,,,,,,,,,
MIR,2024-05-11 21:00:00,21,11,5,0.033,,,,,0.589,66.0,19.0,,,,,,,,,
MIR,2024-05-11 22:00:00,22,11,5,0.031,,,,,0.457,50.0,17.0,,,,,,,,,
MIR,2024-05-11 23:00:00,23,11,5,0.034,,,,,0.403,50.0,16.0,,,,,,,,,
MIR,2024-05-12 00:00:00,0,12,5,0.033,,,,,0.365,38.0,17.0,,,,,,,,,
MIR,2024-05-12 01:00:00,1,12,5,0.035,,,,,0.385,39.0,8.0,,,,,,,,,
MIR,2024-05-12 02:00:00,2,12,5,0.035,,,,,0.333,42.0,20.0,,,,,,,,,
MIR,2024-05-12 03:00:00,3,12,5,0.035,,,,,0.356,29.0,8.0,,,,,,,,,
MIR,2024-05-12 04:00:00,4,12,5,0.03,,,,,0.479,38.0,20.0,,,,,,,,,
MIR,2024-05-12 05:00:00,5,12,5,0.011,,,,,0.689,39.0,18.0,,,,,,,,,
MIR,2024-05-12 06:00:00,6,12,5,0.006,,,,,0.607,72.0,31.0,,,,,,,,,
MIR,2024-05-12 07:00:00,7,12,5,0.005,,,,,1.036,80.0,35.0,,,,,,,,,
MIR,2024-05-12 08:00:00,8,12,5,0.02,,,,,0.301,118.0,49.0,,,,,,,,,
MIR,2024-05-12 09:00:00,9,12,5,0.039,,,,,0.086,70.0,26.0,,,,,,,,,
MIR,2024-05-12 10:00:00,10,12,5,0.047,,,,,0.381,47.0,22.0,,,,,,,,,
MIR,2024-05-12 11:00:00,11,12,5,0.048,,,,,0.294,40.0,14.0,,,,,,,,,
MIR,2024-05-12 12:00:00,12,12,5,0.048,,,,,0.401,23.0,11.0,,,,,,,,,
MIR,2024-05-12 13:00:00,13,12,5,0.053,,,,,0.455,20.0,10.0,,,,,,,,,
MIR,2024-05-12 14:00:00,14,12,5,0.052,,,,,0.408,36.0,11.0,,,,,,,,,
MIR,2024-05-12 15:00:00,15,12,5,0.052,,,,,0.431,37.0,7.0,,,,,,,,,
MIR,2024-05-12 16:00:00,16,12,5,0.054,,,,,0.398,55.0,8.0,,,,,,,,,
MIR,2024-05-12 17:00:00,17,12,5,0.055,,,,,0.433,36.0,13.0,,,,,,,,,
MIR,2024-05-12 18:00:00,18,12,5,0.05,,,,,0.436,38.0,23.0,,,,,,,,,
MIR,2024-05-12 19:00:00,19,12,5,0.042,,,,,0.49,76.0,22.0,,,,,,,,,
MIR,2024-05-12 20:00:00,20,12,5,0.037,,,,,0.47,61.0,14.0,,,,,,,,,
MIR,2024-05-12 21:00:00,21,12,5,0.033,,,,,0.438,51.0,19.0,,,,,,,,,
MIR,2024-05-12 22:00:00,22,12,5,0.03,,,,,0.525,39.0,10.0,,,,,,,,,
MIR,2024-05-12 23:00:00,23,12,5,0.035,,,,,0.39,38.0,12.0,,,,,,,,,
MIR,2024-05-13 00:00:00,0,13,5,0.038,,,,,0.402,27.0,9.0,,,,,,,,,
MIR,2024-05-13 01:00:00,1,13,5,0.038,,,,,0.43,30.0,18.0,,,,,,,,,
MIR,2024-05-13 02:00:00,2,13,5,0.039,,,,,0.357,27.0,15.0,,,,,,,,,
MIR,2024-05-13 03:00:00,3,13,5,0.037,,,,,0.348,26.0,25.0,,,,,,,,,
MIR,2024-05-13 04:00:00,4,13,5,0.035,,,,,0.366,25.0,,,,,,,,,,
MIR,2024-05-13 05:00:00,5,13,5,0.029,,,,,0.531,34.0,,,,,,,,,,
MIR,2024-05-13 06:00:00,6,13,5,0.024,,,,,0.692,39.0,24.0,,,,,,,,,
MIR,2024-05-13 07:00:00,7,13,5,0.022,,,,,0.661,50.0,25.0,,,,,,,,,
MIR,2024-05-13 08:00:00,8,13,5,0.031,,,,,0.395,53.0,27.0,,,,,,,,,
MIR,2024-05-13 09:00:00,9,13,5,0.036,,,,,0.327,37.0,12.0,,,,,,,,,
MIR,2024-05-13 10:00:00,10,13,5,0.044,,,,,0.41,48.0,24.0,,,,,,,,,
MIR,2024-05-13 11:00:00,11,13,5,0.052,,,,,0.43,52.0,,,,,,,,,,
MIR,2024-05-13 12:00:00,12,13,5,0.041,,,,,0.371,39.0,34.0,,,,,,,,,
MIR,2024-05-13 13:00:00,13,13,5,0.046,,,,,0.401,29.0,19.0,,,,,,,,,
MIR,2024-05-13 14:00:00,14,13,5,0.052,,,,,0.426,36.0,11.0,,,,,,,,,
MIR,2024-05-13 15:00:00,15,13,5,0.05,,,,,0.457,52.0,30.0,,,,,,,,,
MIR,2024-05-13 16:00:00,16,13,5,0.048,,,,,0.516,39.0,21.0,,,,,,,,,
MIR,2024-05-13 17:00:00,17,13,5,0.037,,,,,0.421,52.0,26.0,,,,,,,,,
MIR,2024-05-13 18:00:00,18,13,5,0.035,,,,,0.451,51.0,19.0,,,,,,,,,
MIR,2024-05-13 19:00:00,19,13,5,0.032,,,,,0.534,43.0,13.0,,,,,,,,,
MIR,2024-05-13 20:00:00,20,13,5,0.032,,,,,0.542,38.0,,,,,,,,,,
MIR,2024-05-13 21:00:00,21,13,5,0.022,,,,,0.74,41.0,31.0,,,,,,,,,
MIR,2024-05-13 22:00:00,22,13,5,0.027,,,,,0.469,55.0,30.0,,,,,,,,,
MIR,2024-05-13 23:00:00,23,13,5,0.032,,,,,0.326,38.0,9.0,,,,,,,,,
MIR,2024-05-14 00:00:00,0,14,5,0.034,,,,,0.431,37.0,17.0,,,,,,,,,
MIR,2024-05-14 01:00:00,1,14,5,0.029,,,,,0.446,40.0,22.0,,,,,,,,,
MIR,2024-05-14 02:00:00,2,14,5,0.006,,,,,0.665,53.0,28.0,,,,,,,,,
MIR,2024-05-14 03:00:00,3,14,5,0.002,,,,,0.905,94.0,44.0,,,,,,,,,
MIR,2024-05-14 04:00:00,4,14,5,0.009,,,,,0.568,111.0,53.0,,,,,,,,,
MIR,2024-05-14 05:00:00,5,14,5,0.009,,,,,0.631,83.0,45.0,,,,,,,,,
MIR,2024-05-14 06:00:00,6,14,5,0.001,,,,,1.221,80.0,,,,,,,,,,
MIR,2024-05-14 07:00:00,7,14,5,0.003,,,,,1.631,88.0,,,,,,,,,,
MIR,2024-05-14 08:00:00,8,14,5,0.023,,,,,0.616,144.0,78.0,,,,,,,,,
MIR,2024-05-14 09:00:00,9,14,5,0.041,,,,,0.068,111.0,66.0,,,,,,,,,
MIR,2024-05-14 10:00:00,10,14,5,0.045,,,,,0.306,82.0,39.0,,,,,,,,,
MIR,2024-05-14 11:00:00,11,14,5,0.05,,,,,0.307,45.0,18.0,,,,,,,,,
MIR,2024-05-14 12:00:00,12,14,5,0.05,,,,,0.337,49.0,16.0,,,,,,,,,
MIR,2024-05-14 13:00:00,13,14,5,0.052,,,,,0.377,44.0,15.0,,,,,,,,,
MIR,2024-05-14 14:00:00,14,14,5,0.057,,,,,0.349,54.0,19.0,,,,,,,,,
MIR,2024-05-14 15:00:00,15,14,5,0.055,,,,,0.337,50.0,,,,,,,,,,
MIR,2024-05-14 16:00:00,16,14,5,0.053,,,,,0.344,55.0,15.0,,,,,,,,,
MIR,2024-05-14 17:00:00,17,14,5,0.051,,,,,0.379,47.0,13.0,24.0,35.0,,0.9,,,628.0,,
MIR,2024-05-14 18:00:00,18,14,5,0.048,,,,,0.49,34.0,12.0,24.0,34.0,,0.7,,,628.0,,
MIR,2024-05-14 19:00:00,19,14,5,0.059,,,,,0.654,46.0,16.0,23.0,30.0,,0.6,,,629.0,,
MIR,2024-05-14 20:00:00,20,14,5,0.05,,,,,0.663,65.0,24.0,23.0,28.0,,0.6,,,630.0,,
MIR,2024-05-14 21:00:00,21,14,5,0.045,,,,,0.664,64.0,34.0,24.0,26.0,,0.6,,,630.0,,
MIR,2024-05-14 22:00:00,22,14,5,0.042,,,,,0.534,64.0,31.0,24.0,25.0,,,,,631.0,,
MIR,2024-05-14 23:00:00,23,14,5,0.015,,,,,0.839,57.0,27.0,24.0,23.0,,,,,631.0,,
MIR,2024-05-15 00:00:00,0,15,5,0.016,,,,,0.433,81.0,35.0,24.0,22.0,,,,,631.0,,
MIR,2024-05-15 01:00:00,1,15,5,0.006,,,,,0.407,63.0,29.0,24.0,21.0,,,,,631.0,,
MIR,2024-05-15 02:00:00,2,15,5,0.002,,,,,0.561,113.0,49.0,24.0,20.0,,,,,631.0,,
MIR,2024-05-15 03:00:00,3,15,5,0.008,,,,,0.47,72.0,32.0,24.0,19.0,,,,,630.0,,
MIR,2024-05-15 04:00:00,4,15,5,0.003,,,,,0.639,55.0,29.0,24.0,18.0,,,,,631.0,,
MIR,2024-05-15 05:00:00,5,15,5,0.001,,,,,1.012,79.0,,24.0,17.0,,0.5,,,631.0,,
MIR,2024-05-15 06:00:00,6,15,5,0.0,,,,,0.985,113.0,74.0,24.0,17.0,,0.4,,,631.0,,
MIR,2024-05-15 07:00:00,7,15,5,0.006,,,,,0.962,133.0,47.0,24.0,20.0,,0.6,,,632.0,,
MIR,2024-05-15 08:00:00,8,15,5,0.028,,,,,0.522,122.0,107.0,23.0,23.0,,0.4,,,632.0,,
MIR,2024-05-15 09:00:00,9,15,5,0.038,,,,,0.425,53.0,29.0,24.0,27.0,,0.7,,,632.0,,
MIR,2024-05-15 10:00:00,10,15,5,0.049,,,,,0.301,74.0,28.0,23.0,29.0,,0.8,,,632.0,,
MIR,2024-05-15 11:00:00,11,15,5,0.057,,,,,0.221,40.0,11.0,23.0,31.0,,0.9,,,631.0,,
MIR,2024-05-15 12:00:00,12,15,5,0.065,,,,,0.393,50.0,13.0,24.0,34.0,,0.6,,,631.0,,
MIR,2024-05-15 13:00:00,13,15,5,0.065,,,,,0.353,42.0,13.0,24.0,35.0,,0.5,,,630.0,,
MIR,2024-05-15 14:00:00,14,15,5,0.058,,,,,0.324,36.0,8.0,24.0,36.0,,0.5,,,630.0,,
MIR,2024-05-15 15:00:00,15,15,5,0.052,,,,,0.354,26.0,4.0,24.0,36.0,,0.7,,,629.0,,
MIR,2024-05-15 16:00:00,16,15,5,0.056,,,,,0.383,33.0,4.0,24.0,37.0,,0.9,,,629.0,,
MIR,2024-05-15 17:00:00,17,15,5,0.053,,,,,0.415,29.0,6.0,24.0,36.0,,0.8,,,629.0,,
MIR,2024-05-15 18:00:00,18,15,5,0.046,,,,,0.441,37.0,12.0,24.0,34.0,,0.9,,,629.0,,
MIR,2024-05-15 19:00:00,19,15,5,0.044,,,,,0.626,25.0,12.0,23.0,32.0,,0.7,,,629.0,,
MIR,2024-05-15 20:00:00,20,15,5,0.045,,,,,0.518,50.0,21.0,23.0,29.0,,0.6,,,630.0,,
MIR,2024-05-15 21:00:00,21,15,5,0.038,,,,,0.488,64.0,26.0,24.0,27.0,,0.8,,,631.0,,
MIR,2024-05-15 22:00:00,22,15,5,0.033,,,,,0.525,55.0,24.0,24.0,25.0,,0.7,,,632.0,,
MIR,2024-05-15 23:00:00,23,15,5,0.03,,,,,0.534,42.0,20.0,24.0,24.0,,0.6,,,632.0,,
MIR,2024-05-16 00:00:00,0,16,5,0.029,,,,,0.378,45.0,17.0,24.0,23.0,,0.4,,,632.0,,
MIR,2024-05-16 01:00:00,1,16,5,0.018,,,,,0.5,34.0,20.0,24.0,21.0,,0.5,,,632.0,,
MIR,2024-05-16 02:00:00,2,16,5,0.012,,,,,0.514,44.0,21.0,24.0,21.0,,0.5,,,631.0,,
MIR,2024-05-16 03:00:00,3,16,5,0.016,,,,,0.366,85.0,66.0,23.0,20.0,,0.5,,,631.0,,
MIR,2024-05-16 04:00:00,4,16,5,0.016,,,,,0.4,53.0,34.0,24.0,20.0,,0.4,,,631.0,,
MIR,2024-05-16 05:00:00,5,16,5,0.01,,,,,0.724,38.0,,23.0,19.0,,0.5,,,631.0,,
MIR,2024-05-16 06:00:00,6,16,5,0.01,,,,,0.628,53.0,28.0,24.0,19.0,,0.4,,,632.0,,
MIR,2024-05-16 07:00:00,7,16,5,0.019,,,,,0.711,51.0,24.0,23.0,22.0,,0.7,,,632.0,,
MIR,2024-05-16 08:00:00,8,16,5,0.037,,,,,0.468,58.0,26.0,23.0,25.0,,0.7,,,632.0,,
MIR,2024-05-16 09:00:00,9,16,5,0.046,,,,,0.397,77.0,28.0,23.0,27.0,,0.6,,,632.0,,
MIR,2024-05-16 10:00:00,10,16,5,0.051,,,,,0.457,67.0,,23.0,30.0,,0.5,,,632.0,,
MIR,2024-05-16 11:00:00,11,16,5,0.046,,,,,0.25,79.0,29.0,23.0,32.0,,0.6,,,631.0,,
MIR,2024-05-16 12:00:00,12,16,5,0.048,,,,,0.442,34.0,13.0,24.0,34.0,,0.5,,,631.0,,
MIR,2024-05-16 13:00:00,13,16,5,0.049,,,,,0.386,37.0,16.0,24.0,36.0,,0.5,,,630.0,,
MIR,2024-05-16 14:00:00,14,16,5,0.043,,,,,0.299,39.0,,24.0,37.0,,0.7,,,629.0,,
MIR,2024-05-16 15:00:00,15,16,5,0.039,,,,,0.329,40.0,,24.0,37.0,,0.6,,,629.0,,
MIR,2024-05-16 16:00:00,16,16,5,0.04,,,,,0.335,36.0,33.0,24.0,37.0,,0.6,,,629.0,,
MIR,2024-05-16 17:00:00,17,16,5,0.039,,,,,0.373,35.0,,24.0,36.0,,0.7,,,629.0,,
MIR,2024-05-16 18:00:00,18,16,5,0.034,,,,,0.409,51.0,18.0,24.0,34.0,,0.7,,,629.0,,
MIR,2024-05-16 19:00:00,19,16,5,0.029,,,,,0.433,56.0,,23.0,31.0,,0.6,,,629.0,,
MIR,2024-05-16 20:00:00,20,16,5,0.026,,,,,0.534,38.0,18.0,24.0,29.0,,0.6,,,630.0,,
MIR,2024-05-16 21:00:00,21,16,5,0.025,,,,,0.449,42.0,13.0,24.0,27.0,,0.5,,,630.0,,
MIR,2024-05-16 22:00:00,22,16,5,0.024,,,,,0.453,43.0,,24.0,25.0,,0.6,,,631.0,,
MIR,2024-05-16 23:00:00,23,16,5,0.021,,,,,0.445,37.0,,24.0,24.0,,0.5,,,631.0,,
MIR,2024-05-17 00:00:00,0,17,5,0.025,,,,,0.357,21.0,,24.0,23.0,,0.4,,,631.0,,
MIR,2024-05-17 01:00:00,1,17,5,0.018,,,,,0.371,13.0,10.0,24.0,22.0,,0.4,,,631.0,,
MIR,2024-05-17 02:00:00,2,17,5,0.005,,,,,0.532,46.0,16.0,24.0,20.0,,0.4,,,630.0,,
MIR,2024-05-17 03:00:00,3,17,5,0.002,,,,,0.627,68.0,20.0,24.0,19.0,,0.5,,,630.0,,
MIR,2024-05-17 04:00:00,4,17,5,0.0,,,,,0.663,62.0,,24.0,18.0,,0.4,,,630.0,,
MIR,2024-05-17 05:00:00,5,17,5,0.0,,,,,0.726,94.0,76.0,24.0,18.0,,0.4,,,630.0,,
MIR,2024-05-17 06:00:00,6,17,5,0.0,,,,,1.267,90.0,51.0,24.0,17.0,,0.4,,,630.0,,
MIR,2024-05-17 07:00:00,7,17,5,0.002,,,,,1.626,146.0,60.0,24.0,21.0,,0.5,,,631.0,,
MIR,2024-05-17 08:00:00,8,17,5,0.014,,,,,0.085,163.0,55.0,23.0,25.0,,0.5,,,631.0,,
MIR,2024-05-17 09:00:00,9,17,5,0.039,,,,,,53.0,15.0,23.0,28.0,,0.7,,,631.0,,
MIR,2024-05-17 10:00:00,10,17,5,0.045,,,,,0.407,51.0,18.0,23.0,30.0,,0.6,,,631.0,,
MIR,2024-05-17 11:00:00,11,17,5,0.051,,,,,0.378,45.0,14.0,23.0,33.0,,0.6,,,631.0,,
MIR,2024-05-17 12:00:00,12,17,5,0.046,,,,,0.414,48.0,11.0,23.0,35.0,,0.5,,,630.0,,
MIR,2024-05-17 13:00:00,13,17,5,0.043,,,,,0.445,24.0,7.0,24.0,37.0,,0.5,,,629.0,,
MIR,2024-05-17 14:00:00,14,17,5,0.036,,,,,0.37,17.0,3.0,24.0,38.0,,1.1,,,629.0,,
MIR,2024-05-17 15:00:00,15,17,5,0.038,,,,,0.35,,18.0,24.0,38.0,,0.7,,,628.0,,
MIR,2024-05-17 16:00:00,16,17,5,0.035,,,,,0.287,50.0,1.0,24.0,38.0,,0.7,,,628.0,,
MIR,2024-05-17 17:00:00,17,17,5,0.035,,,,,0.345,29.0,5.0,24.0,37.0,,0.8,,,628.0,,
MIR,2024-05-17 18:00:00,18,17,5,0.033,,,,,0.454,29.0,6.0,24.0,35.0,,0.8,,,628.0,,
MIR,2024-05-17 19:00:00,19,17,5,0.03,,,,,0.496,38.0,7.0,24.0,32.0,,0.8,,,629.0,,
MIR,2024-05-17 20:00:00,20,17,5,0.027,,,,,0.616,33.0,10.0,23.0,30.0,,0.6,,,629.0,,
MIR,2024-05-17 21:00:00,21,17,5,0.026,,,,,0.651,38.0,14.0,24.0,28.0,,0.5,,,630.0,,
MIR,2024-05-17 22:00:00,22,17,5,0.028,,,,,0.498,45.0,14.0,24.0,27.0,,0.5,,,631.0,,
MIR,2024-05-17 23:00:00,23,17,5,0.015,,,,,0.639,44.0,20.0,24.0,25.0,,0.4,,,631.0,,
MIR,2024-05-18 00:00:00,0,18,5,0.011,,,,,0.454,60.0,24.0,24.0,24.0,,0.6,,,631.0,,
MIR,2024-05-18 01:00:00,1,18,5,0.026,,,,,0.241,55.0,22.0,24.0,24.0,,0.6,,,631.0,,
MIR,2024-05-18 02:00:00,2,18,5,0.031,,,,,0.417,24.0,14.0,24.0,23.0,,0.5,,,631.0,,
MIR,2024-05-18 03:00:00,3,18,5,0.03,,,,,0.44,33.0,14.0,23.0,22.0,,0.7,,,631.0,,
MIR,2024-05-18 04:00:00,4,18,5,0.031,,,,,0.421,35.0,12.0,24.0,22.0,,,,,631.0,,
MIR,2024-05-18 05:00:00,5,18,5,0.007,,,,,0.678,40.0,19.0,24.0,20.0,,,,,631.0,,
MIR,2024-05-18 06:00:00,6,18,5,0.001,,,,,1.022,83.0,32.0,23.0,19.0,,,,,632.0,,
MIR,2024-05-18 07:00:00,7,18,5,0.005,,,,,1.068,118.0,47.0,24.0,22.0,,,,,632.0,,
MIR,2024-05-18 08:00:00,8,18,5,0.021,,,,,0.513,114.0,42.0,23.0,25.0,,0.5,,,632.0,,
MIR,2024-05-18 09:00:00,9,18,5,0.039,,,,,0.405,85.0,50.0,23.0,28.0,,0.7,,,632.0,,
MIR,2024-05-18 10:00:00,10,18,5,0.057,,,,,0.586,67.0,32.0,23.0,30.0,,0.6,,,632.0,,
MIR,2024-05-18 11:00:00,11,18,5,0.074,,,,,0.502,88.0,34.0,23.0,33.0,,0.4,,,632.0,,
MIR,2024-05-18 12:00:00,12,18,5,0.078,,,,,0.397,77.0,32.0,23.0,34.0,,0.4,,,632.0,,
MIR,2024-05-18 13:00:00,13,18,5,0.059,,,,,0.236,49.0,20.0,23.0,37.0,,0.5,,,631.0,,
MIR,2024-05-18 14:00:00,14,18,5,0.052,,,,,0.376,33.0,11.0,24.0,38.0,,0.7,,,630.0,,
MIR,2024-05-18 15:00:00,15,18,5,0.05,,,,,0.384,26.0,6.0,24.0,38.0,,0.5,,,630.0,,
MIR,2024-05-18 16:00:00,16,18,5,0.055,,,,,0.373,35.0,7.0,24.0,38.0,,0.6,,,629.0,,
MIR,2024-05-18 17:00:00,17,18,5,0.049,,,,,0.324,38.0,13.0,24.0,37.0,,0.6,,,629.0,,
MIR,2024-05-18 18:00:00,18,18,5,0.043,,,,,0.591,32.0,11.0,27.0,36.0,,0.7,,,629.0,,
MIR,2024-05-18 19:00:00,19,18,5,0.038,,,,,0.505,37.0,,,33.0,,0.8,,,630.0,,
MIR,2024-05-18 20:00:00,20,18,5,0.029,,,,,0.555,,,23.0,31.0,,0.8,,,630.0,,
MIR,2024-05-18 21:00:00,21,18,5,0.03,,,,,0.483,,,23.0,29.0,,0.5,,,631.0,,
MIR,2024-05-18 22:00:00,22,18,5,0.025,,,,,0.482,50.0,23.0,23.0,27.0,,0.6,,,632.0,,
MIR,2024-05-18 23:00:00,23,18,5,0.025,,,,,0.392,60.0,24.0,23.0,25.0,,1.0,,,632.0,,
MIR,2024-05-19 00:00:00,0,19,5,0.024,,,,,0.536,48.0,18.0,24.0,24.0,,,,,632.0,,
MIR,2024-05-19 01:00:00,1,19,5,0.02,,,,,0.565,44.0,17.0,23.0,23.0,,,,,632.0,,
MIR,2024-05-19 02:00:00,2,19,5,0.021,,,,,0.48,39.0,18.0,24.0,22.0,,,,,631.0,,
MIR,2024-05-19 03:00:00,3,19,5,0.011,,,,,0.567,33.0,17.0,24.0,21.0,,,,,631.0,,
MIR,2024-05-19 04:00:00,4,19,5,0.017,,,,,0.475,45.0,17.0,23.0,20.0,,,,,632.0,,
MIR,2024-05-19 05:00:00,5,19,5,0.012,,,,,0.619,44.0,18.0,23.0,19.0,,,,,632.0,,
MIR,2024-05-19 06:00:00,6,19,5,0.006,,,,,0.622,35.0,17.0,23.0,19.0,,0.5,,,633.0,,
MIR,2024-05-19 07:00:00,7,19,5,0.01,,,,,0.74,41.0,22.0,24.0,22.0,,0.6,,,633.0,,
MIR,2024-05-19 08:00:00,8,19,5,0.025,,,,,0.425,83.0,29.0,24.0,25.0,,0.5,,,633.0,,
MIR,2024-05-19 09:00:00,9,19,5,0.04,,,,,0.385,67.0,24.0,23.0,28.0,,0.5,,,633.0,,
MIR,2024-05-19 10:00:00,10,19,5,0.059,,,,,0.548,65.0,28.0,23.0,30.0,,0.6,,,633.0,,
MIR,2024-05-19 11:00:00,11,19,5,0.083,,,,,0.512,51.0,21.0,23.0,33.0,,0.6,,,633.0,,
MIR,2024-05-19 12:00:00,12,19,5,0.087,,,,,0.438,51.0,19.0,23.0,35.0,,0.6,,,632.0,,
MIR,2024-05-19 13:00:00,13,19,5,0.077,,,,,0.357,38.0,18.0,24.0,38.0,,0.4,,,631.0,,
MIR,2024-05-19 14:00:00,14,19,5,0.073,,,,,0.462,24.0,8.0,24.0,39.0,,0.5,,,630.0,,
MIR,2024-05-19 15:00:00,15,19,5,0.072,,,,,0.398,27.0,7.0,24.0,40.0,,0.5,,,630.0,,
MIR,2024-05-19 16:00:00,16,19,5,0.069,,,,,0.417,27.0,8.0,24.0,40.0,,0.5,,,629.0,,
MIR,2024-05-19 17:00:00,17,19,5,0.05,,,,,0.425,34.0,10.0,24.0,39.0,,0.7,,,629.0,,
MIR,2024-05-19 18:00:00,18,19,5,0.045,,,,,0.385,27.0,8.0,24.0,37.0,,0.7,,,629.0,,
MIR,2024-05-19 19:00:00,19,19,5,0.039,,,,,0.406,26.0,7.0,24.0,35.0,,0.8,,,629.0,,
MIR,2024-05-19 20:00:00,20,19,5,0.035,,,,,0.633,42.0,10.0,23.0,32.0,,0.7,,,630.0,,
MIR,2024-05-19 21:00:00,21,19,5,0.033,,,,,0.662,72.0,18.0,23.0,30.0,,0.7,,,631.0,,
MIR,2024-05-19 22:00:00,22,19,5,0.03,,,,,0.505,58.0,14.0,23.0,28.0,,0.7,,,631.0,,
MIR,2024-05-19 23:00:00,23,19,5,0.036,,,,,0.429,41.0,18.0,24.0,27.0,,0.5,,,631.0,,
MIR,2024-05-20 00:00:00,0,20,5,0.034,,,,,0.421,44.0,15.0,24.0,25.0,,0.5,,,632.0,,
MIR,2024-05-20 01:00:00,1,20,5,0.033,,,,,0.414,30.0,13.0,24.0,24.0,,,,,632.0,,
MIR,2024-05-20 02:00:00,2,20,5,0.021,,,,,0.549,28.0,17.0,24.0,23.0,,,,,632.0,,
MIR,2024-05-20 03:00:00,3,20,5,0.011,,,,,0.581,36.0,25.0,24.0,21.0,,,,,631.0,,
MIR,2024-05-20 04:00:00,4,20,5,0.01,,,,,0.487,37.0,21.0,24.0,20.0,,,,,632.0,,
MIR,2024-05-20 05:00:00,5,20,5,0.001,,,,,0.746,28.0,8.0,23.0,20.0,,0.5,,,632.0,,
MIR,2024-05-20 06:00:00,6,20,5,0.019,,,,,0.762,70.0,30.0,24.0,21.0,,0.5,,,632.0,,
MIR,2024-05-20 07:00:00,7,20,5,0.012,,,,,0.856,74.0,25.0,23.0,23.0,,0.4,,,632.0,,
MIR,2024-05-20 08:00:00,8,20,5,0.018,,,,,0.745,112.0,46.0,24.0,25.0,,0.4,,,632.0,,
MIR,2024-05-20 09:00:00,9,20,5,0.036,,,,,0.394,122.0,,23.0,29.0,,0.5,,,632.0,,
MIR,2024-05-20 10:00:00,10,20,5,0.049,,,,,0.465,101.0,61.0,23.0,31.0,,0.5,,,632.0,,
MIR,2024-05-20 11:00:00,11,20,5,0.054,,,,,0.435,52.0,,23.0,34.0,,0.7,,,632.0,,
MIR,2024-05-20 12:00:00,12,20,5,0.063,,,,,0.472,52.0,,23.0,36.0,,0.6,,,631.0,,
MIR,2024-05-20 13:00:00,13,20,5,0.074,,,,,0.445,60.0,,24.0,38.0,,0.5,,,630.0,,
MIR,2024-05-20 14:00:00,14,20,5,0.073,,,,,0.318,49.0,,24.0,39.0,,0.6,,,630.0,,
MIR,2024-05-20 15:00:00,15,20,5,0.069,,,,,0.336,37.0,19.0,24.0,40.0,,0.6,,,629.0,,
MIR,2024-05-20 16:00:00,16,20,5,0.061,,,,,0.451,35.0,7.0,24.0,39.0,,0.9,,,629.0,,
MIR,2024-05-20 17:00:00,17,20,5,0.059,,,,,0.444,35.0,6.0,24.0,38.0,,0.7,,,628.0,,
MIR,2024-05-20 18:00:00,18,20,5,0.054,,,,,0.405,34.0,8.0,24.0,37.0,,0.8,,,628.0,,
MIR,2024-05-20 19:00:00,19,20,5,0.042,,,,,0.428,43.0,10.0,23.0,33.0,,0.9,,,629.0,,
MIR,2024-05-20 20:00:00,20,20,5,0.035,,,,,0.432,120.0,21.0,23.0,30.0,,0.8,,,630.0,,
MIR,2024-05-20 21:00:00,21,20,5,0.034,,,,,0.428,94.0,,23.0,28.0,,0.9,,,630.0,,
MIR,2024-05-20 22:00:00,22,20,5,0.035,,,,,0.354,54.0,,23.0,27.0,,0.9,,,631.0,,
MIR,2024-05-20 23:00:00,23,20,5,0.037,,,,,0.314,48.0,,24.0,26.0,,0.6,,,631.0,,
MIR,2024-05-21 00:00:00,0,21,5,0.036,,,,,0.447,40.0,24.0,24.0,25.0,,0.6,,,632.0,,
MIR,2024-05-21 01:00:00,1,21,5,0.03,,,,,0.464,21.0,,24.0,23.0,,0.4,,,632.0,,
MIR,2024-05-21 02:00:00,2,21,5,0.029,,,,,0.299,26.0,25.0,24.0,22.0,,0.6,,,632.0,,
MIR,2024-05-21 03:00:00,3,21,5,0.026,,,,,0.311,23.0,9.0,24.0,22.0,,0.4,,,631.0,,
MIR,2024-05-21 04:00:00,4,21,5,0.016,,,,,0.517,23.0,13.0,24.0,20.0,,0.6,,,631.0,,
MIR,2024-05-21 05:00:00,5,21,5,0.02,,,,,0.554,50.0,,24.0,20.0,,0.6,,,631.0,,
MIR,2024-05-21 06:00:00,6,21,5,0.007,,,,,0.906,41.0,,23.0,20.0,,0.5,,,632.0,,
MIR,2024-05-21 07:00:00,7,21,5,0.006,,,,,0.881,98.0,52.0,24.0,22.0,,0.6,,,632.0,,
MIR,2024-05-21 08:00:00,8,21,5,0.023,,,,,0.527,88.0,26.0,24.0,25.0,,0.5,,,632.0,,
MIR,2024-05-21 09:00:00,9,21,5,0.037,,,,,0.341,56.0,23.0,23.0,28.0,,0.6,,,632.0,,
MIR,2024-05-21 10:00:00,10,21,5,0.043,,,,,0.41,62.0,27.0,23.0,31.0,,0.6,,,631.0,,
MIR,2024-05-21 11:00:00,11,21,5,0.06,,,,,0.402,,20.0,24.0,34.0,,0.6,,,631.0,,
MIR,2024-05-21 12:00:00,12,21,5,0.068,,,,,0.342,76.0,20.0,23.0,36.0,,0.7,,,631.0,,
MIR,2024-05-21 13:00:00,13,21,5,0.065,,,,,0.359,68.0,22.0,23.0,38.0,,0.4,,,630.0,,
MIR,2024-05-21 14:00:00,14,21,5,0.063,,,,,0.413,57.0,16.0,23.0,38.0,,0.5,,,629.0,,
MIR,2024-05-21 15:00:00,15,21,5,0.067,,,,,0.455,44.0,15.0,24.0,39.0,,0.7,,,629.0,,
MIR,2024-05-21 16:00:00,16,21,5,0.067,,,,,0.405,60.0,16.0,24.0,39.0,,0.8,,,628.0,,
MIR,2024-05-21 17:00:00,17,21,5,0.06,,,,,0.428,39.0,11.0,24.0,38.0,,0.5,,,628.0,,
MIR,2024-05-21 18:00:00,18,21,5,0.053,,,,,0.526,34.0,15.0,24.0,36.0,,0.8,,,628.0,,
MIR,2024-05-21 19:00:00,19,21,5,0.045,,,,,0.587,67.0,13.0,23.0,33.0,,0.8,,,629.0,,
MIR,2024-05-21 20:00:00,20,21,5,0.042,,,,,0.481,74.0,16.0,23.0,31.0,,1.0,,,630.0,,
MIR,2024-05-21 21:00:00,21,21,5,0.04,,,,,0.438,94.0,19.0,23.0,28.0,,0.9,,,630.0,,
MIR,2024-05-21 22:00:00,22,21,5,0.038,,,,,0.467,101.0,19.0,23.0,27.0,,0.5,,,631.0,,
MIR,2024-05-21 23:00:00,23,21,5,0.039,,,,,0.399,61.0,26.0,23.0,26.0,,0.4,,,632.0,,
MIR,2024-05-22 00:00:00,0,22,5,0.037,,,,,0.371,41.0,22.0,23.0,25.0,,0.6,,,632.0,,
MIR,2024-05-22 01:00:00,1,22,5,0.038,,,,,0.346,34.0,15.0,23.0,24.0,,0.8,,,632.0,,
MIR,2024-05-22 02:00:00,2,22,5,0.034,,,,,0.34,28.0,14.0,24.0,23.0,,0.6,,,632.0,,
MIR,2024-05-22 03:00:00,3,22,5,0.031,,,,,0.376,27.0,12.0,24.0,21.0,,0.7,,,632.0,,
MIR,2024-05-22 04:00:00,4,22,5,0.026,,,,,0.436,32.0,19.0,24.0,21.0,,0.5,,,632.0,,
MIR,2024-05-22 05:00:00,5,22,5,0.017,,,,,0.572,43.0,24.0,23.0,20.0,,0.5,,,632.0,,
MIR,2024-05-22 06:00:00,6,22,5,0.016,,,,,0.54,48.0,21.0,23.0,20.0,,0.5,,,633.0,,
MIR,2024-05-22 07:00:00,7,22,5,0.018,,,,,0.598,49.0,25.0,23.0,22.0,,0.6,,,633.0,,
MIR,2024-05-22 08:00:00,8,22,5,0.027,,,,,0.541,62.0,27.0,23.0,24.0,,0.5,,,633.0,,
MIR,2024-05-22 09:00:00,9,22,5,0.036,,,,,0.543,58.0,25.0,23.0,27.0,,0.5,,,633.0,,
MIR,2024-05-22 10:00:00,10,22,5,0.042,,,,,0.421,77.0,32.0,22.0,29.0,,0.7,,,633.0,,
MIR,2024-05-22 11:00:00,11,22,5,0.051,,,,,0.341,52.0,,21.0,32.0,,0.6,,,633.0,,
MIR,2024-05-22 12:00:00,12,22,5,0.067,,,,,0.521,57.0,,26.0,34.0,,0.5,,,632.0,,
MIR,2024-05-22 13:00:00,13,22,5,0.059,,,,,0.28,64.0,,23.0,36.0,,0.9,,,631.0,,
MIR,2024-05-22 14:00:00,14,22,5,0.052,,,,,0.29,,,19.0,36.0,,0.6,,,631.0,,
MIR,2024-05-22 15:00:00,15,22,5,0.051,,,,,0.331,58.0,17.0,18.0,37.0,,0.7,,,630.0,,
MIR,2024-05-22 16:00:00,16,22,5,0.051,,,,,0.482,46.0,9.0,18.0,38.0,,0.6,,,630.0,,
MIR,2024-05-22 17:00:00,17,22,5,0.047,,,,,0.498,28.0,11.0,18.0,37.0,,0.7,,,630.0,,
MIR,2024-05-22 18:00:00,18,22,5,0.04,,,,,0.56,42.0,8.0,18.0,34.0,,0.8,,,630.0,,
MIR,2024-05-22 19:00:00,19,22,5,0.039,,,,,0.634,79.0,22.0,17.0,32.0,,0.6,,,630.0,,
MIR,2024-05-22 20:00:00,20,22,5,0.035,,,,,0.554,66.0,26.0,17.0,30.0,,0.6,,,630.0,,
MIR,2024-05-22 21:00:00,21,22,5,0.031,,,,,0.582,83.0,29.0,17.0,28.0,,0.6,,,631.0,,
MIR,2024-05-22 22:00:00,22,22,5,0.031,,,,,0.506,89.0,28.0,17.0,26.0,,0.5,,,632.0,,
MIR,2024-05-22 23:00:00,23,22,5,0.028,,,,,0.481,58.0,28.0,17.0,25.0,,0.6,,,632.0,,
MIR,2024-05-23 00:00:00,0,23,5,0.032,,,,,0.433,53.0,28.0,17.0,25.0,,0.7,,,632.0,,
MIR,2024-05-23 01:00:00,1,23,5,0.033,,,,,0.424,42.0,16.0,,,,,,,,,
MIR,2024-05-23 02:00:00,2,23,5,0.028,,,,,0.449,44.0,22.0,,,,,,,,,
MIR,2024-05-23 03:00:00,3,23,5,0.029,,,,,0.441,43.0,21.0,,,,,,,,,
MIR,2024-05-23 04:00:00,4,23,5,0.009,,,,,0.524,37.0,25.0,,,,,,,,,
MIR,2024-05-23 05:00:00,5,23,5,0.002,,,,,0.681,74.0,41.0,,,,,,,,,
MIR,2024-05-23 06:00:00,6,23,5,0.0,,,,,1.058,96.0,45.0,,,,,,,,,
MIR,2024-05-23 07:00:00,7,23,5,0.004,,,,,0.983,116.0,57.0,,,,,,,,,
MIR,2024-05-23 08:00:00,8,23,5,0.013,,,,,0.74,95.0,37.0,,,,,,,,,
MIR,2024-05-23 09:00:00,9,23,5,0.03,,,,,0.607,112.0,42.0,,,,,,,,,
MIR,2024-05-23 10:00:00,10,23,5,0.047,,,,,0.506,94.0,39.0,,,,,,,,,
MIR,2024-05-23 11:00:00,11,23,5,0.052,,,,,0.198,90.0,35.0,,,,,,,,,
MIR,2024-05-23 12:00:00,12,23,5,0.068,,,,,0.52,71.0,29.0,,,,,,,,,
MIR,2024-05-23 13:00:00,13,23,5,0.083,,,,,0.614,74.0,24.0,,,,,,,,,
MIR,2024-05-23 14:00:00,14,23,5,0.075,,,,,0.455,85.0,25.0,,,,,,,,,
MIR,2024-05-23 15:00:00,15,23,5,0.064,,,,,0.358,66.0,24.0,18.0,39.0,,0.6,,,629.0,,
MIR,2024-05-23 16:00:00,16,23,5,0.058,,,,,0.426,61.0,20.0,18.0,39.0,,0.6,,,629.0,,
MIR,2024-05-23 17:00:00,17,23,5,0.056,,,,,0.502,50.0,17.0,18.0,39.0,,0.9,,,629.0,,
MIR,2024-05-23 18:00:00,18,23,5,0.052,,,,,0.625,52.0,17.0,18.0,36.0,,0.7,,,629.0,,
MIR,2024-05-23 19:00:00,19,23,5,0.048,,,,,0.686,86.0,31.0,17.0,34.0,,0.7,,,630.0,,
MIR,2024-05-23 20:00:00,20,23,5,0.041,,,,,0.583,97.0,34.0,17.0,31.0,,0.8,,,630.0,,
MIR,2024-05-23 21:00:00,21,23,5,0.037,,,,,0.622,104.0,38.0,17.0,29.0,,0.7,,,631.0,,
MIR,2024-05-23 22:00:00,22,23,5,0.035,,,,,0.629,101.0,42.0,17.0,27.0,,0.6,,,631.0,,
MIR,2024-05-23 23:00:00,23,23,5,0.039,,,,,0.52,84.0,41.0,17.0,27.0,,0.6,,,631.0,,
MIR,2024-05-24 00:00:00,0,24,5,0.034,,,,,0.508,63.0,32.0,17.0,26.0,,0.6,,,631.0,,
MIR,2024-05-24 01:00:00,1,24,5,0.022,,,,,0.603,60.0,25.0,17.0,24.0,,0.5,,,631.0,,
MIR,2024-05-24 02:00:00,2,24,5,0.013,,,,,0.686,76.0,38.0,17.0,23.0,,0.5,,,631.0,,
MIR,2024-05-24 03:00:00,3,24,5,0.005,,,,,0.717,74.0,38.0,17.0,21.0,,0.4,,,631.0,,
MIR,2024-05-24 04:00:00,4,24,5,0.004,,,,,0.618,86.0,46.0,17.0,20.0,,0.5,,,631.0,,
MIR,2024-05-24 05:00:00,5,24,5,0.0,,,,,0.888,64.0,33.0,17.0,20.0,,0.4,,,631.0,,
MIR,2024-05-24 06:00:00,6,24,5,0.0,,,,,0.892,96.0,46.0,17.0,20.0,,0.4,,,632.0,,
MIR,2024-05-24 07:00:00,7,24,5,0.006,,,,,0.924,196.0,55.0,17.0,22.0,,,,,632.0,,
MIR,2024-05-24 08:00:00,8,24,5,0.015,,,,,0.951,125.0,37.0,17.0,26.0,,,,,632.0,,
MIR,2024-05-24 09:00:00,9,24,5,0.034,,,,,0.738,129.0,49.0,17.0,29.0,,,,,632.0,,
MIR,2024-05-24 10:00:00,10,24,5,0.056,,,,,0.782,109.0,43.0,17.0,32.0,,,,,632.0,,
MIR,2024-05-24 11:00:00,11,24,5,0.075,,,,,0.642,89.0,38.0,17.0,35.0,,0.6,,,632.0,,
MIR,2024-05-24 12:00:00,12,24,5,0.078,,,,,0.464,72.0,39.0,17.0,37.0,,0.7,,,631.0,,
MIR,2024-05-24 13:00:00,13,24,5,0.074,,,,,0.352,64.0,31.0,18.0,39.0,,0.6,,,631.0,,
MIR,2024-05-24 14:00:00,14,24,5,0.074,,,,,0.496,56.0,23.0,18.0,40.0,,0.6,,,630.0,,
MIR,2024-05-24 15:00:00,15,24,5,0.072,,,,,0.493,51.0,17.0,18.0,40.0,,0.6,,,629.0,,
MIR,2024-05-24 16:00:00,16,24,5,0.065,,,,,0.516,54.0,22.0,18.0,40.0,,0.7,,,629.0,,
MIR,2024-05-24 17:00:00,17,24,5,0.058,,,,,0.528,66.0,24.0,18.0,39.0,,0.7,,,629.0,,
MIR,2024-05-24 18:00:00,18,24,5,0.052,,,,,0.462,53.0,23.0,18.0,37.0,,0.8,,,629.0,,
MIR,2024-05-24 19:00:00,19,24,5,0.041,,,,,0.567,47.0,20.0,17.0,34.0,,0.7,,,629.0,,
MIR,2024-05-24 20:00:00,20,24,5,0.033,,,,,0.538,79.0,27.0,17.0,32.0,,0.6,,,630.0,,
MIR,2024-05-24 21:00:00,21,24,5,0.029,,,,,0.541,76.0,25.0,17.0,30.0,,0.8,,,631.0,,
MIR,2024-05-24 22:00:00,22,24,5,0.029,,,,,0.484,71.0,23.0,17.0,28.0,,0.7,,,631.0,,
MIR,2024-05-24 23:00:00,23,24,5,0.025,,,,,0.518,57.0,21.0,17.0,26.0,,0.4,,,632.0,,
MIR,2024-05-25 00:00:00,0,25,5,0.027,,,,,0.379,55.0,24.0,17.0,25.0,,0.9,,,632.0,,
MIR,2024-05-25 01:00:00,1,25,5,0.029,,,,,0.364,41.0,22.0,17.0,25.0,,0.6,,,631.0,,
MIR,2024-05-25 02:00:00,2,25,5,0.027,,,,,0.321,38.0,23.0,17.0,24.0,,0.4,,,631.0,,
MIR,2024-05-25 03:00:00,3,25,5,0.007,,,,,0.506,35.0,20.0,17.0,23.0,,0.6,,,631.0,,
MIR,2024-05-25 04:00:00,4,25,5,0.007,,,,,0.412,65.0,26.0,17.0,22.0,,0.5,,,632.0,,
MIR,2024-05-25 05:00:00,5,25,5,0.002,,,,,0.693,55.0,20.0,17.0,21.0,,0.6,,,632.0,,
MIR,2024-05-25 06:00:00,6,25,5,0.001,,,,,0.971,83.0,35.0,17.0,20.0,,0.4,,,632.0,,
MIR,2024-05-25 07:00:00,7,25,5,0.011,,,,,0.725,135.0,43.0,17.0,23.0,,0.4,,,632.0,,
MIR,2024-05-25 08:00:00,8,25,5,0.026,,,,,0.534,87.0,33.0,17.0,27.0,,0.6,,,632.0,,
MIR,2024-05-25 09:00:00,9,25,5,0.037,,,,,0.587,72.0,28.0,17.0,30.0,,0.5,,,632.0,,
MIR,2024-05-25 10:00:00,10,25,5,0.053,,,,,0.62,67.0,24.0,17.0,33.0,,0.6,,,632.0,,
MIR,2024-05-25 11:00:00,11,25,5,0.057,,,,,0.375,67.0,26.0,17.0,35.0,,0.7,,,632.0,,
MIR,2024-05-25 12:00:00,12,25,5,0.052,,,,,0.422,52.0,18.0,17.0,37.0,,0.8,,,631.0,,
MIR,2024-05-25 13:00:00,13,25,5,0.053,,,,,0.449,60.0,20.0,18.0,38.0,,0.6,,,631.0,,
MIR,2024-05-25 14:00:00,14,25,5,0.052,,,,,0.443,58.0,18.0,18.0,39.0,,0.7,,,630.0,,
MIR,2024-05-25 15:00:00,15,25,5,0.053,,,,,0.431,52.0,13.0,18.0,40.0,,0.7,,,629.0,,
MIR,2024-05-25 16:00:00,16,25,5,0.051,,,,,0.434,42.0,16.0,18.0,40.0,,0.6,,,629.0,,
MIR,2024-05-25 17:00:00,17,25,5,0.049,,,,,0.392,40.0,14.0,18.0,39.0,,0.8,,,629.0,,
MIR,2024-05-25 18:00:00,18,25,5,0.044,,,,,0.418,40.0,13.0,18.0,37.0,,0.6,,,629.0,,
MIR,2024-05-25 19:00:00,19,25,5,0.042,,,,,0.422,46.0,12.0,17.0,35.0,,0.8,,,629.0,,
MIR,2024-05-25 20:00:00,20,25,5,0.032,,,,,0.513,48.0,17.0,17.0,32.0,,0.6,,,630.0,,
MIR,2024-05-25 21:00:00,21,25,5,0.026,,,,,0.566,60.0,26.0,17.0,30.0,,0.8,,,630.0,,
MIR,2024-05-25 22:00:00,22,25,5,0.025,,,,,0.513,66.0,28.0,17.0,29.0,,0.8,,,631.0,,
MIR,2024-05-25 23:00:00,23,25,5,0.026,,,,,0.432,51.0,18.0,17.0,28.0,,0.8,,,631.0,,
MIR,2024-05-26 00:00:00,0,26,5,0.026,,,,,0.463,51.0,25.0,17.0,26.0,,0.6,,,631.0,,
MIR,2024-05-26 01:00:00,1,26,5,0.026,,,,,0.443,56.0,19.0,17.0,25.0,,0.6,,,631.0,,
MIR,2024-05-26 02:00:00,2,26,5,0.029,,,,,0.355,41.0,21.0,17.0,25.0,,0.6,,,631.0,,
MIR,2024-05-26 03:00:00,3,26,5,0.03,,,,,0.413,46.0,13.0,17.0,24.0,,0.5,,,632.0,,
MIR,2024-05-26 04:00:00,4,26,5,0.023,,,,,0.506,48.0,28.0,17.0,23.0,,0.5,,,632.0,,
MIR,2024-05-26 05:00:00,5,26,5,0.006,,,,,0.687,52.0,28.0,17.0,22.0,,0.4,,,632.0,,
MIR,2024-05-26 06:00:00,6,26,5,0.001,,,,,0.886,86.0,40.0,17.0,21.0,,0.4,,,632.0,,
MIR,2024-05-26 07:00:00,7,26,5,0.005,,,,,0.975,136.0,50.0,17.0,23.0,,0.4,,,633.0,,
MIR,2024-05-26 08:00:00,8,26,5,0.027,,,,,0.341,150.0,59.0,17.0,27.0,,0.5,,,633.0,,
MIR,2024-05-26 09:00:00,9,26,5,0.037,,,,,0.092,62.0,26.0,17.0,30.0,,,,,633.0,,
MIR,2024-05-26 10:00:00,10,26,5,0.043,,,,,0.386,33.0,16.0,17.0,32.0,,,,,632.0,,
MIR,2024-05-26 11:00:00,11,26,5,0.048,,,,,0.441,36.0,14.0,17.0,35.0,,,,,632.0,,
MIR,2024-05-26 12:00:00,12,26,5,0.049,,,,,0.345,18.0,12.0,18.0,37.0,,,,,631.0,,
MIR,2024-05-26 13:00:00,13,26,5,0.055,,,,,0.296,19.0,6.0,18.0,39.0,,,,,631.0,,
MIR,2024-05-26 14:00:00,14,26,5,0.057,,,,,0.377,20.0,6.0,18.0,40.0,,0.5,,,630.0,,
MIR,2024-05-26 15:00:00,15,26,5,0.059,,,,,0.4,25.0,13.0,18.0,40.0,,0.7,,,630.0,,
MIR,2024-05-26 16:00:00,16,26,5,0.059,,,,,0.419,31.0,9.0,18.0,40.0,,0.5,,,629.0,,
MIR,2024-05-26 17:00:00,17,26,5,0.057,,,,,0.45,35.0,16.0,18.0,39.0,,0.7,,,629.0,,
MIR,2024-05-26 18:00:00,18,26,5,0.052,,,,,0.454,38.0,16.0,18.0,38.0,,0.8,,,629.0,,
MIR,2024-05-26 19:00:00,19,26,5,0.046,,,,,0.539,45.0,14.0,18.0,35.0,,0.7,,,630.0,,
MIR,2024-05-26 20:00:00,20,26,5,0.038,,,,,0.555,65.0,20.0,17.0,32.0,,0.8,,,630.0,,
MIR,2024-05-26 21:00:00,21,26,5,0.033,,,,,0.552,74.0,30.0,17.0,30.0,,0.9,,,631.0,,
MIR,2024-05-26 22:00:00,22,26,5,0.031,,,,,0.563,72.0,27.0,17.0,28.0,,0.5,,,631.0,,
MIR,2024-05-26 23:00:00,23,26,5,0.034,,,,,0.42,71.0,27.0,17.0,27.0,,0.5,,,632.0,,
MIR,2024-05-27 00:00:00,0,27,5,0.035,,,,,0.504,86.0,22.0,17.0,25.0,,0.7,,,632.0,,
MIR,2024-05-27 01:00:00,1,27,5,0.033,,,,,0.526,52.0,19.0,17.0,23.0,,0.6,,,632.0,,
MIR,2024-05-27 02:00:00,2,27,5,0.03,,,,,0.455,53.0,26.0,17.0,23.0,,0.5,,,633.0,,
MIR,2024-05-27 03:00:00,3,27,5,0.026,,,,,0.477,61.0,32.0,17.0,21.0,,0.5,,,633.0,,
MIR,2024-05-27 04:00:00,4,27,5,0.018,,,,,0.567,52.0,31.0,17.0,21.0,,0.6,,,633.0,,
MIR,2024-05-27 05:00:00,5,27,5,0.013,,,,,0.692,64.0,28.0,17.0,21.0,,0.5,,,633.0,,
MIR,2024-05-27 06:00:00,6,27,5,0.021,,,,,0.423,81.0,28.0,17.0,22.0,,0.8,,,633.0,,
MIR,2024-05-27 07:00:00,7,27,5,0.01,,,,,0.811,64.0,15.0,17.0,24.0,,0.5,,,633.0,,
MIR,2024-05-27 08:00:00,8,27,5,0.02,,,,,0.576,87.0,32.0,17.0,25.0,,0.7,,,633.0,,
MIR,2024-05-27 09:00:00,9,27,5,0.033,,,,,0.404,80.0,23.0,17.0,28.0,,0.5,,,633.0,,
MIR,2024-05-27 10:00:00,10,27,5,0.048,,,,,0.572,78.0,26.0,17.0,31.0,,0.6,,,633.0,,
MIR,2024-05-27 11:00:00,11,27,5,0.06,,,,,0.556,70.0,27.0,17.0,34.0,,0.5,,,633.0,,
MIR,2024-05-27 12:00:00,12,27,5,0.075,,,,,0.57,85.0,26.0,17.0,36.0,,0.6,,,632.0,,
MIR,2024-05-27 13:00:00,13,27,5,0.079,,,,,0.525,118.0,44.0,18.0,38.0,,0.6,,,632.0,,
MIR,2024-05-27 14:00:00,14,27,5,0.074,,,,,0.47,89.0,28.0,18.0,39.0,,0.5,,,631.0,,
MIR,2024-05-27 15:00:00,15,27,5,0.073,,,,,0.463,74.0,24.0,18.0,40.0,,0.6,,,630.0,,
MIR,2024-05-27 16:00:00,16,27,5,0.074,,,,,0.461,70.0,23.0,18.0,40.0,,0.6,,,629.0,,
MIR,2024-05-27 17:00:00,17,27,5,0.074,,,,,0.49,68.0,21.0,18.0,40.0,,0.5,,,629.0,,
MIR,2024-05-27 18:00:00,18,27,5,0.061,,,,,0.769,88.0,34.0,18.0,38.0,,0.7,,,629.0,,
MIR,2024-05-27 19:00:00,19,27,5,0.043,,,,,0.877,72.0,20.0,17.0,36.0,,0.8,,,630.0,,
MIR,2024-05-27 20:00:00,20,27,5,0.041,,,,,0.572,68.0,20.0,17.0,33.0,,0.8,,,630.0,,
MIR,2024-05-27 21:00:00,21,27,5,0.038,,,,,0.607,84.0,29.0,17.0,31.0,,0.6,,,631.0,,
MIR,2024-05-27 22:00:00,22,27,5,0.029,,,,,0.656,89.0,33.0,17.0,29.0,,0.6,,,632.0,,
MIR,2024-05-27 23:00:00,23,27,5,0.028,,,,,0.643,109.0,42.0,17.0,29.0,,0.4,,,633.0,,
MIR,2024-05-28 00:00:00,0,28,5,0.029,,,,,0.612,65.0,28.0,17.0,28.0,,0.7,,,633.0,,
MIR,2024-05-28 01:00:00,1,28,5,0.03,,,,,0.549,90.0,35.0,17.0,27.0,,0.4,,,633.0,,
MIR,2024-05-28 02:00:00,2,28,5,0.029,,,,,0.588,102.0,37.0,17.0,26.0,,0.6,,,633.0,,
MIR,2024-05-28 03:00:00,3,28,5,0.021,,,,,0.541,99.0,40.0,17.0,25.0,,0.6,,,633.0,,
MIR,2024-05-28 04:00:00,4,28,5,0.014,,,,,0.51,71.0,37.0,17.0,25.0,,0.7,,,633.0,,
MIR,2024-05-28 05:00:00,5,28,5,0.008,,,,,0.649,79.0,30.0,17.0,24.0,,0.5,,,634.0,,
MIR,2024-05-28 06:00:00,6,28,5,0.002,,,,,0.779,94.0,32.0,17.0,23.0,,0.4,,,634.0,,
MIR,2024-05-28 07:00:00,7,28,5,0.017,,,,,0.531,110.0,44.0,17.0,25.0,,0.6,,,635.0,,
MIR,2024-05-28 08:00:00,8,28,5,0.028,,,,,0.525,89.0,28.0,17.0,27.0,,0.6,,,635.0,,
MIR,2024-05-28 09:00:00,9,28,5,0.04,,,,,0.402,97.0,38.0,17.0,29.0,,0.5,,,635.0,,
MIR,2024-05-28 10:00:00,10,28,5,0.048,,,,,0.401,75.0,34.0,17.0,32.0,,0.8,,,635.0,,
MIR,2024-05-28 11:00:00,11,28,5,0.059,,,,,0.422,78.0,35.0,17.0,34.0,,0.6,,,634.0,,
MIR,2024-05-28 12:00:00,12,28,5,0.063,,,,,0.417,77.0,34.0,18.0,36.0,,0.7,,,634.0,,
MIR,2024-05-28 13:00:00,13,28,5,0.068,,,,,0.342,85.0,36.0,18.0,38.0,,0.5,,,633.0,,
MIR,2024-05-28 14:00:00,14,28,5,0.073,,,,,0.466,77.0,26.0,18.0,39.0,,0.6,,,632.0,,
MIR,2024-05-28 15:00:00,15,28,5,0.066,,,,,0.456,79.0,29.0,18.0,39.0,,0.5,,,631.0,,
MIR,2024-05-28 16:00:00,16,28,5,0.059,,,,,0.42,71.0,27.0,18.0,38.0,,0.6,,,631.0,,
MIR,2024-05-28 17:00:00,17,28,5,0.053,,,,,0.46,71.0,23.0,18.0,38.0,,0.8,,,630.0,,
MIR,2024-05-28 18:00:00,18,28,5,0.049,,,,,0.627,73.0,16.0,18.0,37.0,,0.7,,,630.0,,
MIR,2024-05-28 19:00:00,19,28,5,0.043,,,,,0.756,74.0,21.0,17.0,34.0,,0.9,,,632.0,,
MIR,2024-05-28 20:00:00,20,28,5,0.039,,,,,0.516,,38.0,17.0,29.0,,0.6,,,634.0,,
MIR,2024-05-28 21:00:00,21,28,5,0.017,,,,,0.565,,42.0,17.0,20.0,,0.5,,,636.0,,
MIR,2024-05-28 22:00:00,22,28,5,0.008,,,,,0.612,73.0,31.0,17.0,19.0,,0.5,,,636.0,,
MIR,2024-05-28 23:00:00,23,28,5,0.013,,,,,0.5,30.0,23.0,17.0,19.0,,0.6,,,637.0,,
MIR,2024-05-29 00:00:00,0,29,5,0.021,,,,,0.447,54.0,24.0,17.0,19.0,,0.5,,,636.0,,
MIR,2024-05-29 01:00:00,1,29,5,0.017,,,,,0.358,38.0,25.0,17.0,19.0,,0.4,,,635.0,,
MIR,2024-05-29 02:00:00,2,29,5,0.012,,,,,0.49,33.0,17.0,17.0,18.0,,0.6,,,634.0,,
MIR,2024-05-29 03:00:00,3,29,5,0.012,,,,,0.544,35.0,23.0,17.0,18.0,,0.5,,,633.0,,
MIR,2024-05-29 04:00:00,4,29,5,0.007,,,,,0.552,34.0,25.0,17.0,17.0,,0.4,,,633.0,,
MIR,2024-05-29 05:00:00,5,29,5,0.001,,,,,0.772,45.0,25.0,17.0,18.0,,0.6,,,634.0,,
MIR,2024-05-29 06:00:00,6,29,5,0.001,,,,,0.762,65.0,30.0,17.0,18.0,,0.5,,,635.0,,
MIR,2024-05-29 07:00:00,7,29,5,0.007,,,,,0.716,76.0,38.0,17.0,20.0,,0.6,,,635.0,,
MIR,2024-05-29 08:00:00,8,29,5,0.02,,,,,0.572,67.0,33.0,17.0,23.0,,0.5,,,635.0,,
MIR,2024-05-29 09:00:00,9,29,5,0.034,,,,,0.494,55.0,28.0,17.0,26.0,,0.5,,,635.0,,
MIR,2024-05-29 10:00:00,10,29,5,0.043,,,,,0.567,39.0,24.0,17.0,28.0,,0.6,,,635.0,,
MIR,2024-05-29 11:00:00,11,29,5,0.045,,,,,0.547,45.0,20.0,17.0,30.0,,0.6,,,635.0,,
MIR,2024-05-29 12:00:00,12,29,5,0.054,,,,,0.493,38.0,15.0,17.0,32.0,,0.5,,,634.0,,
MIR,2024-05-29 13:00:00,13,29,5,0.066,,,,,0.539,38.0,20.0,17.0,33.0,,0.7,,,634.0,,
MIR,2024-05-29 14:00:00,14,29,5,0.073,,,,,0.48,41.0,18.0,,,,,,,,,
MIR,2024-05-29 15:00:00,15,29,5,0.081,,,,,0.459,40.0,18.0,,,,,,,,,
MIR,2024-05-29 16:00:00,16,29,5,0.087,,,,,0.459,34.0,14.0,,,,,,,,,
MIR,2024-05-29 17:00:00,17,29,5,0.088,,,,,0.518,41.0,17.0,,,,,,,,,
MIR,2024-05-29 18:00:00,18,29,5,0.082,,,,,0.553,50.0,17.0,,,,,,,,,
MIR,2024-05-29 19:00:00,19,29,5,0.061,,,,,0.952,53.0,19.0,,,,,,,,,
MIR,2024-05-29 20:00:00,20,29,5,0.054,,,,,0.325,64.0,21.0,,,,,,,,,
MIR,2024-05-29 21:00:00,21,29,5,0.044,,,,,0.269,60.0,8.0,,,,,,,,,
MIR,2024-05-29 22:00:00,22,29,5,0.024,,,,,0.65,61.0,26.0,,,,,,,,,
MIR,2024-05-29 23:00:00,23,29,5,0.026,,,,,0.538,83.0,31.0,,,,,,,,,
MIR,2024-05-30 00:00:00,0,30,5,0.023,,,,,0.4,65.0,34.0,,,,,,,,,
MIR,2024-05-30 01:00:00,1,30,5,0.013,,,,,0.491,67.0,27.0,,,,,,,,,
MIR,2024-05-30 02:00:00,2,30,5,0.037,,,,,0.351,88.0,37.0,,,,,,,,,
MIR,2024-05-30 03:00:00,3,30,5,0.029,,,,,0.316,64.0,10.0,,,,,,,,,
MIR,2024-05-30 04:00:00,4,30,5,0.019,,,,,0.482,28.0,12.0,,,,,,,,,
MIR,2024-05-30 05:00:00,5,30,5,0.011,,,,,0.626,38.0,10.0,,,,,,,,,
MIR,2024-05-30 06:00:00,6,30,5,0.007,,,,,0.731,49.0,14.0,,,,,,,,,
MIR,2024-05-30 07:00:00,7,30,5,0.009,,,,,0.838,86.0,20.0,,,,,,,,,
MIR,2024-05-30 08:00:00,8,30,5,0.026,,,,,0.576,73.0,20.0,,,,,,,,,
MIR,2024-05-30 09:00:00,9,30,5,0.037,,,,,0.694,71.0,29.0,,,,,,,,,
MIR,2024-05-30 10:00:00,10,30,5,0.052,,,,,0.764,99.0,38.0,,,,,,,,,
MIR,2024-05-30 11:00:00,11,30,5,0.076,,,,,0.764,114.0,45.0,,,,,,,,,
MIR,2024-05-30 12:00:00,12,30,5,0.139,,,,,0.782,,,,,,,,,,,
MIR,2024-05-30 13:00:00,13,30,5,0.122,,,,,0.325,,30.0,,,,,,,,,
MIR,2024-05-30 14:00:00,14,30,5,0.095,,,,,0.471,68.0,32.0,,,,,,,,,
MIR,2024-05-30 15:00:00,15,30,5,0.082,,,,,0.486,52.0,23.0,,,,,,,,,
MIR,2024-05-30 16:00:00,16,30,5,0.077,,,,,0.378,41.0,15.0,,,,,,,,,
MIR,2024-05-30 17:00:00,17,30,5,0.072,,,,,0.416,45.0,18.0,,,,,,,,,
MIR,2024-05-30 18:00:00,18,30,5,0.072,,,,,0.602,42.0,16.0,,,,,,,,,
MIR,2024-05-30 19:00:00,19,30,5,0.058,,,,,0.672,73.0,38.0,,,,,,,,,
MIR,2024-05-30 20:00:00,20,30,5,0.044,,,,,0.439,85.0,33.0,,,,,,,,,
MIR,2024-05-30 21:00:00,21,30,5,0.035,,,,,0.421,89.0,35.0,,,,,,,,,
MIR,2024-05-30 22:00:00,22,30,5,0.026,,,,,0.595,63.0,27.0,,,,,,,,,
MIR,2024-05-30 23:00:00,23,30,5,0.031,,,,,0.455,64.0,28.0,,,,,,,,,
MIR,2024-05-31 00:00:00,0,31,5,0.033,,,,,0.403,47.0,25.0,,,,,,,,,
MIR,2024-05-31 01:00:00,1,31,5,0.037,,,,,0.299,49.0,21.0,,,,,,,,,
MIR,2024-05-31 02:00:00,2,31,5,0.034,,,,,0.498,40.0,19.0,,,,,,,,,
MIR,2024-05-31 03:00:00,3,31,5,0.024,,,,,0.513,32.0,21.0,,,,,,,,,
MIR,2024-05-31 04:00:00,4,31,5,0.005,,,,,0.591,41.0,20.0,,,,,,,,,
MIR,2024-05-31 05:00:00,5,31,5,0.001,,,,,0.574,66.0,30.0,,,,,,,,,
MIR,2024-05-31 06:00:00,6,31,5,0.001,,,,,0.901,65.0,25.0,,,,,,,,,
MIR,2024-05-31 07:00:00,7,31,5,0.006,,,,,1.182,92.0,26.0,,,,,,,,,
MIR,2024-05-31 08:00:00,8,31,5,0.027,,,,,0.593,,,,,,,,,,,
MIR,2024-05-31 09:00:00,9,31,5,0.038,,,,,0.623,74.0,33.0,,,,,,,,,
MIR,2024-05-31 10:00:00,10,31,5,0.059,,,,,0.701,74.0,36.0,,,,,,,,,
MIR,2024-05-31 11:00:00,11,31,5,0.088,,,,,0.693,86.0,43.0,,,,,,,,,
MIR,2024-05-31 12:00:00,12,31,5,0.095,,,,,0.603,91.0,40.0,,,,,,,,,
MIR,2024-05-31 13:00:00,13,31,5,0.092,,,,,0.415,110.0,38.0,,,,,,,,,
MIR,2024-05-31 14:00:00,14,31,5,0.092,,,,,0.434,84.0,25.0,,,,,,,,,
MIR,2024-05-31 15:00:00,15,31,5,0.105,,,,,0.451,59.0,18.0,,,,,,,,,
MIR,2024-05-31 16:00:00,16,31,5,0.115,,,,,0.487,57.0,19.0,,,,,,,,,
MIR,2024-05-31 17:00:00,17,31,5,0.091,,,,,0.439,61.0,18.0,,,,,,,,,
MIR,2024-05-31 18:00:00,18,31,5,0.074,,,,,0.486,60.0,21.0,,,,,,,,,
MIR,2024-05-31 19:00:00,19,31,5,0.063,,,,,0.638,47.0,17.0,,,,,,,,,
MIR,2024-05-31 20:00:00,20,31,5,0.047,,,,,0.632,98.0,34.0,,,,,,,,,
MIR,2024-05-31 21:00:00,21,31,5,0.04,,,,,0.486,84.0,39.0,,,,,,,,,
MIR,2024-05-31 22:00:00,22,31,5,0.034,,,,,0.593,82.0,33.0,,,,,,,,,
MIR,2024-05-31 23:00:00,23,31,5,0.034,,,,,0.552,66.0,23.0,,,,,,,,,
MIR,2024-06-01 00:00:00,0,1,6,0.042,,,,,0.407,65.0,28.0,,,,,,,,,
MIR,2024-06-01 01:00:00,1,1,6,0.043,,,,,0.449,52.0,25.0,,,,,,,,,
MIR,2024-06-01 02:00:00,2,1,6,0.024,,,,,0.493,49.0,26.0,,,,,,,,,
MIR,2024-06-01 03:00:00,3,1,6,0.035,,,,,0.353,58.0,31.0,,,,,,,,,
MIR,2024-06-01 04:00:00,4,1,6,0.044,,,,,0.31,52.0,23.0,,,,,,,,,
MIR,2024-06-01 05:00:00,5,1,6,0.019,,,,,0.531,35.0,21.0,,,,,,,,,
MIR,2024-06-01 06:00:00,6,1,6,0.001,,,,,1.349,44.0,20.0,,,,,,,,,
MIR,2024-06-01 07:00:00,7,1,6,0.003,,,,,1.551,117.0,48.0,,,,,,,,,
MIR,2024-06-01 08:00:00,8,1,6,0.019,,,,,0.483,134.0,49.0,,,,,,,,,
MIR,2024-06-01 09:00:00,9,1,6,0.039,,,,,0.487,80.0,35.0,,,,,,,,,
MIR,2024-06-01 10:00:00,10,1,6,0.06,,,,,0.563,114.0,49.0,,,,,,,,,
MIR,2024-06-01 11:00:00,11,1,6,0.078,,,,,0.365,102.0,41.0,,,,,,,,,
MIR,2024-06-01 12:00:00,12,1,6,0.081,,,,,0.525,72.0,32.0,,,,,,,,,
MIR,2024-06-01 13:00:00,13,1,6,0.089,,,,,0.544,65.0,28.0,,,,,,,,,
MIR,2024-06-01 14:00:00,14,1,6,0.105,,,,,0.514,62.0,30.0,,,,,,,,,
MIR,2024-06-01 15:00:00,15,1,6,0.107,,,,,0.614,63.0,25.0,,,,,,,,,
MIR,2024-06-01 16:00:00,16,1,6,0.083,,,,,0.436,60.0,25.0,,,,,,,,,
MIR,2024-06-01 17:00:00,17,1,6,0.061,,,,,0.497,65.0,17.0,,,,,,,,,
MIR,2024-06-01 18:00:00,18,1,6,0.058,,,,,0.51,94.0,32.0,,,,,,,,,
MIR,2024-06-01 19:00:00,19,1,6,0.053,,,,,0.542,69.0,27.0,,,,,,,,,
MIR,2024-06-01 20:00:00,20,1,6,0.047,,,,,0.446,94.0,31.0,,,,,,,,,
MIR,2024-06-01 21:00:00,21,1,6,0.046,,,,,0.356,82.0,28.0,,,,,,,,,
MIR,2024-06-01 22:00:00,22,1,6,0.042,,,,,0.532,75.0,32.0,,,,,,,,,
MIR,2024-06-01 23:00:00,23,1,6,0.043,,,,,0.455,67.0,25.0,,,,,,,,,
MIR,2024-06-02 00:00:00,0,2,6,0.018,,,,,0.653,52.0,21.0,,,,,,,,,
MIR,2024-06-02 01:00:00,1,2,6,0.019,,,,,0.484,70.0,26.0,,,,,,,,,
MIR,2024-06-02 02:00:00,2,2,6,0.018,,,,,0.568,66.0,29.0,,,,,,,,,
MIR,2024-06-02 03:00:00,3,2,6,0.018,,,,,0.52,71.0,36.0,,,,,,,,,
MIR,2024-06-02 04:00:00,4,2,6,0.018,,,,,0.508,60.0,26.0,,,,,,,,,
MIR,2024-06-02 05:00:00,5,2,6,0.009,,,,,0.771,64.0,26.0,,,,,,,,,
MIR,2024-06-02 06:00:00,6,2,6,0.001,,,,,1.042,84.0,39.0,,,,,,,,,
MIR,2024-06-02 07:00:00,7,2,6,0.007,,,,,0.786,129.0,58.0,,,,,,,,,
MIR,2024-06-02 08:00:00,8,2,6,0.034,,,,,0.416,114.0,40.0,,,,,,,,,
MIR,2024-06-02 09:00:00,9,2,6,0.045,,,,,0.309,77.0,29.0,,,,,,,,,
MIR,2024-06-02 10:00:00,10,2,6,0.06,,,,,0.513,72.0,26.0,,,,,,,,,
MIR,2024-06-02 11:00:00,11,2,6,0.063,,,,,0.48,59.0,22.0,,,,,,,,,
MIR,2024-06-02 12:00:00,12,2,6,0.069,,,,,0.522,49.0,29.0,,,,,,,,,
MIR,2024-06-02 13:00:00,13,2,6,0.08,,,,,0.518,52.0,26.0,,,,,,,,,
MIR,2024-06-02 14:00:00,14,2,6,0.084,,,,,0.588,52.0,21.0,,,,,,,,,
MIR,2024-06-02 15:00:00,15,2,6,0.077,,,,,0.617,53.0,23.0,,,,,,,,,
MIR,2024-06-02 16:00:00,16,2,6,0.072,,,,,0.432,47.0,22.0,,,,,,,,,
MIR,2024-06-02 17:00:00,17,2,6,0.067,,,,,0.417,38.0,14.0,,,,,,,,,
MIR,2024-06-02 18:00:00,18,2,6,0.066,,,,,0.374,44.0,12.0,,,,,,,,,
MIR,2024-06-02 19:00:00,19,2,6,0.065,,,,,0.325,56.0,24.0,,,,,,,,,
MIR,2024-06-02 20:00:00,20,2,6,0.053,,,,,0.579,60.0,29.0,17.0,31.0,35.0,0.6,51.0,,631.0,,
MIR,2024-06-02 21:00:00,21,2,6,0.044,,,,,0.597,,36.0,17.0,30.0,35.0,0.7,58.0,,632.0,,
MIR,2024-06-02 22:00:00,22,2,6,0.039,,,,,0.488,,31.0,17.0,28.0,35.0,0.7,42.0,,632.0,,
MIR,2024-06-02 23:00:00,23,2,6,0.031,,,,,0.612,,22.0,17.0,27.0,35.0,0.4,54.0,,633.0,,
MIR,2024-06-03 00:00:00,0,3,6,0.025,,,,,0.527,52.0,23.0,17.0,26.0,36.0,0.4,37.0,,633.0,,
MIR,2024-06-03 01:00:00,1,3,6,0.013,,,,,0.612,55.0,20.0,17.0,26.0,36.0,0.5,51.0,,632.0,,
MIR,2024-06-03 02:00:00,2,3,6,0.021,,,,,0.387,74.0,29.0,17.0,25.0,36.0,0.6,44.0,,632.0,,
MIR,2024-06-03 03:00:00,3,3,6,0.013,,,,,0.374,56.0,18.0,17.0,24.0,36.0,0.5,40.0,,632.0,,
MIR,2024-06-03 04:00:00,4,3,6,0.011,,,,,0.572,50.0,26.0,17.0,22.0,36.0,0.5,41.0,,632.0,,
MIR,2024-06-03 05:00:00,5,3,6,0.001,,,,,1.042,56.0,32.0,17.0,22.0,36.0,0.4,55.0,,632.0,,
MIR,2024-06-03 06:00:00,6,3,6,0.001,,,,,1.403,85.0,35.0,17.0,21.0,36.0,0.4,52.0,,632.0,,
MIR,2024-06-03 07:00:00,7,3,6,0.009,,,,,0.664,,45.0,17.0,24.0,36.0,0.5,35.0,,632.0,,
MIR,2024-06-03 08:00:00,8,3,6,0.02,,,,,0.673,65.0,28.0,17.0,28.0,35.0,0.5,43.0,,632.0,,
MIR,2024-06-03 09:00:00,9,3,6,0.039,,,,,0.694,82.0,32.0,17.0,30.0,35.0,0.5,35.0,,632.0,,
MIR,2024-06-03 10:00:00,10,3,6,0.063,,,,,0.594,73.0,35.0,17.0,32.0,35.0,0.6,216.0,,632.0,,
MIR,2024-06-03 11:00:00,11,3,6,0.083,,,,,0.419,74.0,26.0,17.0,34.0,35.0,0.7,215.0,,632.0,,
MIR,2024-06-03 12:00:00,12,3,6,0.088,,,,,0.335,60.0,22.0,18.0,37.0,34.0,0.6,212.0,,631.0,,
MIR,2024-06-03 13:00:00,13,3,6,0.07,,,,,0.229,47.0,17.0,18.0,39.0,34.0,0.8,210.0,,630.0,,
MIR,2024-06-03 14:00:00,14,3,6,0.071,,,,,0.217,102.0,15.0,18.0,39.0,34.0,0.8,4.0,,630.0,,
MIR,2024-06-03 15:00:00,15,3,6,0.071,,,,,0.314,37.0,10.0,18.0,39.0,34.0,0.8,212.0,,629.0,,
MIR,2024-06-03 16:00:00,16,3,6,0.07,,,,,0.604,35.0,10.0,18.0,39.0,34.0,0.8,157.0,,629.0,,
MIR,2024-06-03 17:00:00,17,3,6,0.074,,,,,0.528,,10.0,18.0,38.0,34.0,0.9,211.0,,628.0,,
MIR,2024-06-03 18:00:00,18,3,6,0.068,,,,,0.581,53.0,15.0,18.0,36.0,34.0,0.7,210.0,,629.0,,
MIR,2024-06-03 19:00:00,19,3,6,0.056,,,,,0.65,55.0,16.0,18.0,34.0,35.0,0.8,45.0,,629.0,,
MIR,2024-06-03 20:00:00,20,3,6,0.048,,,,,0.577,71.0,28.0,17.0,31.0,35.0,1.0,24.0,,629.0,,
MIR,2024-06-03 21:00:00,21,3,6,0.042,,,,,0.494,77.0,28.0,17.0,29.0,35.0,0.8,34.0,,630.0,,
MIR,2024-06-03 22:00:00,22,3,6,0.036,,,,,0.559,76.0,24.0,17.0,27.0,35.0,0.5,54.0,,630.0,,
MIR,2024-06-03 23:00:00,23,3,6,0.037,,,,,0.535,59.0,23.0,17.0,26.0,36.0,0.7,64.0,,631.0,,
MIR,2024-06-04 00:00:00,0,4,6,0.041,,,,,0.359,56.0,20.0,17.0,25.0,36.0,0.8,45.0,,631.0,,
MIR,2024-06-04 01:00:00,1,4,6,0.042,,,,,0.417,45.0,20.0,17.0,24.0,36.0,0.8,45.0,,631.0,,
MIR,2024-06-04 02:00:00,2,4,6,0.043,,,,,0.385,36.0,19.0,17.0,22.0,36.0,0.6,48.0,,631.0,,
MIR,2024-06-04 03:00:00,3,4,6,0.041,,,,,0.317,46.0,16.0,17.0,21.0,36.0,0.7,51.0,,631.0,,
MIR,2024-06-04 04:00:00,4,4,6,0.043,,,,,0.46,40.0,23.0,17.0,21.0,36.0,0.5,187.0,,631.0,,
MIR,2024-06-04 05:00:00,5,4,6,0.042,,,,,0.489,38.0,20.0,17.0,21.0,36.0,0.6,232.0,,631.0,,
MIR,2024-06-04 06:00:00,6,4,6,0.024,,,,,0.803,41.0,17.0,17.0,21.0,36.0,0.5,251.0,,632.0,,
MIR,2024-06-04 07:00:00,7,4,6,0.012,,,,,1.132,90.0,23.0,17.0,22.0,36.0,0.5,221.0,,632.0,,
MIR,2024-06-04 08:00:00,8,4,6,0.032,,,,,0.827,69.0,22.0,17.0,26.0,36.0,0.5,263.0,,632.0,,
MIR,2024-06-04 09:00:00,9,4,6,0.049,,,,,0.588,63.0,23.0,17.0,29.0,35.0,0.5,216.0,,632.0,,
MIR,2024-06-04 10:00:00,10,4,6,0.065,,,,,0.467,101.0,22.0,17.0,31.0,35.0,0.5,213.0,,632.0,,
MIR,2024-06-04 11:00:00,11,4,6,0.078,,,,,0.463,75.0,25.0,17.0,34.0,35.0,0.6,217.0,,631.0,,
MIR,2024-06-04 12:00:00,12,4,6,0.085,,,,,0.431,59.0,20.0,17.0,37.0,34.0,0.5,215.0,,631.0,,
MIR,2024-06-04 13:00:00,13,4,6,0.065,,,,,0.411,42.0,12.0,18.0,38.0,34.0,0.5,212.0,,630.0,,
MIR,2024-06-04 14:00:00,14,4,6,0.068,,,,,0.383,27.0,7.0,18.0,38.0,34.0,0.9,205.0,,630.0,,
MIR,2024-06-04 15:00:00,15,4,6,0.067,,,,,0.359,36.0,10.0,18.0,39.0,34.0,0.6,22.0,,629.0,,
MIR,2024-06-04 16:00:00,16,4,6,0.065,,,,,0.398,26.0,7.0,18.0,39.0,34.0,0.5,123.0,,629.0,,
MIR,2024-06-04 17:00:00,17,4,6,0.062,,,,,0.432,22.0,6.0,18.0,38.0,34.0,0.8,210.0,,628.0,,
MIR,2024-06-04 18:00:00,18,4,6,0.065,,,,,0.488,24.0,8.0,18.0,36.0,34.0,0.9,40.0,,628.0,,
MIR,2024-06-04 19:00:00,19,4,6,0.06,,,,,0.541,37.0,11.0,18.0,33.0,35.0,0.7,51.0,,629.0,,
MIR,2024-06-04 20:00:00,20,4,6,0.053,,,,,0.526,43.0,19.0,17.0,31.0,35.0,1.0,45.0,,629.0,,
MIR,2024-06-04 21:00:00,21,4,6,0.042,,,,,0.567,56.0,20.0,17.0,29.0,35.0,0.8,28.0,,630.0,,
MIR,2024-06-04 22:00:00,22,4,6,0.043,,,,,0.411,71.0,25.0,17.0,27.0,35.0,0.7,51.0,,631.0,,
MIR,2024-06-04 23:00:00,23,4,6,0.04,,,,,0.306,58.0,31.0,17.0,27.0,36.0,0.5,40.0,,631.0,,
MIR,2024-06-05 00:00:00,0,5,6,0.037,,,,,0.38,35.0,25.0,17.0,25.0,36.0,0.5,52.0,,631.0,,
MIR,2024-06-05 01:00:00,1,5,6,0.04,,,,,0.294,38.0,18.0,17.0,24.0,36.0,0.5,290.0,,631.0,,
MIR,2024-06-05 02:00:00,2,5,6,0.035,,,,,0.396,25.0,19.0,17.0,23.0,36.0,0.4,303.0,,630.0,,
MIR,2024-06-05 03:00:00,3,5,6,0.017,,,,,0.563,29.0,20.0,17.0,21.0,36.0,0.6,200.0,,630.0,,
MIR,2024-06-05 04:00:00,4,5,6,0.003,,,,,0.616,71.0,28.0,17.0,20.0,37.0,0.6,347.0,,630.0,,
MIR,2024-06-05 05:00:00,5,5,6,0.005,,,,,0.713,77.0,32.0,17.0,20.0,37.0,0.5,252.0,,631.0,,
MIR,2024-06-05 06:00:00,6,5,6,0.006,,,,,0.978,70.0,29.0,17.0,19.0,37.0,0.6,323.0,,631.0,,
MIR,2024-06-05 07:00:00,7,5,6,0.011,,,,,1.082,76.0,27.0,17.0,22.0,36.0,0.5,222.0,,631.0,,
MIR,2024-06-05 08:00:00,8,5,6,0.016,,,,,0.874,70.0,28.0,17.0,26.0,36.0,0.6,235.0,,631.0,,
MIR,2024-06-05 09:00:00,9,5,6,0.034,,,,,0.464,147.0,42.0,17.0,27.0,36.0,0.7,219.0,,632.0,,
MIR,2024-06-05 10:00:00,10,5,6,0.069,,,,,0.535,98.0,23.0,,,,,,,,,
MIR,2024-06-05 11:00:00,11,5,6,0.077,,,,,0.239,72.0,29.0,,,,,,,,,
MIR,2024-06-05 12:00:00,12,5,6,0.086,,,,,0.401,41.0,9.0,,,,,,,,,
MIR,2024-06-05 13:00:00,13,5,6,0.093,,,,,0.379,35.0,16.0,,,,,,,,,
MIR,2024-06-05 14:00:00,14,5,6,0.1,,,,,0.376,32.0,8.0,,,,,,,,,
MIR,2024-06-05 15:00:00,15,5,6,0.105,,,,,0.388,28.0,9.0,,,,,,,,,
MIR,2024-06-05 16:00:00,16,5,6,0.096,,,,,0.447,28.0,10.0,,,,,,,,,
MIR,2024-06-05 17:00:00,17,5,6,0.083,,,,,0.404,25.0,8.0,,,,,,,,,
MIR,2024-06-05 18:00:00,18,5,6,0.063,,,,,0.422,27.0,7.0,,,,,,,,,
MIR,2024-06-05 19:00:00,19,5,6,0.046,,,,,0.653,33.0,7.0,,,,,,,,,
MIR,2024-06-05 20:00:00,20,5,6,0.052,,,,,0.621,42.0,17.0,,,,,,,,,
MIR,2024-06-05 21:00:00,21,5,6,0.043,,,,,0.616,73.0,34.0,,,,,,,,,
MIR,2024-06-05 22:00:00,22,5,6,0.033,,,,,0.584,83.0,35.0,,,,,,,,,
MIR,2024-06-05 23:00:00,23,5,6,0.03,,,,,0.502,78.0,33.0,,,,,,,,,
MIR,2024-06-06 00:00:00,0,6,6,0.011,,,,,0.604,56.0,26.0,,,,,,,,,
MIR,2024-06-06 01:00:00,1,6,6,0.001,,,,,0.646,121.0,39.0,,,,,,,,,
MIR,2024-06-06 02:00:00,2,6,6,0.004,,,,,0.519,133.0,50.0,,,,,,,,,
MIR,2024-06-06 03:00:00,3,6,6,0.012,,,,,0.436,99.0,45.0,,,,,,,,,
MIR,2024-06-06 04:00:00,4,6,6,0.006,,,,,0.529,84.0,35.0,,,,,,,,,
MIR,2024-06-06 05:00:00,5,6,6,0.003,,,,,1.038,95.0,40.0,,,,,,,,,
MIR,2024-06-06 06:00:00,6,6,6,0.0,,,,,0.921,118.0,52.0,,,,,,,,,
MIR,2024-06-06 07:00:00,7,6,6,0.004,,,,,0.744,126.0,48.0,,,,,,,,,
MIR,2024-06-06 08:00:00,8,6,6,0.021,,,,,0.652,101.0,40.0,,,,,,,,,
MIR,2024-06-06 09:00:00,9,6,6,0.044,,,,,0.71,96.0,40.0,,,,,,,,,
MIR,2024-06-06 10:00:00,10,6,6,0.065,,,,,0.45,102.0,38.0,,,,,,,,,
MIR,2024-06-06 11:00:00,11,6,6,0.083,,,,,0.388,90.0,31.0,,,,,,,,,
MIR,2024-06-06 12:00:00,12,6,6,0.093,,,,,0.667,83.0,25.0,,,,,,,,,
MIR,2024-06-06 13:00:00,13,6,6,0.095,,,,,0.607,82.0,26.0,,,,,,,,,
MIR,2024-06-06 14:00:00,14,6,6,0.099,,,,,0.403,66.0,19.0,,,,,,,,,
MIR,2024-06-06 15:00:00,15,6,6,0.1,,,,,0.352,67.0,23.0,,,,,,,,,
MIR,2024-06-06 16:00:00,16,6,6,0.104,,,,,0.457,49.0,17.0,,,,,,,,,
MIR,2024-06-06 17:00:00,17,6,6,0.101,,,,,0.503,52.0,17.0,,,,,,,,,
MIR,2024-06-06 18:00:00,18,6,6,0.054,,,,,0.586,50.0,19.0,,,,,,,,,
MIR,2024-06-06 19:00:00,19,6,6,0.042,,,,,0.862,82.0,23.0,,,,,,,,,
MIR,2024-06-06 20:00:00,20,6,6,0.048,,,,,0.569,76.0,26.0,,,,,,,,,
MIR,2024-06-06 21:00:00,21,6,6,0.049,,,,,0.444,138.0,35.0,,,,,,,,,
MIR,2024-06-06 22:00:00,22,6,6,0.032,,,,,0.693,91.0,31.0,,,,,,,,,
MIR,2024-06-06 23:00:00,23,6,6,0.038,,,,,0.58,107.0,37.0,,,,,,,,,
MIR,2024-06-07 00:00:00,0,7,6,0.034,,,,,0.569,86.0,38.0,,,,,,,,,
MIR,2024-06-07 01:00:00,1,7,6,0.029,,,,,0.572,73.0,47.0,,,,,,,,,
MIR,2024-06-07 02:00:00,2,7,6,0.015,,,,,0.641,77.0,50.0,,,,,,,,,
MIR,2024-06-07 03:00:00,3,7,6,0.01,,,,,0.662,93.0,49.0,,,,,,,,,
MIR,2024-06-07 04:00:00,4,7,6,0.005,,,,,0.433,94.0,51.0,,,,,,,,,
MIR,2024-06-07 05:00:00,5,7,6,0.001,,,,,0.541,95.0,55.0,,,,,,,,,
MIR,2024-06-07 06:00:00,6,7,6,0.001,,,,,0.964,109.0,62.0,,,,,,,,,
MIR,2024-06-07 07:00:00,7,7,6,0.005,,,,,1.036,129.0,70.0,,,,,,,,,
MIR,2024-06-07 08:00:00,8,7,6,0.02,,,,,0.667,111.0,59.0,,,,,,,,,
MIR,2024-06-07 09:00:00,9,7,6,0.033,,,,,0.492,103.0,51.0,,,,,,,,,
MIR,2024-06-07 10:00:00,10,7,6,0.054,,,,,0.492,108.0,51.0,,,,,,,,,
MIR,2024-06-07 11:00:00,11,7,6,0.07,,,,,0.408,87.0,37.0,,,,,,,,,
MIR,2024-06-07 12:00:00,12,7,6,0.077,,,,,0.448,85.0,37.0,,,,,,,,,
MIR,2024-06-07 13:00:00,13,7,6,0.086,,,,,0.449,73.0,28.0,,,,,,,,,
MIR,2024-06-07 14:00:00,14,7,6,0.089,,,,,0.538,75.0,36.0,,,,,,,,,
MIR,2024-06-07 15:00:00,15,7,6,0.074,,,,,0.559,66.0,21.0,,,,,,,,,
MIR,2024-06-07 16:00:00,16,7,6,0.062,,,,,0.472,138.0,31.0,,,,,,,,,
MIR,2024-06-07 17:00:00,17,7,6,0.046,,,,,0.51,97.0,22.0,,,,,,,,,
MIR,2024-06-07 18:00:00,18,7,6,0.04,,,,,0.531,138.0,25.0,,,,,,,,,
MIR,2024-06-07 19:00:00,19,7,6,0.041,,,,,0.53,61.0,22.0,,,,,,,,,
MIR,2024-06-07 20:00:00,20,7,6,0.038,,,,,0.658,49.0,24.0,,,,,,,,,
MIR,2024-06-07 21:00:00,21,7,6,0.038,,,,,0.531,56.0,19.0,,,,,,,,,
MIR,2024-06-07 22:00:00,22,7,6,0.044,,,,,0.31,29.0,16.0,,,,,,,,,
MIR,2024-06-07 23:00:00,23,7,6,0.024,,,,,0.604,23.0,18.0,,,,,,,,,
MIR,2024-06-08 00:00:00,0,8,6,0.018,,,,,0.448,40.0,20.0,,,,,,,,,
MIR,2024-06-08 01:00:00,1,8,6,0.018,,,,,0.514,45.0,23.0,,,,,,,,,
MIR,2024-06-08 02:00:00,2,8,6,0.017,,,,,0.455,44.0,31.0,,,,,,,,,
MIR,2024-06-08 03:00:00,3,8,6,0.017,,,,,0.332,47.0,21.0,,,,,,,,,
MIR,2024-06-08 04:00:00,4,8,6,0.004,,,,,0.661,41.0,23.0,,,,,,,,,
MIR,2024-06-08 05:00:00,5,8,6,0.002,,,,,0.816,84.0,44.0,,,,,,,,,
MIR,2024-06-08 06:00:00,6,8,6,0.0,,,,,0.997,82.0,58.0,,,,,,,,,
MIR,2024-06-08 07:00:00,7,8,6,0.003,,,,,1.477,111.0,57.0,,,,,,,,,
MIR,2024-06-08 08:00:00,8,8,6,0.016,,,,,0.8,124.0,61.0,,,,,,,,,
MIR,2024-06-08 09:00:00,9,8,6,0.046,,,,,0.164,97.0,54.0,,,,,,,,,
MIR,2024-06-08 10:00:00,10,8,6,0.046,,,,,0.498,46.0,26.0,,,,,,,,,
MIR,2024-06-08 11:00:00,11,8,6,0.064,,,,,0.374,57.0,26.0,,,,,,,,,
MIR,2024-06-08 12:00:00,12,8,6,0.079,,,,,0.333,49.0,21.0,,,,,,,,,
MIR,2024-06-08 13:00:00,13,8,6,0.102,,,,,0.344,61.0,25.0,,,,,,,,,
MIR,2024-06-08 14:00:00,14,8,6,0.107,,,,,0.496,52.0,29.0,,,,,,,,,
MIR,2024-06-08 15:00:00,15,8,6,0.103,,,,,0.55,42.0,26.0,,,,,,,,,
MIR,2024-06-08 16:00:00,16,8,6,0.093,,,,,0.501,46.0,28.0,,,,,,,,,
MIR,2024-06-08 17:00:00,17,8,6,0.081,,,,,0.491,39.0,22.0,,,,,,,,,
MIR,2024-06-08 18:00:00,18,8,6,0.07,,,,,0.472,33.0,17.0,,,,,,,,,
MIR,2024-06-08 19:00:00,19,8,6,0.044,,,,,0.601,52.0,21.0,,,,,,,,,
MIR,2024-06-08 20:00:00,20,8,6,0.02,,,,,0.728,50.0,14.0,,,,,,,,,
MIR,2024-06-08 21:00:00,21,8,6,0.021,,,,,0.967,40.0,19.0,,,,,,,,,
MIR,2024-06-08 22:00:00,22,8,6,0.033,,,,,0.442,43.0,18.0,,,,,,,,,
MIR,2024-06-08 23:00:00,23,8,6,0.029,,,,,0.377,48.0,14.0,,,,,,,,,
MIR,2024-06-09 00:00:00,0,9,6,0.029,,,,,0.495,51.0,24.0,,,,,,,,,
MIR,2024-06-09 01:00:00,1,9,6,0.032,,,,,0.429,47.0,32.0,,,,,,,,,
MIR,2024-06-09 02:00:00,2,9,6,0.034,,,,,0.444,39.0,20.0,,,,,,,,,
MIR,2024-06-09 03:00:00,3,9,6,0.031,,,,,0.448,36.0,20.0,,,,,,,,,
MIR,2024-06-09 04:00:00,4,9,6,0.031,,,,,0.451,33.0,24.0,,,,,,,,,
MIR,2024-06-09 05:00:00,5,9,6,0.025,,,,,0.496,35.0,20.0,,,,,,,,,
MIR,2024-06-09 06:00:00,6,9,6,0.021,,,,,0.506,33.0,23.0,,,,,,,,,
MIR,2024-06-09 07:00:00,7,9,6,0.021,,,,,0.613,33.0,23.0,,,,,,,,,
MIR,2024-06-09 08:00:00,8,9,6,0.035,,,,,0.383,64.0,25.0,,,,,,,,,
MIR,2024-06-09 09:00:00,9,9,6,0.046,,,,,0.358,43.0,19.0,,,,,,,,,
MIR,2024-06-09 10:00:00,10,9,6,0.054,,,,,0.378,43.0,19.0,,,,,,,,,
MIR,2024-06-09 11:00:00,11,9,6,0.06,,,,,0.382,41.0,28.0,,,,,,,,,
MIR,2024-06-09 12:00:00,12,9,6,0.066,,,,,0.362,33.0,14.0,,,,,,,,,
MIR,2024-06-09 13:00:00,13,9,6,0.067,,,,,0.339,32.0,16.0,,,,,,,,,
MIR,2024-06-09 14:00:00,14,9,6,0.067,,,,,0.419,30.0,13.0,,,,,,,,,
MIR,2024-06-09 15:00:00,15,9,6,0.069,,,,,0.429,29.0,16.0,,,,,,,,,
MIR,2024-06-09 16:00:00,16,9,6,0.067,,,,,0.448,31.0,14.0,,,,,,,,,
MIR,2024-06-09 17:00:00,17,9,6,0.067,,,,,0.443,33.0,20.0,,,,,,,,,
MIR,2024-06-09 18:00:00,18,9,6,0.064,,,,,0.437,25.0,14.0,,,,,,,,,
MIR,2024-06-09 19:00:00,19,9,6,0.054,,,,,0.467,33.0,15.0,,,,,,,,,
MIR,2024-06-09 20:00:00,20,9,6,0.038,,,,,0.48,48.0,19.0,,,,,,,,,
MIR,2024-06-09 21:00:00,21,9,6,0.028,,,,,0.531,49.0,16.0,,,,,,,,,
MIR,2024-06-09 22:00:00,22,9,6,0.03,,,,,0.44,52.0,13.0,,,,,,,,,
MIR,2024-06-09 23:00:00,23,9,6,0.033,,,,,0.356,46.0,19.0,,,,,,,,,
MIR,2024-06-10 00:00:00,0,10,6,0.035,,,,,0.426,39.0,20.0,,,,,,,,,
MIR,2024-06-10 01:00:00,1,10,6,0.032,,,,,0.404,33.0,18.0,,,,,,,,,
MIR,2024-06-10 02:00:00,2,10,6,0.025,,,,,0.418,30.0,16.0,,,,,,,,,
MIR,2024-06-10 03:00:00,3,10,6,0.016,,,,,0.454,32.0,15.0,,,,,,,,,
MIR,2024-06-10 04:00:00,4,10,6,0.029,,,,,0.4,39.0,14.0,,,,,,,,,
MIR,2024-06-10 05:00:00,5,10,6,0.031,,,,,0.474,31.0,14.0,,,,,,,,,
MIR,2024-06-10 06:00:00,6,10,6,0.014,,,,,0.711,46.0,19.0,,,,,,,,,
MIR,2024-06-10 07:00:00,7,10,6,0.007,,,,,0.931,89.0,17.0,,,,,,,,,
MIR,2024-06-10 08:00:00,8,10,6,0.023,,,,,0.557,96.0,26.0,,,,,,,,,
MIR,2024-06-10 09:00:00,9,10,6,0.035,,,,,0.487,62.0,18.0,,,,,,,,,
MIR,2024-06-10 10:00:00,10,10,6,0.049,,,,,0.448,63.0,25.0,,,,,,,,,
MIR,2024-06-10 11:00:00,11,10,6,0.067,,,,,0.404,60.0,26.0,,,,,,,,,
MIR,2024-06-10 12:00:00,12,10,6,0.077,,,,,0.409,39.0,18.0,,,,,,,,,
MIR,2024-06-10 13:00:00,13,10,6,0.084,,,,,0.415,18.0,8.0,,,,,,,,,
MIR,2024-06-10 14:00:00,14,10,6,0.088,,,,,0.49,28.0,8.0,,,,,,,,,
MIR,2024-06-10 15:00:00,15,10,6,0.096,,,,,0.537,32.0,15.0,,,,,,,,,
MIR,2024-06-10 16:00:00,16,10,6,0.1,,,,,0.461,35.0,17.0,,,,,,,,,
MIR,2024-06-10 17:00:00,17,10,6,0.099,,,,,0.428,36.0,19.0,,,,,,,,,
MIR,2024-06-10 18:00:00,18,10,6,0.066,,,,,0.582,49.0,16.0,,,,,,,,,
MIR,2024-06-10 19:00:00,19,10,6,0.043,,,,,0.645,67.0,22.0,,,,,,,,,
MIR,2024-06-10 20:00:00,20,10,6,0.04,,,,,0.573,119.0,34.0,,,,,,,,,
MIR,2024-06-10 21:00:00,21,10,6,0.038,,,,,0.444,85.0,27.0,,,,,,,,,
MIR,2024-06-10 22:00:00,22,10,6,0.032,,,,,0.556,66.0,14.0,,,,,,,,,
MIR,2024-06-10 23:00:00,23,10,6,0.035,,,,,0.377,78.0,23.0,,,,,,,,,
MIR,2024-06-11 00:00:00,0,11,6,0.033,,,,,0.382,52.0,17.0,,,,,,,,,
MIR,2024-06-11 01:00:00,1,11,6,0.029,,,,,0.463,48.0,24.0,,,,,,,,,
MIR,2024-06-11 02:00:00,2,11,6,0.028,,,,,0.444,36.0,16.0,,,,,,,,,
MIR,2024-06-11 03:00:00,3,11,6,0.019,,,,,0.485,37.0,17.0,,,,,,,,,
MIR,2024-06-11 04:00:00,4,11,6,0.025,,,,,0.537,49.0,25.0,,,,,,,,,
MIR,2024-06-11 05:00:00,5,11,6,0.025,,,,,0.489,35.0,16.0,,,,,,,,,
MIR,2024-06-11 06:00:00,6,11,6,0.019,,,,,0.469,54.0,16.0,,,,,,,,,
MIR,2024-06-11 07:00:00,7,11,6,0.019,,,,,0.522,54.0,17.0,,,,,,,,,
MIR,2024-06-11 08:00:00,8,11,6,0.021,,,,,0.542,56.0,19.0,,,,,,,,,
MIR,2024-06-11 09:00:00,9,11,6,0.024,,,,,0.47,56.0,25.0,,,,,,,,,
MIR,2024-06-11 10:00:00,10,11,6,0.029,,,,,0.609,65.0,22.0,,,,,,,,,
MIR,2024-06-11 11:00:00,11,11,6,0.045,,,,,0.606,65.0,25.0,,,,,,,,,
MIR,2024-06-11 12:00:00,12,11,6,0.06,,,,,0.642,67.0,14.0,,,,,,,,,
MIR,2024-06-11 13:00:00,13,11,6,0.061,,,,,0.363,50.0,12.0,,,,,,,,,
MIR,2024-06-11 14:00:00,14,11,6,0.061,,,,,0.338,47.0,18.0,,,,,,,,,
MIR,2024-06-11 15:00:00,15,11,6,0.06,,,,,0.292,42.0,15.0,,,,,,,,,
MIR,2024-06-11 16:00:00,16,11,6,0.051,,,,,0.577,39.0,12.0,,,,,,,,,
MIR,2024-06-11 17:00:00,17,11,6,0.047,,,,,0.655,49.0,19.0,17.0,35.0,34.0,0.6,245.0,,627.0,,
MIR,2024-06-11 18:00:00,18,11,6,0.049,,,,,0.529,,,17.0,36.0,34.0,0.7,231.0,,627.0,,
MIR,2024-06-11 19:00:00,19,11,6,0.035,,,,,0.509,,,17.0,35.0,34.0,0.6,219.0,,628.0,,
MIR,2024-06-11 20:00:00,20,11,6,0.016,,,,,0.662,,,17.0,33.0,35.0,0.5,225.0,,628.0,,
MIR,2024-06-11 21:00:00,21,11,6,0.019,,,,,0.543,,,17.0,33.0,35.0,0.8,276.0,,629.0,,
MIR,2024-06-11 22:00:00,22,11,6,0.034,,,,,0.532,,,17.0,33.0,35.0,0.7,251.0,,630.0,,
MIR,2024-06-11 23:00:00,23,11,6,0.026,,,,,0.645,,,17.0,31.0,35.0,0.6,308.0,,630.0,,
MIR,2024-06-12 00:00:00,0,12,6,0.021,,,,,0.726,,,17.0,29.0,35.0,0.5,173.0,,631.0,,
MIR,2024-06-12 01:00:00,1,12,6,0.016,,,,,0.658,,59.0,17.0,27.0,35.0,0.5,18.0,,631.0,,
MIR,2024-06-12 02:00:00,2,12,6,0.026,,,,,0.472,,64.0,17.0,26.0,36.0,0.5,36.0,,631.0,,
MIR,2024-06-12 03:00:00,3,12,6,0.022,,,,,0.501,,40.0,17.0,25.0,36.0,0.6,307.0,,631.0,,
MIR,2024-06-12 04:00:00,4,12,6,0.016,,,,,0.389,,35.0,17.0,24.0,36.0,0.5,38.0,,631.0,,
MIR,2024-06-12 05:00:00,5,12,6,0.012,,,,,0.452,,28.0,17.0,24.0,36.0,0.5,67.0,,632.0,,
MIR,2024-06-12 06:00:00,6,12,6,0.006,,,,,0.685,,29.0,17.0,24.0,36.0,0.7,312.0,,632.0,,
MIR,2024-06-12 07:00:00,7,12,6,0.017,,,,,0.601,52.0,26.0,17.0,25.0,36.0,0.7,8.0,,632.0,,
MIR,2024-06-12 08:00:00,8,12,6,0.028,,,,,0.473,47.0,12.0,17.0,28.0,35.0,0.8,230.0,,633.0,,
MIR,2024-06-12 09:00:00,9,12,6,0.039,,,,,0.284,49.0,16.0,17.0,29.0,35.0,0.7,240.0,,633.0,,
MIR,2024-06-12 10:00:00,10,12,6,0.044,,,,,0.42,51.0,14.0,17.0,31.0,35.0,0.6,219.0,,632.0,,
MIR,2024-06-12 11:00:00,11,12,6,0.053,,,,,0.385,53.0,17.0,17.0,33.0,35.0,0.8,218.0,,632.0,,
MIR,2024-06-12 12:00:00,12,12,6,0.053,,,,,0.454,93.0,15.0,17.0,36.0,34.0,0.7,215.0,,631.0,,
MIR,2024-06-12 13:00:00,13,12,6,0.053,,,,,0.433,,,17.0,37.0,34.0,0.9,214.0,,631.0,,
MIR,2024-06-12 14:00:00,14,12,6,0.056,,,,,0.386,,,17.0,38.0,34.0,0.7,210.0,,630.0,,
MIR,2024-06-12 15:00:00,15,12,6,0.057,,,,,0.373,,,17.0,39.0,34.0,0.9,212.0,,629.0,,
MIR,2024-06-12 16:00:00,16,12,6,0.055,,,,,0.383,,,18.0,39.0,34.0,0.6,211.0,,629.0,,
MIR,2024-06-12 17:00:00,17,12,6,0.047,,,,,0.478,,,18.0,38.0,34.0,0.5,213.0,,628.0,,
MIR,2024-06-12 18:00:00,18,12,6,0.044,,,,,0.501,,,17.0,37.0,34.0,0.6,221.0,,628.0,,
MIR,2024-06-12 19:00:00,19,12,6,0.03,,,,,0.79,,,17.0,36.0,34.0,0.6,216.0,,629.0,,
MIR,2024-06-12 20:00:00,20,12,6,0.03,,,,,0.394,,,17.0,33.0,35.0,1.2,218.0,,629.0,,
MIR,2024-06-12 21:00:00,21,12,6,0.032,,,,,0.151,,,17.0,28.0,35.0,1.0,216.0,,630.0,,
MIR,2024-06-12 22:00:00,22,12,6,0.028,,,,,0.506,,,17.0,26.0,36.0,1.0,229.0,,631.0,,
MIR,2024-06-12 23:00:00,23,12,6,0.03,,,,,0.479,,,17.0,24.0,36.0,0.8,231.0,,631.0,,
MIR,2024-06-13 00:00:00,0,13,6,0.033,,,,,0.47,,,17.0,23.0,36.0,0.8,224.0,,632.0,,
MIR,2024-06-13 01:00:00,1,13,6,0.031,,,,,0.476,,,17.0,23.0,36.0,0.5,235.0,,632.0,,
MIR,2024-06-13 02:00:00,2,13,6,0.03,,,,,0.398,,,17.0,22.0,36.0,0.7,224.0,,632.0,,
MIR,2024-06-13 03:00:00,3,13,6,0.031,,,,,0.353,,,17.0,22.0,36.0,0.5,202.0,,632.0,,
MIR,2024-06-13 04:00:00,4,13,6,0.03,,,,,0.46,,,17.0,22.0,36.0,0.5,221.0,,632.0,,
MIR,2024-06-13 05:00:00,5,13,6,0.027,,,,,0.509,,,18.0,21.0,36.0,0.4,225.0,,632.0,,
MIR,2024-06-13 06:00:00,6,13,6,0.022,,,,,0.571,32.0,22.0,18.0,21.0,36.0,0.4,228.0,,633.0,,
MIR,2024-06-13 07:00:00,7,13,6,0.023,,,,,0.636,66.0,22.0,17.0,22.0,36.0,0.6,235.0,,633.0,,
MIR,2024-06-13 08:00:00,8,13,6,0.023,,,,,0.717,43.0,27.0,17.0,24.0,36.0,0.6,232.0,,633.0,,
MIR,2024-06-13 09:00:00,9,13,6,0.029,,,,,0.685,45.0,24.0,17.0,26.0,36.0,0.5,237.0,,633.0,,
MIR,2024-06-13 10:00:00,10,13,6,0.043,,,,,0.545,52.0,26.0,17.0,29.0,35.0,0.6,223.0,,632.0,,
MIR,2024-06-13 11:00:00,11,13,6,0.059,,,,,0.538,70.0,71.0,17.0,31.0,35.0,0.7,220.0,,632.0,,
MIR,2024-06-13 12:00:00,12,13,6,0.059,,,,,0.408,62.0,32.0,17.0,34.0,35.0,0.7,218.0,,631.0,,
MIR,2024-06-13 13:00:00,13,13,6,0.063,,,,,0.408,51.0,16.0,18.0,34.0,34.0,0.5,216.0,,631.0,,
MIR,2024-06-13 14:00:00,14,13,6,0.066,,,,,0.375,60.0,22.0,17.0,35.0,34.0,0.6,216.0,,630.0,,
MIR,2024-06-13 15:00:00,15,13,6,0.067,,,,,0.346,53.0,20.0,18.0,38.0,34.0,0.6,214.0,,629.0,,
MIR,2024-06-13 16:00:00,16,13,6,0.072,,,,,0.426,49.0,12.0,18.0,38.0,34.0,0.6,212.0,,629.0,,
MIR,2024-06-13 17:00:00,17,13,6,0.068,,,,,0.467,69.0,19.0,18.0,37.0,34.0,0.7,214.0,,628.0,,
MIR,2024-06-13 18:00:00,18,13,6,0.063,,,,,0.538,79.0,24.0,17.0,35.0,34.0,0.6,173.0,,629.0,,
MIR,2024-06-13 19:00:00,19,13,6,0.045,,,,,0.562,81.0,30.0,17.0,32.0,35.0,1.1,87.0,,629.0,,
MIR,2024-06-13 20:00:00,20,13,6,0.028,,,,,0.51,,36.0,17.0,28.0,35.0,1.1,233.0,,630.0,,
MIR,2024-06-13 21:00:00,21,13,6,0.025,,,,,0.517,,45.0,17.0,26.0,36.0,0.9,225.0,,631.0,,
MIR,2024-06-13 22:00:00,22,13,6,0.02,,,,,0.475,77.0,24.0,17.0,25.0,36.0,0.8,228.0,,632.0,,
MIR,2024-06-13 23:00:00,23,13,6,0.019,,,,,0.428,50.0,17.0,17.0,24.0,36.0,0.9,230.0,,632.0,,
MIR,2024-06-14 00:00:00,0,14,6,0.019,,,,,0.505,41.0,17.0,17.0,23.0,36.0,0.8,228.0,,632.0,,
MIR,2024-06-14 01:00:00,1,14,6,0.019,,,,,0.465,33.0,14.0,17.0,23.0,36.0,0.7,222.0,,632.0,,
MIR,2024-06-14 02:00:00,2,14,6,0.019,,,,,0.357,34.0,19.0,17.0,22.0,36.0,0.7,227.0,,632.0,,
MIR,2024-06-14 03:00:00,3,14,6,0.021,,,,,0.304,32.0,15.0,17.0,22.0,36.0,0.6,233.0,,632.0,,
MIR,2024-06-14 04:00:00,4,14,6,0.02,,,,,0.498,24.0,14.0,17.0,22.0,36.0,0.5,227.0,,632.0,,
MIR,2024-06-14 05:00:00,5,14,6,0.018,,,,,0.595,29.0,17.0,17.0,21.0,36.0,0.4,220.0,,632.0,,
MIR,2024-06-14 06:00:00,6,14,6,0.009,,,,,0.574,33.0,19.0,17.0,21.0,36.0,0.5,215.0,,632.0,,
MIR,2024-06-14 07:00:00,7,14,6,0.018,,,,,0.374,48.0,18.0,17.0,23.0,36.0,0.5,224.0,,632.0,,
MIR,2024-06-14 08:00:00,8,14,6,0.026,,,,,0.443,35.0,17.0,17.0,25.0,36.0,0.5,224.0,,632.0,,
MIR,2024-06-14 09:00:00,9,14,6,0.028,,,,,0.469,38.0,23.0,17.0,28.0,35.0,0.5,224.0,,632.0,,
MIR,2024-06-14 10:00:00,10,14,6,0.035,,,,,0.499,56.0,18.0,17.0,28.0,35.0,0.8,224.0,,632.0,,
MIR,2024-06-14 11:00:00,11,14,6,0.052,,,,,0.442,66.0,31.0,17.0,30.0,35.0,0.5,220.0,,632.0,,
MIR,2024-06-14 12:00:00,12,14,6,0.057,,,,,0.459,68.0,30.0,17.0,32.0,35.0,0.6,218.0,,631.0,,
MIR,2024-06-14 13:00:00,13,14,6,0.06,,,,,0.462,68.0,26.0,17.0,34.0,35.0,0.5,217.0,,631.0,,
MIR,2024-06-14 14:00:00,14,14,6,0.068,,,,,0.562,71.0,38.0,17.0,36.0,34.0,0.6,215.0,,630.0,,
MIR,2024-06-14 15:00:00,15,14,6,0.059,,,,,0.661,61.0,27.0,18.0,35.0,34.0,0.5,216.0,,629.0,,
MIR,2024-06-14 16:00:00,16,14,6,0.06,,,,,0.472,79.0,22.0,17.0,34.0,35.0,0.6,219.0,,629.0,,
MIR,2024-06-14 17:00:00,17,14,6,0.059,,,,,0.532,60.0,29.0,17.0,33.0,35.0,0.5,220.0,,629.0,,
MIR,2024-06-14 18:00:00,18,14,6,0.047,,,,,0.703,76.0,19.0,17.0,31.0,35.0,0.6,220.0,,628.0,,
MIR,2024-06-14 19:00:00,19,14,6,0.04,,,,,0.57,67.0,29.0,17.0,29.0,35.0,0.8,221.0,,629.0,,
MIR,2024-06-14 20:00:00,20,14,6,0.031,,,,,0.612,81.0,30.0,17.0,26.0,36.0,0.6,224.0,,630.0,,
MIR,2024-06-14 21:00:00,21,14,6,0.034,,,,,0.485,45.0,10.0,17.0,25.0,36.0,0.9,229.0,,630.0,,
MIR,2024-06-14 22:00:00,22,14,6,0.027,,,,,0.529,33.0,12.0,17.0,24.0,36.0,0.7,221.0,,631.0,,
MIR,2024-06-14 23:00:00,23,14,6,0.021,,,,,0.472,35.0,11.0,17.0,24.0,36.0,0.7,235.0,,632.0,,
MIR,2024-06-15 00:00:00,0,15,6,0.019,,,,,0.464,34.0,18.0,17.0,23.0,36.0,0.6,220.0,,632.0,,
MIR,2024-06-15 01:00:00,1,15,6,0.02,,,,,0.394,37.0,14.0,17.0,23.0,36.0,0.4,232.0,,631.0,,
MIR,2024-06-15 02:00:00,2,15,6,0.02,,,,,0.405,28.0,15.0,17.0,23.0,36.0,0.8,235.0,,631.0,,
MIR,2024-06-15 03:00:00,3,15,6,0.019,,,,,0.333,27.0,15.0,17.0,22.0,36.0,0.4,224.0,,631.0,,
MIR,2024-06-15 04:00:00,4,15,6,0.014,,,,,0.482,22.0,12.0,17.0,21.0,36.0,0.5,223.0,,631.0,,
MIR,2024-06-15 05:00:00,5,15,6,0.007,,,,,0.548,39.0,17.0,17.0,21.0,36.0,0.5,195.0,,631.0,,
MIR,2024-06-15 06:00:00,6,15,6,0.005,,,,,0.563,56.0,23.0,17.0,21.0,36.0,0.5,275.0,,632.0,,
MIR,2024-06-15 07:00:00,7,15,6,0.005,,,,,0.613,48.0,18.0,17.0,22.0,36.0,0.4,221.0,,632.0,,
MIR,2024-06-15 08:00:00,8,15,6,0.009,,,,,0.568,51.0,21.0,17.0,23.0,36.0,0.5,229.0,,632.0,,
MIR,2024-06-15 09:00:00,9,15,6,0.02,,,,,0.499,50.0,22.0,17.0,25.0,36.0,0.7,227.0,,632.0,,
MIR,2024-06-15 10:00:00,10,15,6,0.025,,,,,0.555,42.0,23.0,19.0,26.0,36.0,0.6,223.0,,632.0,,
MIR,2024-06-15 11:00:00,11,15,6,0.022,,,,,0.486,55.0,29.0,23.0,30.0,35.0,0.5,217.0,,631.0,,
MIR,2024-06-15 12:00:00,12,15,6,0.058,,,,,0.424,,,21.0,33.0,35.0,0.4,214.0,,631.0,,
MIR,2024-06-15 13:00:00,13,15,6,0.065,,,,,0.131,,,18.0,34.0,35.0,0.6,217.0,,630.0,,
MIR,2024-06-15 14:00:00,14,15,6,0.073,,,,,0.523,44.0,27.0,18.0,36.0,34.0,0.6,216.0,,629.0,,
MIR,2024-06-15 15:00:00,15,15,6,0.08,,,,,0.586,41.0,18.0,18.0,37.0,34.0,0.5,214.0,,628.0,,
MIR,2024-06-15 16:00:00,16,15,6,0.082,,,,,0.513,49.0,18.0,18.0,37.0,34.0,0.5,214.0,,628.0,,
MIR,2024-06-15 17:00:00,17,15,6,0.087,,,,,0.524,55.0,18.0,18.0,36.0,34.0,0.6,214.0,,627.0,,
MIR,2024-06-15 18:00:00,18,15,6,0.086,,,,,0.535,48.0,13.0,18.0,35.0,34.0,0.6,182.0,,627.0,,
MIR,2024-06-15 19:00:00,19,15,6,0.058,,,,,0.539,48.0,17.0,18.0,32.0,35.0,0.7,220.0,,628.0,,
MIR,2024-06-15 20:00:00,20,15,6,0.029,,,,,0.572,69.0,12.0,18.0,28.0,35.0,0.9,226.0,,628.0,,
MIR,2024-06-15 21:00:00,21,15,6,0.025,,,,,0.547,54.0,14.0,18.0,27.0,36.0,0.7,226.0,,629.0,,
MIR,2024-06-15 22:00:00,22,15,6,0.019,,,,,0.525,43.0,15.0,18.0,25.0,36.0,0.6,224.0,,630.0,,
MIR,2024-06-15 23:00:00,23,15,6,0.02,,,,,0.421,39.0,16.0,18.0,24.0,36.0,0.7,233.0,,630.0,,
MIR,2024-06-16 00:00:00,0,16,6,0.017,,,,,0.502,36.0,17.0,18.0,23.0,36.0,0.4,226.0,,630.0,,
MIR,2024-06-16 01:00:00,1,16,6,0.014,,,,,0.53,39.0,13.0,18.0,23.0,36.0,0.6,224.0,,630.0,,
MIR,2024-06-16 02:00:00,2,16,6,0.023,,,,,0.359,33.0,13.0,18.0,22.0,36.0,0.8,229.0,,630.0,,
MIR,2024-06-16 03:00:00,3,16,6,0.021,,,,,0.334,23.0,9.0,18.0,22.0,36.0,0.7,235.0,,630.0,,
MIR,2024-06-16 04:00:00,4,16,6,0.023,,,,,0.356,27.0,12.0,18.0,22.0,36.0,0.5,251.0,,630.0,,
MIR,2024-06-16 05:00:00,5,16,6,0.012,,,,,0.487,19.0,11.0,18.0,21.0,36.0,0.5,234.0,,630.0,,
MIR,2024-06-16 06:00:00,6,16,6,0.008,,,,,0.625,43.0,13.0,18.0,21.0,36.0,0.5,234.0,,631.0,,
MIR,2024-06-16 07:00:00,7,16,6,0.013,,,,,0.599,54.0,16.0,18.0,22.0,36.0,0.5,8.0,,631.0,,
MIR,2024-06-16 08:00:00,8,16,6,0.023,,,,,0.546,67.0,22.0,18.0,25.0,36.0,0.6,241.0,,631.0,,
MIR,2024-06-16 09:00:00,9,16,6,0.033,,,,,0.502,48.0,20.0,18.0,27.0,36.0,0.7,229.0,,631.0,,
MIR,2024-06-16 10:00:00,10,16,6,0.044,,,,,0.523,53.0,19.0,18.0,30.0,35.0,0.6,223.0,,631.0,,
MIR,2024-06-16 11:00:00,11,16,6,0.053,,,,,0.407,47.0,20.0,17.0,32.0,35.0,0.5,219.0,,630.0,,
MIR,2024-06-16 12:00:00,12,16,6,0.068,,,,,0.379,33.0,28.0,18.0,34.0,35.0,0.5,216.0,,629.0,,
MIR,2024-06-16 13:00:00,13,16,6,0.078,,,,,0.393,40.0,11.0,18.0,36.0,34.0,0.6,216.0,,629.0,,
MIR,2024-06-16 14:00:00,14,16,6,0.08,,,,,0.576,31.0,18.0,18.0,38.0,34.0,0.5,211.0,,628.0,,
MIR,2024-06-16 15:00:00,15,16,6,0.076,,,,,0.472,27.0,10.0,18.0,38.0,34.0,0.7,209.0,,627.0,,
MIR,2024-06-16 16:00:00,16,16,6,0.068,,,,,0.454,26.0,,18.0,38.0,34.0,0.7,212.0,,626.0,,
MIR,2024-06-16 17:00:00,17,16,6,0.064,,,,,0.396,26.0,7.0,18.0,38.0,34.0,0.6,212.0,,626.0,,
MIR,2024-06-16 18:00:00,18,16,6,0.066,,,,,0.462,25.0,7.0,18.0,37.0,34.0,0.9,174.0,,626.0,,
MIR,2024-06-16 19:00:00,19,16,6,0.052,,,,,0.528,26.0,7.0,18.0,34.0,34.0,1.0,276.0,,626.0,,
MIR,2024-06-16 20:00:00,20,16,6,0.032,,,,,0.554,44.0,11.0,18.0,31.0,35.0,1.0,265.0,,627.0,,
MIR,2024-06-16 21:00:00,21,16,6,0.026,,,,,0.599,52.0,18.0,18.0,28.0,35.0,0.8,305.0,,628.0,,
MIR,2024-06-16 22:00:00,22,16,6,0.024,,,,,0.58,58.0,19.0,18.0,27.0,36.0,0.7,69.0,,628.0,,
MIR,2024-06-16 23:00:00,23,16,6,0.023,,,,,0.529,49.0,14.0,18.0,25.0,36.0,0.8,50.0,,629.0,,
MIR,2024-06-17 00:00:00,0,17,6,0.024,,,,,0.431,32.0,16.0,18.0,24.0,36.0,0.6,9.0,,629.0,,
MIR,2024-06-17 01:00:00,1,17,6,0.022,,,,,0.359,27.0,13.0,18.0,24.0,36.0,0.7,94.0,,629.0,,
MIR,2024-06-17 02:00:00,2,17,6,0.023,,,,,0.419,25.0,13.0,18.0,23.0,36.0,0.7,69.0,,629.0,,
MIR,2024-06-17 03:00:00,3,17,6,0.024,,,,,0.443,28.0,17.0,18.0,22.0,36.0,0.4,231.0,,628.0,,
MIR,2024-06-17 04:00:00,4,17,6,0.024,,,,,0.481,28.0,14.0,18.0,22.0,36.0,0.7,238.0,,629.0,,
MIR,2024-06-17 05:00:00,5,17,6,0.023,,,,,0.577,30.0,15.0,18.0,22.0,36.0,0.4,241.0,,629.0,,
MIR,2024-06-17 06:00:00,6,17,6,0.021,,,,,0.56,31.0,10.0,18.0,22.0,36.0,0.5,234.0,,629.0,,
MIR,2024-06-17 07:00:00,7,17,6,0.013,,,,,0.594,41.0,18.0,18.0,24.0,36.0,0.4,225.0,,630.0,,
MIR,2024-06-17 08:00:00,8,17,6,0.023,,,,,0.535,35.0,16.0,18.0,26.0,36.0,0.4,219.0,,630.0,,
MIR,2024-06-17 09:00:00,9,17,6,0.027,,,,,0.704,43.0,16.0,18.0,26.0,36.0,0.5,225.0,,630.0,,
MIR,2024-06-17 10:00:00,10,17,6,0.037,,,,,0.753,52.0,19.0,18.0,30.0,35.0,0.5,222.0,,630.0,,
MIR,2024-06-17 11:00:00,11,17,6,0.057,,,,,0.821,61.0,22.0,18.0,32.0,35.0,0.5,220.0,,629.0,,
MIR,2024-06-17 12:00:00,12,17,6,0.069,,,,,0.658,64.0,26.0,20.0,34.0,35.0,0.6,218.0,,629.0,,
MIR,2024-06-17 13:00:00,13,17,6,0.138,,,,,0.474,68.0,21.0,27.0,36.0,34.0,0.6,188.0,,628.0,,
MIR,2024-06-17 14:00:00,14,17,6,0.144,,,,,0.372,74.0,24.0,28.0,37.0,34.0,0.7,191.0,,627.0,,
MIR,2024-06-17 15:00:00,15,17,6,0.094,,,,,0.369,47.0,20.0,23.0,37.0,34.0,0.5,205.0,,626.0,,
MIR,2024-06-17 16:00:00,16,17,6,0.07,,,,,0.532,43.0,16.0,19.0,36.0,34.0,0.5,210.0,,626.0,,
MIR,2024-06-17 17:00:00,17,17,6,0.061,,,,,0.465,42.0,13.0,18.0,35.0,34.0,0.7,216.0,,626.0,,
MIR,2024-06-17 18:00:00,18,17,6,0.051,,,,,0.612,45.0,11.0,18.0,33.0,35.0,0.6,239.0,,626.0,,
MIR,2024-06-17 19:00:00,19,17,6,0.051,,,,,0.589,35.0,11.0,18.0,31.0,35.0,0.8,302.0,,627.0,,
MIR,2024-06-17 20:00:00,20,17,6,0.048,,,,,0.488,89.0,15.0,18.0,28.0,35.0,0.7,297.0,,627.0,,
MIR,2024-06-17 21:00:00,21,17,6,0.04,,,,,0.455,70.0,15.0,18.0,26.0,36.0,0.9,293.0,,628.0,,
MIR,2024-06-17 22:00:00,22,17,6,0.039,,,,,0.41,80.0,10.0,18.0,26.0,36.0,0.7,348.0,,628.0,,
MIR,2024-06-17 23:00:00,23,17,6,0.033,,,,,0.426,38.0,12.0,18.0,25.0,36.0,0.6,311.0,,629.0,,
MIR,2024-06-18 00:00:00,0,18,6,0.031,,,,,0.382,23.0,8.0,18.0,24.0,36.0,0.6,10.0,,629.0,,
MIR,2024-06-18 01:00:00,1,18,6,0.029,,,,,0.339,15.0,5.0,18.0,23.0,36.0,0.6,9.0,,629.0,,
MIR,2024-06-18 02:00:00,2,18,6,0.025,,,,,0.333,18.0,7.0,18.0,22.0,36.0,0.5,54.0,,629.0,,
MIR,2024-06-18 03:00:00,3,18,6,0.024,,,,,0.352,16.0,8.0,18.0,22.0,36.0,0.5,41.0,,629.0,,
MIR,2024-06-18 04:00:00,4,18,6,0.023,,,,,0.524,15.0,5.0,18.0,21.0,36.0,0.5,46.0,,629.0,,
MIR,2024-06-18 05:00:00,5,18,6,0.024,,,,,0.583,15.0,6.0,18.0,22.0,36.0,0.4,46.0,,629.0,,
MIR,2024-06-18 06:00:00,6,18,6,0.02,,,,,0.626,29.0,12.0,18.0,21.0,36.0,0.6,43.0,,629.0,,
MIR,2024-06-18 07:00:00,7,18,6,0.021,,,,,0.7,25.0,11.0,18.0,22.0,36.0,0.7,115.0,,629.0,,
MIR,2024-06-18 08:00:00,8,18,6,0.027,,,,,0.7,30.0,8.0,18.0,23.0,36.0,0.5,39.0,,630.0,,
MIR,2024-06-18 09:00:00,9,18,6,0.036,,,,,0.661,36.0,10.0,18.0,25.0,36.0,0.5,228.0,,630.0,,
MIR,2024-06-18 10:00:00,10,18,6,,,,,,,,,,,,,,,,,
MIR,2024-06-18 11:00:00,11,18,6,,,,,,,37.0,,27.0,31.0,35.0,0.7,212.0,,629.0,,
MIR,2024-06-18 12:00:00,12,18,6,,,,,,,33.0,,,32.0,35.0,0.5,210.0,,628.0,,
MIR,2024-06-18 13:00:00,13,18,6,0.014,,,,,0.241,35.0,10.0,27.0,34.0,34.0,0.4,210.0,,628.0,,
MIR,2024-06-18 14:00:00,14,18,6,0.09,,,,,1.043,50.0,,15.0,36.0,34.0,0.6,185.0,,627.0,,
MIR,2024-06-18 15:00:00,15,18,6,0.087,,,,,1.053,53.0,,20.0,36.0,34.0,0.6,206.0,,627.0,,
MIR,2024-06-18 16:00:00,16,18,6,0.065,,,,,0.468,46.0,11.0,19.0,34.0,34.0,0.6,217.0,,626.0,,
MIR,2024-06-18 17:00:00,17,18,6,0.053,,,,,0.473,86.0,12.0,18.0,34.0,35.0,0.5,211.0,,626.0,,
MIR,2024-06-18 18:00:00,18,18,6,0.04,,,,,0.557,53.0,7.0,18.0,32.0,35.0,0.6,316.0,,626.0,,
MIR,2024-06-18 19:00:00,19,18,6,0.031,,,,,0.597,49.0,7.0,18.0,28.0,35.0,0.7,188.0,,626.0,,
MIR,2024-06-18 20:00:00,20,18,6,0.026,,,,,0.557,31.0,7.0,18.0,27.0,36.0,0.9,135.0,,627.0,,
MIR,2024-06-18 21:00:00,21,18,6,0.024,,,,,0.586,46.0,8.0,18.0,26.0,36.0,0.6,42.0,,628.0,,
MIR,2024-06-18 22:00:00,22,18,6,0.027,,,,,0.465,35.0,6.0,18.0,25.0,36.0,0.4,237.0,,629.0,,
MIR,2024-06-18 23:00:00,23,18,6,0.029,,,,,0.368,24.0,5.0,18.0,25.0,36.0,0.7,320.0,,629.0,,
MIR,2024-06-19 00:00:00,0,19,6,0.021,,,,,0.413,23.0,5.0,18.0,23.0,36.0,0.8,344.0,,629.0,,
MIR,2024-06-19 01:00:00,1,19,6,0.025,,,,,0.342,30.0,8.0,18.0,23.0,36.0,0.6,33.0,,629.0,,
MIR,2024-06-19 02:00:00,2,19,6,0.017,,,,,0.402,25.0,8.0,18.0,22.0,36.0,0.4,31.0,,629.0,,
MIR,2024-06-19 03:00:00,3,19,6,0.021,,,,,0.381,19.0,6.0,18.0,21.0,36.0,0.6,74.0,,629.0,,
MIR,2024-06-19 04:00:00,4,19,6,0.017,,,,,0.439,15.0,6.0,18.0,20.0,36.0,0.4,45.0,,629.0,,
MIR,2024-06-19 05:00:00,5,19,6,0.016,,,,,0.46,14.0,7.0,18.0,20.0,36.0,0.7,56.0,,629.0,,
MIR,2024-06-19 06:00:00,6,19,6,0.018,,,,,0.532,14.0,6.0,18.0,20.0,36.0,0.5,66.0,,629.0,,
MIR,2024-06-19 07:00:00,7,19,6,0.016,,,,,0.569,17.0,7.0,18.0,21.0,36.0,0.5,42.0,,629.0,,
MIR,2024-06-19 08:00:00,8,19,6,0.019,,,,,0.457,29.0,8.0,18.0,21.0,36.0,0.4,214.0,,629.0,,
MIR,2024-06-19 09:00:00,9,19,6,0.024,,,,,0.424,16.0,9.0,18.0,23.0,36.0,0.6,230.0,,629.0,,
MIR,2024-06-19 10:00:00,10,19,6,0.033,,,,,0.508,26.0,9.0,18.0,26.0,36.0,0.7,225.0,,629.0,,
MIR,2024-06-19 11:00:00,11,19,6,0.049,,,,,0.41,27.0,9.0,18.0,30.0,35.0,0.6,222.0,,628.0,,
MIR,2024-06-19 12:00:00,12,19,6,0.075,,,,,0.665,34.0,13.0,21.0,,,0.4,218.0,,628.0,,
MIR,2024-06-19 13:00:00,13,19,6,0.076,,,,,0.733,35.0,11.0,24.0,,,0.4,346.0,,627.0,,
MIR,2024-06-19 14:00:00,14,19,6,0.067,,,,,0.562,64.0,7.0,25.0,,,0.4,347.0,,,,
MIR,2024-06-19 15:00:00,15,19,6,0.064,,,,,0.544,38.0,4.0,26.0,,,0.4,348.0,,,,
MIR,2024-06-19 16:00:00,16,19,6,,,,,,,,,,,,,,,,,
MIR,2024-06-19 17:00:00,17,19,6,0.065,,,,,0.282,48.0,8.0,23.0,,87.0,,,,,,
MIR,2024-06-19 18:00:00,18,19,6,0.059,,,,,0.461,73.0,13.0,20.0,,86.0,,,,,,
MIR,2024-06-19 19:00:00,19,19,6,0.053,,,,,0.408,88.0,14.0,19.0,,86.0,,,,,,
MIR,2024-06-19 20:00:00,20,19,6,0.048,,,,,0.37,86.0,17.0,18.0,,86.0,,,,,,
MIR,2024-06-19 21:00:00,21,19,6,0.049,,,,,0.271,65.0,8.0,18.0,,86.0,,,,,,
MIR,2024-06-19 22:00:00,22,19,6,0.042,,,,,0.553,41.0,10.0,18.0,,86.0,,,,,,
MIR,2024-06-19 23:00:00,23,19,6,0.039,,,,,0.486,41.0,7.0,18.0,,86.0,,,,,,
MIR,2024-06-20 00:00:00,0,20,6,0.038,,,,,0.38,28.0,8.0,18.0,,86.0,,,,,,
MIR,2024-06-20 01:00:00,1,20,6,0.04,,,,,0.402,28.0,10.0,18.0,,85.0,,,,,,
MIR,2024-06-20 02:00:00,2,20,6,0.031,,,,,0.444,17.0,10.0,,,,,,,,,
MIR,2024-06-20 03:00:00,3,20,6,0.032,,,,,0.436,35.0,11.0,,,,,,,,,
MIR,2024-06-20 04:00:00,4,20,6,0.021,,,,,0.465,23.0,13.0,,,,,,,,,
MIR,2024-06-20 05:00:00,5,20,6,0.015,,,,,0.477,32.0,15.0,,,,,,,,,
MIR,2024-06-20 06:00:00,6,20,6,0.014,,,,,0.53,37.0,13.0,,,,,,,,,
MIR,2024-06-20 07:00:00,7,20,6,0.011,,,,,0.527,45.0,12.0,,,,,,,,,
MIR,2024-06-20 08:00:00,8,20,6,0.008,,,,,0.656,30.0,11.0,,,,,,,,,
MIR,2024-06-20 09:00:00,9,20,6,0.015,,,,,0.608,19.0,7.0,,,,,,,,,
MIR,2024-06-20 10:00:00,10,20,6,0.02,,,,,0.69,23.0,4.0,,,,,,,,,
MIR,2024-06-20 11:00:00,11,20,6,0.017,,,,,0.706,22.0,6.0,,,,,,,,,
MIR,2024-06-20 12:00:00,12,20,6,0.027,,,,,0.922,22.0,6.0,22.0,23.0,41.0,,286.0,,627.0,,
MIR,2024-06-20 13:00:00,13,20,6,0.03,,,,,1.075,,,21.0,23.0,70.0,,254.0,,627.0,,
MIR,2024-06-20 14:00:00,14,20,6,0.038,,,,,0.417,30.0,13.0,22.0,24.0,66.0,,264.0,,626.0,,
MIR,2024-06-20 15:00:00,15,20,6,0.033,,,,,0.479,23.0,7.0,22.0,24.0,63.0,,285.0,,626.0,,
MIR,2024-06-20 16:00:00,16,20,6,0.033,,,,,0.503,24.0,3.0,22.0,23.0,67.0,,264.0,,626.0,,
MIR,2024-06-20 17:00:00,17,20,6,0.018,,,,,0.825,20.0,8.0,22.0,24.0,67.0,,62.0,,626.0,,
MIR,2024-06-20 18:00:00,18,20,6,0.021,,,,,0.647,49.0,20.0,22.0,23.0,70.0,,111.0,,627.0,,
MIR,2024-06-20 19:00:00,19,20,6,0.013,,,,,0.514,38.0,14.0,22.0,21.0,75.0,,156.0,,626.0,,
MIR,2024-06-20 20:00:00,20,20,6,0.004,,,,,0.685,27.0,10.0,22.0,22.0,73.0,,49.0,,628.0,,
MIR,2024-06-20 21:00:00,21,20,6,0.01,,,,,0.571,36.0,10.0,23.0,22.0,75.0,,115.0,,629.0,,
MIR,2024-06-20 22:00:00,22,20,6,0.012,,,,,0.492,37.0,15.0,22.0,20.0,85.0,,128.0,,629.0,,
MIR,2024-06-20 23:00:00,23,20,6,0.011,,,,,0.471,18.0,9.0,23.0,19.0,91.0,,43.0,,630.0,,
MIR,2024-06-21 00:00:00,0,21,6,0.005,,,,,0.656,13.0,4.0,23.0,19.0,94.0,,310.0,,630.0,,
MIR,2024-06-21 01:00:00,1,21,6,0.011,,,,,0.454,17.0,2.0,,,,,,,,,
MIR,2024-06-21 02:00:00,2,21,6,0.02,,,,,0.42,19.0,6.0,,,,,,,,,
MIR,2024-06-21 03:00:00,3,21,6,0.015,,,,,0.423,18.0,7.0,,,,,,,,,
MIR,2024-06-21 04:00:00,4,21,6,0.011,,,,,0.465,18.0,9.0,,,,,,,,,
MIR,2024-06-21 05:00:00,5,21,6,0.011,,,,,0.516,13.0,10.0,,,,,,,,,
MIR,2024-06-21 06:00:00,6,21,6,0.007,,,,,0.743,14.0,6.0,,,,,,,,,
MIR,2024-06-21 07:00:00,7,21,6,0.004,,,,,0.975,12.0,4.0,,,,,,,,,
MIR,2024-06-21 08:00:00,8,21,6,0.014,,,,,0.492,24.0,13.0,,,,,,,,,
MIR,2024-06-21 09:00:00,9,21,6,0.015,,,,,0.528,30.0,9.0,,,,,,,,,
MIR,2024-06-21 10:00:00,10,21,6,0.025,,,,,0.542,40.0,13.0,,,,,,,,,
MIR,2024-06-21 11:00:00,11,21,6,0.025,,,,,0.648,30.0,12.0,,,,,,,,,
MIR,2024-06-21 12:00:00,12,21,6,0.025,,,,,0.719,34.0,6.0,,,,,,,,,
MIR,2024-06-21 13:00:00,13,21,6,0.034,,,,,0.584,25.0,8.0,,,,,,,,,
MIR,2024-06-21 14:00:00,14,21,6,0.048,,,,,0.461,32.0,23.0,,,,,,,,,
MIR,2024-06-21 15:00:00,15,21,6,0.049,,,,,0.403,42.0,13.0,,,,,,,,,
MIR,2024-06-21 16:00:00,16,21,6,0.036,,,,,0.636,39.0,13.0,,,,,,,,,
MIR,2024-06-21 17:00:00,17,21,6,0.03,,,,,0.666,48.0,10.0,,,,,,,,,
MIR,2024-06-21 18:00:00,18,21,6,0.019,,,,,0.63,48.0,10.0,,,,,,,,,
MIR,2024-06-21 19:00:00,19,21,6,0.002,,,,,1.172,22.0,10.0,,,,,,,,,
MIR,2024-06-21 20:00:00,20,21,6,0.001,,,,,1.147,46.0,12.0,,,,,,,,,
MIR,2024-06-21 21:00:00,21,21,6,0.024,,,,,,35.0,16.0,,,,,,,,,
MIR,2024-06-21 22:00:00,22,21,6,0.023,,,,,0.494,35.0,10.0,,,,,,,,,
MIR,2024-06-21 23:00:00,23,21,6,0.024,,,,,0.508,23.0,7.0,,,,,,,,,
MIR,2024-06-22 00:00:00,0,22,6,0.024,,,,,0.413,19.0,7.0,,,,,,,,,
MIR,2024-06-22 01:00:00,1,22,6,0.023,,,,,0.442,27.0,4.0,,,,,,,,,
MIR,2024-06-22 02:00:00,2,22,6,0.024,,,,,0.424,22.0,4.0,,,,,,,,,
MIR,2024-06-22 03:00:00,3,22,6,0.024,,,,,0.406,14.0,2.0,,,,,,,,,
MIR,2024-06-22 04:00:00,4,22,6,0.014,,,,,0.249,21.0,2.0,,,,,,,,,
MIR,2024-06-22 05:00:00,5,22,6,0.007,,,,,0.356,16.0,4.0,,,,,,,,,
MIR,2024-06-22 06:00:00,6,22,6,0.005,,,,,0.701,22.0,6.0,,,,,,,,,
MIR,2024-06-22 07:00:00,7,22,6,0.014,,,,,0.643,50.0,6.0,,,,,,,,,
MIR,2024-06-22 08:00:00,8,22,6,0.023,,,,,0.425,33.0,5.0,,,,,,,,,
MIR,2024-06-22 09:00:00,9,22,6,0.03,,,,,0.346,30.0,4.0,,,,,,,,,
MIR,2024-06-22 10:00:00,10,22,6,0.036,,,,,0.43,33.0,4.0,,,,,,,,,
MIR,2024-06-22 11:00:00,11,22,6,0.042,,,,,0.457,20.0,3.0,,,,,,,,,
MIR,2024-06-22 12:00:00,12,22,6,0.049,,,,,0.451,16.0,2.0,,,,,,,,,
MIR,2024-06-22 13:00:00,13,22,6,0.05,,,,,0.479,20.0,3.0,,,,,,,,,
MIR,2024-06-22 14:00:00,14,22,6,0.044,,,,,0.553,23.0,3.0,,,,,,,,,
MIR,2024-06-22 15:00:00,15,22,6,0.031,,,,,0.694,24.0,5.0,,,,,,,,,
MIR,2024-06-22 16:00:00,16,22,6,0.041,,,,,0.578,11.0,8.0,,,,,,,,,
MIR,2024-06-22 17:00:00,17,22,6,0.04,,,,,0.563,21.0,7.0,,,,,,,,,
MIR,2024-06-22 18:00:00,18,22,6,0.037,,,,,0.524,25.0,10.0,22.0,25.0,54.0,1.2,151.0,,630.0,,
MIR,2024-06-22 19:00:00,19,22,6,0.022,,,,,0.778,31.0,12.0,22.0,22.0,70.0,0.4,262.0,,630.0,,
MIR,2024-06-22 20:00:00,20,22,6,0.003,,,,,1.424,19.0,9.0,22.0,23.0,70.0,0.1,342.0,,631.0,,
MIR,2024-06-22 21:00:00,21,22,6,0.002,,,,,1.452,73.0,30.0,22.0,23.0,71.0,0.5,265.0,,631.0,,
MIR,2024-06-22 22:00:00,22,22,6,0.032,,,,,0.218,63.0,16.0,22.0,23.0,61.0,2.2,277.0,,632.0,,
MIR,2024-06-22 23:00:00,23,22,6,0.03,,,,,0.273,40.0,10.0,22.0,22.0,65.0,1.8,279.0,,632.0,,
MIR,2024-06-23 00:00:00,0,23,6,0.039,,,,,0.422,36.0,10.0,22.0,22.0,69.0,1.3,308.0,,632.0,,
MIR,2024-06-23 01:00:00,1,23,6,0.035,,,,,0.415,21.0,8.0,22.0,21.0,75.0,0.8,268.0,,632.0,,
MIR,2024-06-23 02:00:00,2,23,6,0.031,,,,,0.345,16.0,6.0,22.0,21.0,77.0,0.5,252.0,,632.0,,
MIR,2024-06-23 03:00:00,3,23,6,0.032,,,,,0.345,19.0,7.0,22.0,21.0,79.0,1.0,274.0,,632.0,,
MIR,2024-06-23 04:00:00,4,23,6,0.029,,,,,0.525,15.0,5.0,22.0,21.0,80.0,0.7,268.0,,632.0,,
MIR,2024-06-23 05:00:00,5,23,6,0.028,,,,,0.537,15.0,5.0,,,,,,,,,
MIR,2024-06-23 06:00:00,6,23,6,0.023,,,,,0.485,12.0,8.0,,,,,,,,,
MIR,2024-06-23 07:00:00,7,23,6,0.022,,,,,0.514,14.0,7.0,,,,,,,,,
MIR,2024-06-23 08:00:00,8,23,6,0.032,,,,,0.37,19.0,9.0,,,,,,,,,
MIR,2024-06-23 09:00:00,9,23,6,0.036,,,,,0.356,20.0,12.0,,,,,,,,,
MIR,2024-06-23 10:00:00,10,23,6,0.046,,,,,0.489,16.0,8.0,,,,,,,,,
MIR,2024-06-23 11:00:00,11,23,6,0.062,,,,,0.507,26.0,10.0,,,,,,,,,
MIR,2024-06-23 12:00:00,12,23,6,0.076,,,,,0.459,20.0,8.0,,,,,,,,,
MIR,2024-06-23 13:00:00,13,23,6,0.084,,,,,0.519,25.0,9.0,,,,,,,,,
MIR,2024-06-23 14:00:00,14,23,6,0.092,,,,,0.411,21.0,9.0,,,,,,,,,
MIR,2024-06-23 15:00:00,15,23,6,0.08,,,,,0.477,21.0,8.0,,,,,,,,,
MIR,2024-06-23 16:00:00,16,23,6,0.058,,,,,0.448,23.0,11.0,,,,,,,,,
MIR,2024-06-23 17:00:00,17,23,6,0.056,,,,,0.455,23.0,8.0,,,,,,,,,
MIR,2024-06-23 18:00:00,18,23,6,0.029,,,,,0.625,29.0,6.0,,,,,,,,,
MIR,2024-06-23 19:00:00,19,23,6,0.032,,,,,0.588,26.0,9.0,,,,,,,,,
MIR,2024-06-23 20:00:00,20,23,6,0.021,,,,,0.511,16.0,6.0,,,,,,,,,
MIR,2024-06-23 21:00:00,21,23,6,0.033,,,,,0.285,24.0,13.0,,,,,,,,,
MIR,2024-06-23 22:00:00,22,23,6,0.033,,,,,0.537,16.0,7.0,,,,,,,,,
MIR,2024-06-23 23:00:00,23,23,6,0.034,,,,,0.494,13.0,3.0,,,,,,,,,
MIR,2024-06-24 00:00:00,0,24,6,0.032,,,,,0.44,12.0,5.0,,,,,,,,,
MIR,2024-06-24 01:00:00,1,24,6,0.037,,,,,0.379,10.0,3.0,,,,,,,,,
MIR,2024-06-24 02:00:00,2,24,6,0.039,,,,,0.413,8.0,1.0,,,,,,,,,
MIR,2024-06-24 03:00:00,3,24,6,0.034,,,,,0.368,5.0,1.0,,,,,,,,,
MIR,2024-06-24 04:00:00,4,24,6,0.024,,,,,0.439,3.0,2.0,,,,,,,,,
MIR,2024-06-24 05:00:00,5,24,6,0.023,,,,,0.492,5.0,3.0,,,,,,,,,
MIR,2024-06-24 06:00:00,6,24,6,0.013,,,,,0.688,8.0,5.0,,,,,,,,,
MIR,2024-06-24 07:00:00,7,24,6,0.008,,,,,0.808,8.0,4.0,,,,,,,,,
MIR,2024-06-24 08:00:00,8,24,6,0.016,,,,,0.625,8.0,,,,,,,,,,
MIR,2024-06-24 09:00:00,9,24,6,0.016,,,,,0.674,9.0,7.0,,,,,,,,,
MIR,2024-06-24 10:00:00,10,24,6,0.024,,,,,0.599,15.0,5.0,,,,,,,,,
MIR,2024-06-24 11:00:00,11,24,6,0.025,,,,,0.657,23.0,9.0,,,,,,,,,
MIR,2024-06-24 12:00:00,12,24,6,,,,,,,,,,,,,,,,,
MIR,2024-06-24 13:00:00,13,24,6,0.069,,,,,0.326,29.0,7.0,22.0,26.0,56.0,1.2,240.0,,631.0,,
MIR,2024-06-24 14:00:00,14,24,6,0.064,,,,,0.387,,,22.0,26.0,55.0,1.1,227.0,,631.0,,
MIR,2024-06-24 15:00:00,15,24,6,0.035,,,,,0.714,20.0,5.0,23.0,23.0,76.0,2.3,305.0,,631.0,,
MIR,2024-06-24 16:00:00,16,24,6,0.013,,,,,0.754,,,,,,,,,,,
MIR,2024-06-24 17:00:00,17,24,6,0.014,,,,,0.821,20.0,5.0,,,,,,,,,
MIR,2024-06-24 18:00:00,18,24,6,0.013,,,,,0.866,22.0,9.0,,,,,,,,,
MIR,2024-06-24 19:00:00,19,24,6,0.009,,,,,1.001,12.0,,,,,,,,,,
MIR,2024-06-24 20:00:00,20,24,6,0.007,,,,,0.821,19.0,10.0,,,,,,,,,
MIR,2024-06-24 21:00:00,21,24,6,0.005,,,,,0.789,21.0,9.0,,,,,,,,,
MIR,2024-06-24 22:00:00,22,24,6,0.008,,,,,0.591,23.0,12.0,,,,,,,,,
MIR,2024-06-24 23:00:00,23,24,6,0.006,,,,,0.592,22.0,13.0,,,,,,,,,
MIR,2024-06-25 00:00:00,0,25,6,0.01,,,,,0.678,22.0,16.0,,,,,,,,,
MIR,2024-06-25 01:00:00,1,25,6,0.011,,,,,0.469,27.0,22.0,,,,,,,,,
MIR,2024-06-25 02:00:00,2,25,6,0.01,,,,,0.545,20.0,19.0,,,,,,,,,
MIR,2024-06-25 03:00:00,3,25,6,0.012,,,,,0.531,23.0,17.0,,,,,,,,,
MIR,2024-06-25 04:00:00,4,25,6,0.014,,,,,0.48,26.0,11.0,,,,,,,,,
MIR,2024-06-25 05:00:00,5,25,6,0.01,,,,,0.428,22.0,14.0,,,,,,,,,
MIR,2024-06-25 06:00:00,6,25,6,0.008,,,,,0.704,19.0,11.0,,,,,,,,,
MIR,2024-06-25 07:00:00,7,25,6,0.005,,,,,0.838,12.0,7.0,,,,,,,,,
MIR,2024-06-25 08:00:00,8,25,6,0.002,,,,,0.856,22.0,8.0,,,,,,,,,
MIR,2024-06-25 09:00:00,9,25,6,0.01,,,,,0.676,27.0,12.0,,,,,,,,,
MIR,2024-06-25 10:00:00,10,25,6,0.017,,,,,0.562,25.0,16.0,,,,,,,,,
MIR,2024-06-25 11:00:00,11,25,6,0.031,,,,,0.363,24.0,20.0,,,,,,,,,
MIR,2024-06-25 12:00:00,12,25,6,0.028,,,,,0.491,28.0,11.0,,,,,,,,,
MIR,2024-06-25 13:00:00,13,25,6,0.021,,,,,0.65,16.0,8.0,,,,,,,,,
MIR,2024-06-25 14:00:00,14,25,6,0.02,,,,,0.538,15.0,8.0,,,,,,,,,
MIR,2024-06-25 15:00:00,15,25,6,0.025,,,,,0.472,13.0,5.0,,,,,,,,,
MIR,2024-06-25 16:00:00,16,25,6,0.035,,,,,0.621,12.0,10.0,25.0,22.0,72.0,0.8,312.0,,632.0,,
MIR,2024-06-25 17:00:00,17,25,6,0.031,,,,,0.567,12.0,7.0,25.0,23.0,69.0,1.3,274.0,,632.0,,
MIR,2024-06-25 18:00:00,18,25,6,0.023,,,,,0.544,12.0,4.0,25.0,22.0,74.0,1.2,264.0,,632.0,,
MIR,2024-06-25 19:00:00,19,25,6,0.015,,,,,0.682,11.0,1.0,25.0,21.0,74.0,1.3,279.0,,632.0,,
MIR,2024-06-25 20:00:00,20,25,6,0.006,,,,,0.759,20.0,4.0,25.0,21.0,77.0,0.7,295.0,,632.0,,
MIR,2024-06-25 21:00:00,21,25,6,0.002,,,,,0.905,17.0,5.0,25.0,20.0,80.0,0.1,319.0,,633.0,,
MIR,2024-06-25 22:00:00,22,25,6,0.001,,,,,0.901,22.0,6.0,26.0,20.0,85.0,0.1,10.0,,633.0,,
MIR,2024-06-25 23:00:00,23,25,6,0.0,,,,,0.929,34.0,10.0,25.0,20.0,89.0,0.1,34.0,,634.0,,
MIR,2024-06-26 00:00:00,0,26,6,0.0,,,,,0.763,36.0,10.0,25.0,19.0,89.0,0.1,41.0,0.41,634.0,,
MIR,2024-06-26 01:00:00,1,26,6,0.002,,,,,0.419,34.0,14.0,,,,,,,,,
MIR,2024-06-26 02:00:00,2,26,6,0.009,,,,,0.418,25.0,9.0,,,,,,,,,
MIR,2024-06-26 03:00:00,3,26,6,0.009,,,,,0.429,14.0,5.0,,,,,,,,,
MIR,2024-06-26 04:00:00,4,26,6,0.004,,,,,0.492,13.0,5.0,,,,,,,,,
MIR,2024-06-26 05:00:00,5,26,6,0.006,,,,,0.579,20.0,6.0,,,,,,,,,
MIR,2024-06-26 06:00:00,6,26,6,0.003,,,,,0.547,21.0,7.0,,,,,,,,,
MIR,2024-06-26 07:00:00,7,26,6,0.005,,,,,0.62,18.0,5.0,,,,,,,,,
MIR,2024-06-26 08:00:00,8,26,6,0.009,,,,,0.62,23.0,4.0,,,,,,,,,
MIR,2024-06-26 09:00:00,9,26,6,0.014,,,,,0.626,37.0,20.0,,,,,,,,,
MIR,2024-06-26 10:00:00,10,26,6,0.024,,,,,0.541,43.0,19.0,,,,,,,,,
MIR,2024-06-26 11:00:00,11,26,6,0.032,,,,,0.718,46.0,18.0,,,,,,,,,
MIR,2024-06-26 12:00:00,12,26,6,0.06,,,,,0.343,60.0,22.0,,,,,,,,,
MIR,2024-06-26 13:00:00,13,26,6,0.076,,,,,0.248,41.0,18.0,,,,,,,,,
MIR,2024-06-26 14:00:00,14,26,6,0.082,,,,,0.423,40.0,20.0,,,,,,,,,
MIR,2024-06-26 15:00:00,15,26,6,0.082,,,,,0.406,35.0,18.0,,,,,,,,,
MIR,2024-06-26 16:00:00,16,26,6,0.083,,,,,0.381,34.0,15.0,,,,,,,,,
MIR,2024-06-26 17:00:00,17,26,6,0.065,,,,,0.451,27.0,20.0,,,,,,,,,
MIR,2024-06-26 18:00:00,18,26,6,0.037,,,,,0.663,27.0,11.0,,,,,,,,,
MIR,2024-06-26 19:00:00,19,26,6,0.037,,,,,0.508,28.0,9.0,,,,,,,,,
MIR,2024-06-26 20:00:00,20,26,6,0.029,,,,,0.553,26.0,13.0,,,,,,,,,
MIR,2024-06-26 21:00:00,21,26,6,0.03,,,,,0.503,29.0,18.0,,,,,,,,,
MIR,2024-06-26 22:00:00,22,26,6,0.038,,,,,0.22,27.0,9.0,,,,,,,,,
MIR,2024-06-26 23:00:00,23,26,6,0.041,,,,,0.198,24.0,12.0,,,,,,,,,
MIR,2024-06-27 00:00:00,0,27,6,0.038,,,,,0.375,26.0,9.0,,,,,,,,,
MIR,2024-06-27 01:00:00,1,27,6,0.034,,,,,0.366,24.0,10.0,,,,,,,,,
MIR,2024-06-27 02:00:00,2,27,6,0.033,,,,,0.42,19.0,8.0,,,,,,,,,
MIR,2024-06-27 03:00:00,3,27,6,0.038,,,,,0.432,16.0,5.0,,,,,,,,,
MIR,2024-06-27 04:00:00,4,27,6,0.036,,,,,0.403,18.0,7.0,,,,,,,,,
MIR,2024-06-27 05:00:00,5,27,6,0.027,,,,,0.469,19.0,6.0,,,,,,,,,
MIR,2024-06-27 06:00:00,6,27,6,0.007,,,,,0.774,21.0,10.0,,,,,,,,,
MIR,2024-06-27 07:00:00,7,27,6,0.005,,,,,0.938,41.0,18.0,,,,,,,,,
MIR,2024-06-27 08:00:00,8,27,6,0.022,,,,,0.46,65.0,14.0,,,,,,,,,
MIR,2024-06-27 09:00:00,9,27,6,0.041,,,,,0.345,52.0,16.0,,,,,,,,,
MIR,2024-06-27 10:00:00,10,27,6,0.046,,,,,0.596,33.0,13.0,,,,,,,,,
MIR,2024-06-27 11:00:00,11,27,6,0.062,,,,,0.468,49.0,25.0,,,,,,,,,
MIR,2024-06-27 12:00:00,12,27,6,0.083,,,,,0.621,49.0,17.0,,,,,,,,,
MIR,2024-06-27 13:00:00,13,27,6,0.098,,,,,0.564,52.0,22.0,,,,,,,,,
MIR,2024-06-27 14:00:00,14,27,6,0.101,,,,,0.475,50.0,21.0,,,,,,,,,
MIR,2024-06-27 15:00:00,15,27,6,0.094,,,,,0.458,47.0,19.0,,,,,,,,,
MIR,2024-06-27 16:00:00,16,27,6,0.088,,,,,0.453,42.0,18.0,,,,,,,,,
MIR,2024-06-27 17:00:00,17,27,6,0.081,,,,,0.439,33.0,12.0,,,,,,,,,
MIR,2024-06-27 18:00:00,18,27,6,0.053,,,,,0.563,27.0,13.0,,,,,,,,,
MIR,2024-06-27 19:00:00,19,27,6,0.042,,,,,0.576,42.0,9.0,,,,,,,,,
MIR,2024-06-27 20:00:00,20,27,6,0.041,,,,,0.72,24.0,8.0,,,,,,,,,
MIR,2024-06-27 21:00:00,21,27,6,0.034,,,,,1.004,15.0,9.0,,,,,,,,,
MIR,2024-06-27 22:00:00,22,27,6,0.029,,,,,0.581,20.0,13.0,,,,,,,,,
MIR,2024-06-27 23:00:00,23,27,6,0.03,,,,,0.341,20.0,15.0,,,,,,,,,
MIR,2024-06-28 00:00:00,0,28,6,0.037,,,,,0.315,16.0,11.0,,,,,,,,,
MIR,2024-06-28 01:00:00,1,28,6,0.031,,,,,0.339,18.0,11.0,,,,,,,,,
MIR,2024-06-28 02:00:00,2,28,6,0.023,,,,,0.587,20.0,15.0,,,,,,,,,
MIR,2024-06-28 03:00:00,3,28,6,0.018,,,,,0.61,24.0,18.0,,,,,,,,,
MIR,2024-06-28 04:00:00,4,28,6,0.012,,,,,0.58,20.0,18.0,,,,,,,,,
MIR,2024-06-28 05:00:00,5,28,6,0.011,,,,,0.541,37.0,24.0,,,,,,,,,
MIR,2024-06-28 06:00:00,6,28,6,0.018,,,,,0.58,31.0,24.0,,,,,,,,,
MIR,2024-06-28 07:00:00,7,28,6,0.013,,,,,0.894,26.0,23.0,,,,,,,,,
MIR,2024-06-28 08:00:00,8,28,6,0.024,,,,,0.531,21.0,21.0,,,,,,,,,
MIR,2024-06-28 09:00:00,9,28,6,0.032,,,,,0.452,21.0,20.0,,,,,,,,,
MIR,2024-06-28 10:00:00,10,28,6,0.044,,,,,0.567,30.0,30.0,,,,,,,,,
MIR,2024-06-28 11:00:00,11,28,6,0.064,,,,,0.486,50.0,33.0,,,,,,,,,
MIR,2024-06-28 12:00:00,12,28,6,0.095,,,,,0.607,54.0,28.0,,,,,,,,,
MIR,2024-06-28 13:00:00,13,28,6,0.124,,,,,0.565,48.0,28.0,,,,,,,,,
MIR,2024-06-28 14:00:00,14,28,6,0.133,,,,,0.614,45.0,26.0,,,,,,,,,
MIR,2024-06-28 15:00:00,15,28,6,0.132,,,,,0.47,53.0,31.0,23.0,28.0,50.0,1.4,241.0,1.88,629.0,,
MIR,2024-06-28 16:00:00,16,28,6,0.12,,,,,0.543,,,22.0,29.0,47.0,1.2,229.0,1.23,628.0,,
MIR,2024-06-28 17:00:00,17,28,6,0.103,,,,,0.609,46.0,21.0,22.0,29.0,44.0,0.9,217.0,0.33,628.0,,
MIR,2024-06-28 18:00:00,18,28,6,0.047,,,,,0.47,34.0,13.0,,,,,,,,,
MIR,2024-06-28 19:00:00,19,28,6,0.037,,,,,0.648,35.0,8.0,,,,,,,,,
MIR,2024-06-28 20:00:00,20,28,6,0.012,,,,,0.99,21.0,7.0,,,,,,,,,
MIR,2024-06-28 21:00:00,21,28,6,0.012,,,,,0.744,27.0,8.0,,,,,,,,,
MIR,2024-06-28 22:00:00,22,28,6,0.036,,,,,0.412,30.0,12.0,,,,,,,,,
MIR,2024-06-28 23:00:00,23,28,6,0.036,,,,,0.312,10.0,7.0,,,,,,,,,
MIR,2024-06-29 00:00:00,0,29,6,0.027,,,,,0.457,14.0,4.0,,,,,,,,,
MIR,2024-06-29 01:00:00,1,29,6,0.024,,,,,0.533,15.0,9.0,,,,,,,,,
MIR,2024-06-29 02:00:00,2,29,6,0.022,,,,,0.378,16.0,12.0,,,,,,,,,
MIR,2024-06-29 03:00:00,3,29,6,0.029,,,,,0.322,21.0,9.0,,,,,,,,,
MIR,2024-06-29 04:00:00,4,29,6,0.022,,,,,0.485,19.0,10.0,,,,,,,,,
MIR,2024-06-29 05:00:00,5,29,6,0.022,,,,,0.513,21.0,12.0,,,,,,,,,
MIR,2024-06-29 06:00:00,6,29,6,0.02,,,,,0.581,11.0,10.0,,,,,,,,,
MIR,2024-06-29 07:00:00,7,29,6,0.016,,,,,0.629,13.0,9.0,,,,,,,,,
MIR,2024-06-29 08:00:00,8,29,6,0.017,,,,,0.514,19.0,8.0,,,,,,,,,
MIR,2024-06-29 09:00:00,9,29,6,0.027,,,,,0.477,25.0,9.0,,,,,,,,,
MIR,2024-06-29 10:00:00,10,29,6,0.042,,,,,0.422,23.0,11.0,,,,,,,,,
MIR,2024-06-29 11:00:00,11,29,6,0.049,,,,,0.446,18.0,7.0,,,,,,,,,
MIR,2024-06-29 12:00:00,12,29,6,0.064,,,,,0.397,19.0,4.0,,,,,,,,,
MIR,2024-06-29 13:00:00,13,29,6,0.071,,,,,0.392,16.0,7.0,,,,,,,,,
MIR,2024-06-29 14:00:00,14,29,6,0.075,,,,,0.492,18.0,10.0,,,,,,,,,
MIR,2024-06-29 15:00:00,15,29,6,0.069,,,,,0.548,23.0,9.0,,,,,,,,,
MIR,2024-06-29 16:00:00,16,29,6,0.063,,,,,0.298,27.0,9.0,,,,,,,,,
MIR,2024-06-29 17:00:00,17,29,6,0.046,,,,,0.37,23.0,9.0,,,,,,,,,
MIR,2024-06-29 18:00:00,18,29,6,0.035,,,,,0.635,35.0,6.0,,,,,,,,,
MIR,2024-06-29 19:00:00,19,29,6,0.024,,,,,0.813,11.0,4.0,,,,,,,,,
MIR,2024-06-29 20:00:00,20,29,6,0.008,,,,,0.84,25.0,19.0,,,,,,,,,
MIR,2024-06-29 21:00:00,21,29,6,0.014,,,,,0.699,25.0,15.0,,,,,,,,,
MIR,2024-06-29 22:00:00,22,29,6,0.007,,,,,0.715,22.0,10.0,,,,,,,,,
MIR,2024-06-29 23:00:00,23,29,6,0.016,,,,,0.366,29.0,12.0,,,,,,,,,
MIR,2024-06-30 00:00:00,0,30,6,0.028,,,,,0.415,16.0,11.0,,,,,,,,,
MIR,2024-06-30 01:00:00,1,30,6,0.035,,,,,0.419,16.0,10.0,,,,,,,,,
MIR,2024-06-30 02:00:00,2,30,6,0.033,,,,,0.384,13.0,6.0,,,,,,,,,
MIR,2024-06-30 03:00:00,3,30,6,0.032,,,,,0.367,8.0,5.0,,,,,,,,,
MIR,2024-06-30 04:00:00,4,30,6,0.026,,,,,0.355,5.0,5.0,,,,,,,,,
MIR,2024-06-30 05:00:00,5,30,6,0.021,,,,,0.407,5.0,5.0,,,,,,,,,
MIR,2024-06-30 06:00:00,6,30,6,0.01,,,,,0.532,9.0,6.0,,,,,,,,,
MIR,2024-06-30 07:00:00,7,30,6,0.011,,,,,0.634,18.0,7.0,,,,,,,,,
MIR,2024-06-30 08:00:00,8,30,6,0.024,,,,,0.537,17.0,8.0,,,,,,,,,
MIR,2024-06-30 09:00:00,9,30,6,0.034,,,,,0.427,20.0,8.0,,,,,,,,,
MIR,2024-06-30 10:00:00,10,30,6,0.039,,,,,0.422,23.0,9.0,,,,,,,,,
MIR,2024-06-30 11:00:00,11,30,6,0.041,,,,,0.422,18.0,11.0,,,,,,,,,
MIR,2024-06-30 12:00:00,12,30,6,0.046,,,,,0.403,19.0,12.0,,,,,,,,,
MIR,2024-06-30 13:00:00,13,30,6,0.048,,,,,0.381,17.0,7.0,,,,,,,,,
MIR,2024-06-30 14:00:00,14,30,6,0.05,,,,,0.424,13.0,7.0,,,,,,,,,
MIR,2024-06-30 15:00:00,15,30,6,0.05,,,,,0.407,15.0,7.0,,,,,,,,,
MIR,2024-06-30 16:00:00,16,30,6,0.049,,,,,0.402,15.0,7.0,,,,,,,,,
MIR,2024-06-30 17:00:00,17,30,6,0.048,,,,,0.396,15.0,7.0,,,,,,,,,
MIR,2024-06-30 18:00:00,18,30,6,0.045,,,,,0.4,12.0,4.0,,,,,,,,,
MIR,2024-06-30 19:00:00,19,30,6,0.031,,,,,0.492,9.0,2.0,,,,,,,,,
MIR,2024-06-30 20:00:00,20,30,6,0.027,,,,,0.44,30.0,6.0,,,,,,,,,
MIR,2024-06-30 21:00:00,21,30,6,0.023,,,,,0.486,17.0,3.0,,,,,,,,,
MIR,2024-06-30 22:00:00,22,30,6,0.02,,,,,0.464,11.0,3.0,,,,,,,,,
MIR,2024-06-30 23:00:00,23,30,6,0.018,,,,,0.428,14.0,2.0,,,,,,,,,
MIR,2024-07-01 00:00:00,0,1,7,0.017,,,,,0.361,16.0,,,,,,,,,,
MIR,2024-07-01 01:00:00,1,1,7,0.017,,,,,0.283,4.0,,,,,,,,,,
MIR,2024-07-01 02:00:00,2,1,7,0.017,,,,,0.359,10.0,0.0,,,,,,,,,
MIR,2024-07-01 03:00:00,3,1,7,0.017,,,,,0.36,10.0,1.0,,,,,,,,,
MIR,2024-07-01 04:00:00,4,1,7,0.015,,,,,0.312,5.0,2.0,,,,,,,,,
MIR,2024-07-01 05:00:00,5,1,7,0.011,,,,,0.382,5.0,,,,,,,,,,
MIR,2024-07-01 06:00:00,6,1,7,0.005,,,,,0.544,11.0,,,,,,,,,,
MIR,2024-07-01 07:00:00,7,1,7,0.008,,,,,0.515,22.0,3.0,,,,,,,,,
MIR,2024-07-01 08:00:00,8,1,7,0.011,,,,,0.488,15.0,4.0,,,,,,,,,
MIR,2024-07-01 09:00:00,9,1,7,0.015,,,,,0.433,28.0,2.0,,,,,,,,,
MIR,2024-07-01 10:00:00,10,1,7,0.02,,,,,0.386,21.0,0.0,,,,,,,,,
MIR,2024-07-01 11:00:00,11,1,7,0.024,,,,,0.384,22.0,0.0,,,,,,,,,
MIR,2024-07-01 12:00:00,12,1,7,0.027,,,,,0.472,20.0,,,,,,,,,,
MIR,2024-07-01 13:00:00,13,1,7,0.03,,,,,0.459,26.0,,,,,,,,,,
MIR,2024-07-01 14:00:00,14,1,7,,,,,,,,,,,,,,,,,
MIR,2024-07-01 15:00:00,15,1,7,,,,,,,,,,,,,,,,,
MIR,2024-07-01 16:00:00,16,1,7,0.016,,,,,0.663,15.0,3.0,24.0,21.0,91.0,0.2,231.0,,630.0,,
MIR,2024-07-01 17:00:00,17,1,7,0.016,,,,,0.666,23.0,4.0,24.0,22.0,83.0,0.2,291.0,,630.0,,
MIR,2024-07-01 18:00:00,18,1,7,0.005,,,,,0.905,7.0,3.0,24.0,22.0,80.0,0.9,150.0,,630.0,,
MIR,2024-07-01 19:00:00,19,1,7,0.005,,,,,0.731,41.0,9.0,24.0,22.0,81.0,2.0,181.0,,630.0,,
MIR,2024-07-01 20:00:00,20,1,7,0.007,,,,,0.534,34.0,8.0,24.0,20.0,92.0,1.3,209.0,,631.0,,
MIR,2024-07-01 21:00:00,21,1,7,0.001,,,,,0.767,15.0,8.0,24.0,20.0,90.0,0.2,59.0,,631.0,,
MIR,2024-07-01 22:00:00,22,1,7,0.0,,,,,0.738,24.0,6.0,24.0,20.0,90.0,0.1,260.0,,632.0,,
MIR,2024-07-01 23:00:00,23,1,7,0.0,,,,,0.785,15.0,5.0,24.0,21.0,89.0,0.2,0.0,,632.0,,
MIR,2024-07-02 00:00:00,0,2,7,0.001,,,,,0.49,23.0,9.0,24.0,20.0,88.0,0.5,88.0,,632.0,,
MIR,2024-07-02 01:00:00,1,2,7,0.003,,,,,0.27,21.0,7.0,24.0,20.0,86.0,0.6,51.0,,631.0,,
MIR,2024-07-02 02:00:00,2,2,7,0.004,,,,,0.454,11.0,2.0,24.0,21.0,82.0,1.4,85.0,,631.0,,
MIR,2024-07-02 03:00:00,3,2,7,0.008,,,,,0.316,16.0,,24.0,20.0,89.0,1.6,147.0,,631.0,,
MIR,2024-07-02 04:00:00,4,2,7,0.007,,,,,0.427,8.0,1.0,24.0,19.0,96.0,1.7,171.0,,631.0,,
MIR,2024-07-02 05:00:00,5,2,7,0.011,,,,,0.489,8.0,3.0,24.0,18.0,98.0,2.2,189.0,,631.0,,
MIR,2024-07-02 06:00:00,6,2,7,0.009,,,,,0.575,5.0,4.0,,,,,,,,,
MIR,2024-07-02 07:00:00,7,2,7,0.006,,,,,0.742,5.0,3.0,,,,,,,,,
MIR,2024-07-02 08:00:00,8,2,7,0.006,,,,,0.641,7.0,3.0,,,,,,,,,
MIR,2024-07-02 09:00:00,9,2,7,0.012,,,,,0.467,11.0,5.0,,,,,,,,,
MIR,2024-07-02 10:00:00,10,2,7,0.018,,,,,0.471,13.0,5.0,,,,,,,,,
MIR,2024-07-02 11:00:00,11,2,7,0.029,,,,,0.38,22.0,3.0,,,,,,,,,
MIR,2024-07-02 12:00:00,12,2,7,0.034,,,,,0.515,23.0,3.0,,,,,,,,,
MIR,2024-07-02 13:00:00,13,2,7,0.043,,,,,0.551,23.0,4.0,,,,,,,,,
MIR,2024-07-02 14:00:00,14,2,7,0.047,,,,,0.447,15.0,3.0,,,,,,,,,
MIR,2024-07-02 15:00:00,15,2,7,0.054,,,,,0.424,24.0,5.0,,,,,,,,,
MIR,2024-07-02 16:00:00,16,2,7,0.046,,,,,0.57,21.0,7.0,,,,,,,,,
MIR,2024-07-02 17:00:00,17,2,7,0.03,,,,,0.818,40.0,9.0,,,,,,,,,
MIR,2024-07-02 18:00:00,18,2,7,0.022,,,,,0.359,20.0,8.0,,,,,,,,,
MIR,2024-07-02 19:00:00,19,2,7,0.009,,,,,0.567,11.0,3.0,,,,,,,,,
MIR,2024-07-02 20:00:00,20,2,7,0.004,,,,,0.695,27.0,5.0,,,,,,,,,
MIR,2024-07-02 21:00:00,21,2,7,0.02,,,,,0.365,25.0,6.0,,,,,,,,,
MIR,2024-07-02 22:00:00,22,2,7,0.028,,,,,0.514,20.0,6.0,,,,,,,,,
MIR,2024-07-02 23:00:00,23,2,7,0.013,,,,,0.602,8.0,4.0,,,,,,,,,
MIR,2024-07-03 00:00:00,0,3,7,0.004,,,,,0.607,13.0,8.0,,,,,,,,,
MIR,2024-07-03 01:00:00,1,3,7,0.012,,,,,0.52,15.0,15.0,,,,,,,,,
MIR,2024-07-03 02:00:00,2,3,7,0.011,,,,,0.518,14.0,11.0,,,,,,,,,
MIR,2024-07-03 03:00:00,3,3,7,0.02,,,,,0.344,18.0,8.0,,,,,,,,,
MIR,2024-07-03 04:00:00,4,3,7,0.022,,,,,0.454,10.0,6.0,,,,,,,,,
MIR,2024-07-03 05:00:00,5,3,7,0.011,,,,,0.546,9.0,5.0,,,,,,,,,
MIR,2024-07-03 06:00:00,6,3,7,0.005,,,,,0.73,9.0,4.0,,,,,,,,,
MIR,2024-07-03 07:00:00,7,3,7,0.003,,,,,0.953,15.0,7.0,,,,,,,,,
MIR,2024-07-03 08:00:00,8,3,7,0.008,,,,,0.734,17.0,5.0,,,,,,,,,
MIR,2024-07-03 09:00:00,9,3,7,0.022,,,,,0.53,30.0,10.0,,,,,,,,,
MIR,2024-07-03 10:00:00,10,3,7,0.031,,,,,0.508,23.0,9.0,,,,,,,,,
MIR,2024-07-03 11:00:00,11,3,7,0.038,,,,,0.396,27.0,6.0,,,,,,,,,
MIR,2024-07-03 12:00:00,12,3,7,0.043,,,,,0.426,15.0,6.0,,,,,,,,,
MIR,2024-07-03 13:00:00,13,3,7,0.043,,,,,0.393,20.0,3.0,,,,,,,,,
MIR,2024-07-03 14:00:00,14,3,7,0.043,,,,,0.389,18.0,3.0,,,,,,,,,
MIR,2024-07-03 15:00:00,15,3,7,0.036,,,,,0.389,20.0,9.0,,,,,,,,,
MIR,2024-07-03 16:00:00,16,3,7,0.028,,,,,0.442,19.0,6.0,,,,,,,,,
MIR,2024-07-03 17:00:00,17,3,7,0.022,,,,,0.595,16.0,2.0,,,,,,,,,
MIR,2024-07-03 18:00:00,18,3,7,0.02,,,,,0.646,32.0,5.0,,,,,,,,,
MIR,2024-07-03 19:00:00,19,3,7,0.01,,,,,0.776,16.0,5.0,,,,,,,,,
MIR,2024-07-03 20:00:00,20,3,7,0.001,,,,,0.91,22.0,6.0,,,,,,,,,
MIR,2024-07-03 21:00:00,21,3,7,0.003,,,,,0.724,48.0,14.0,,,,,,,,,
MIR,2024-07-03 22:00:00,22,3,7,0.0,,,,,0.701,25.0,9.0,,,,,,,,,
MIR,2024-07-03 23:00:00,23,3,7,0.0,,,,,0.656,21.0,8.0,,,,,,,,,
MIR,2024-07-04 00:00:00,0,4,7,0.003,,,,,0.535,25.0,11.0,,,,,,,,,
MIR,2024-07-04 01:00:00,1,4,7,0.003,,,,,0.371,18.0,9.0,,,,,,,,,
MIR,2024-07-04 02:00:00,2,4,7,0.004,,,,,0.351,13.0,5.0,,,,,,,,,
MIR,2024-07-04 03:00:00,3,4,7,0.004,,,,,0.412,9.0,4.0,,,,,,,,,
MIR,2024-07-04 04:00:00,4,4,7,0.008,,,,,0.35,17.0,7.0,,,,,,,,,
MIR,2024-07-04 05:00:00,5,4,7,0.002,,,,,0.362,11.0,5.0,,,,,,,,,
MIR,2024-07-04 06:00:00,6,4,7,0.002,,,,,0.732,15.0,2.0,,,,,,,,,
MIR,2024-07-04 07:00:00,7,4,7,0.003,,,,,0.901,20.0,3.0,,,,,,,,,
MIR,2024-07-04 08:00:00,8,4,7,0.01,,,,,0.515,34.0,10.0,,,,,,,,,
MIR,2024-07-04 09:00:00,9,4,7,0.021,,,,,0.218,31.0,10.0,,,,,,,,,
MIR,2024-07-04 10:00:00,10,4,7,0.028,,,,,0.492,25.0,8.0,23.0,23.0,59.0,1.3,93.0,8.6,634.0,,
MIR,2024-07-04 11:00:00,11,4,7,0.039,,,,,0.429,,,24.0,25.0,52.0,1.4,118.0,,634.0,,
MIR,2024-07-04 12:00:00,12,4,7,0.047,,,,,0.449,,,24.0,26.0,49.0,0.9,248.0,,633.0,,
MIR,2024-07-04 13:00:00,13,4,7,0.055,,,,,0.378,20.0,8.0,23.0,26.0,47.0,1.2,133.0,,633.0,,
MIR,2024-07-04 14:00:00,14,4,7,0.062,,,,,0.466,,,23.0,28.0,43.0,1.2,166.0,,632.0,,
MIR,2024-07-04 15:00:00,15,4,7,0.062,,,,,0.533,29.0,14.0,24.0,29.0,40.0,1.1,207.0,,631.0,,
MIR,2024-07-04 16:00:00,16,4,7,0.06,,,,,0.382,32.0,11.0,24.0,29.0,38.0,0.7,196.0,,631.0,,
MIR,2024-07-04 17:00:00,17,4,7,0.061,,,,,0.471,24.0,6.0,,,,,,,,,
MIR,2024-07-04 18:00:00,18,4,7,0.026,,,,,0.525,31.0,4.0,,,,,,,,,
MIR,2024-07-04 19:00:00,19,4,7,0.019,,,,,0.691,32.0,4.0,,,,,,,,,
MIR,2024-07-04 20:00:00,20,4,7,0.008,,,,,0.648,33.0,7.0,,,,,,,,,
MIR,2024-07-04 21:00:00,21,4,7,0.007,,,,,0.662,36.0,6.0,,,,,,,,,
MIR,2024-07-04 22:00:00,22,4,7,0.005,,,,,0.651,64.0,16.0,,,,,,,,,
MIR,2024-07-04 23:00:00,23,4,7,,,,,,0.833,45.0,15.0,,,,,,,,,
MIR,2024-07-05 00:00:00,0,5,7,,,,,,0.642,66.0,20.0,,,,,,,,,
MIR,2024-07-05 01:00:00,1,5,7,,,,,,0.489,64.0,22.0,,,,,,,,,
MIR,2024-07-05 02:00:00,2,5,7,,,,,,0.589,51.0,19.0,,,,,,,,,
MIR,2024-07-05 03:00:00,3,5,7,,,,,,0.591,38.0,17.0,,,,,,,,,
MIR,2024-07-05 04:00:00,4,5,7,0.001,,,,,0.547,48.0,24.0,,,,,,,,,
MIR,2024-07-05 05:00:00,5,5,7,0.0,,,,,0.729,39.0,14.0,,,,,,,,,
MIR,2024-07-05 06:00:00,6,5,7,0.0,,,,,0.844,58.0,22.0,,,,,,,,,
MIR,2024-07-05 07:00:00,7,5,7,0.002,,,,,0.698,74.0,31.0,,,,,,,,,
MIR,2024-07-05 08:00:00,8,5,7,0.006,,,,,0.918,58.0,24.0,,,,,,,,,
MIR,2024-07-05 09:00:00,9,5,7,0.02,,,,,0.561,69.0,33.0,,,,,,,,,
MIR,2024-07-05 10:00:00,10,5,7,0.036,,,,,0.719,49.0,19.0,,,,,,,,,
MIR,2024-07-05 11:00:00,11,5,7,0.057,,,,,0.662,77.0,28.0,,,,,,,,,
MIR,2024-07-05 12:00:00,12,5,7,0.08,,,,,0.511,48.0,23.0,,,,,,,,,
MIR,2024-07-05 13:00:00,13,5,7,0.094,,,,,0.451,44.0,20.0,,,,,,,,,
MIR,2024-07-05 14:00:00,14,5,7,,,,,,,,,,,,,,,,,
MIR,2024-07-05 15:00:00,15,5,7,0.094,,,,,0.472,,,24.0,30.0,39.0,1.2,151.0,,630.0,,
MIR,2024-07-05 16:00:00,16,5,7,0.087,,,,,0.519,,,24.0,30.0,36.0,1.8,139.0,,629.0,,
MIR,2024-07-05 17:00:00,17,5,7,0.051,,,,,0.592,,,24.0,29.0,38.0,2.6,117.0,,629.0,,
MIR,2024-07-05 18:00:00,18,5,7,0.039,,,,,0.686,,,24.0,28.0,41.0,0.6,131.0,,630.0,,
MIR,2024-07-05 19:00:00,19,5,7,0.043,,,,,0.695,,,24.0,26.0,52.0,2.2,298.0,,631.0,,
MIR,2024-07-05 20:00:00,20,5,7,0.046,,,,,0.591,,,24.0,25.0,57.0,2.3,272.0,,631.0,,
MIR,2024-07-05 21:00:00,21,5,7,0.056,,,,,0.396,,,24.0,24.0,56.0,1.5,266.0,,631.0,,
MIR,2024-07-05 22:00:00,22,5,7,0.045,,,,,0.595,,,,,,,,,,,
MIR,2024-07-05 23:00:00,23,5,7,0.026,,,,,0.737,,,,,,,,,,,
MIR,2024-07-06 00:00:00,0,6,7,0.032,,,,,0.443,,,,,,,,,,,
MIR,2024-07-06 01:00:00,1,6,7,0.036,,,,,0.364,,,,,,,,,,,
MIR,2024-07-06 02:00:00,2,6,7,0.034,,,,,0.448,,,,,,,,,,,
MIR,2024-07-06 03:00:00,3,6,7,0.031,,,,,0.464,,,,,,,,,,,
MIR,2024-07-06 04:00:00,4,6,7,0.022,,,,,0.507,,,,,,,,,,,
MIR,2024-07-06 05:00:00,5,6,7,0.006,,,,,0.632,,,,,,,,,,,
MIR,2024-07-06 06:00:00,6,6,7,0.017,,,,,0.437,,,,,,,,,,,
MIR,2024-07-06 07:00:00,7,6,7,0.014,,,,,0.604,,,,,,,,,,,
MIR,2024-07-06 08:00:00,8,6,7,0.02,,,,,0.575,,,,,,,,,,,
MIR,2024-07-06 09:00:00,9,6,7,0.04,,,,,0.366,,,,,,,,,,,
MIR,2024-07-06 10:00:00,10,6,7,0.05,,,,,0.5,,,,,,,,,,,
MIR,2024-07-06 11:00:00,11,6,7,0.07,,,,,0.481,,,,,,,,,,,
MIR,2024-07-06 12:00:00,12,6,7,0.098,,,,,0.533,,,,,,,,,,,
MIR,2024-07-06 13:00:00,13,6,7,0.121,,,,,0.594,,,,,,,,,,,
MIR,2024-07-06 14:00:00,14,6,7,0.111,,,,,0.505,,,,,,,,,,,
MIR,2024-07-06 15:00:00,15,6,7,0.092,,,,,0.398,,,,,,,,,,,
MIR,2024-07-06 16:00:00,16,6,7,0.074,,,,,0.437,,11.0,,,,,,,,,
MIR,2024-07-06 17:00:00,17,6,7,0.047,,,,,0.471,,9.0,,,,,,,,,
MIR,2024-07-06 18:00:00,18,6,7,0.041,,,,,0.682,,11.0,,,,,,,,,
MIR,2024-07-06 19:00:00,19,6,7,0.038,,,,,0.579,,8.0,,,,,,,,,
MIR,2024-07-06 20:00:00,20,6,7,0.038,,,,,0.483,,7.0,,,,,,,,,
MIR,2024-07-06 21:00:00,21,6,7,0.031,,,,,0.565,16.0,8.0,,,,,,,,,
MIR,2024-07-06 22:00:00,22,6,7,0.016,,,,,0.725,18.0,7.0,,,,,,,,,
MIR,2024-07-06 23:00:00,23,6,7,0.024,,,,,0.514,39.0,10.0,,,,,,,,,
MIR,2024-07-07 00:00:00,0,7,7,0.026,,,,,0.412,19.0,7.0,,,,,,,,,
MIR,2024-07-07 01:00:00,1,7,7,0.021,,,,,0.478,12.0,6.0,,,,,,,,,
MIR,2024-07-07 02:00:00,2,7,7,0.028,,,,,0.408,16.0,6.0,,,,,,,,,
MIR,2024-07-07 03:00:00,3,7,7,0.025,,,,,0.388,16.0,10.0,,,,,,,,,
MIR,2024-07-07 04:00:00,4,7,7,0.022,,,,,0.346,13.0,6.0,,,,,,,,,
MIR,2024-07-07 05:00:00,5,7,7,0.016,,,,,0.384,13.0,2.0,,,,,,,,,
MIR,2024-07-07 06:00:00,6,7,7,0.004,,,,,0.7,11.0,6.0,,,,,,,,,
MIR,2024-07-07 07:00:00,7,7,7,0.005,,,,,0.8,50.0,13.0,,,,,,,,,
MIR,2024-07-07 08:00:00,8,7,7,0.015,,,,,0.446,73.0,11.0,,,,,,,,,
MIR,2024-07-07 09:00:00,9,7,7,0.025,,,,,0.438,27.0,10.0,,,,,,,,,
MIR,2024-07-07 10:00:00,10,7,7,0.034,,,,,0.495,29.0,12.0,,,,,,,,,
MIR,2024-07-07 11:00:00,11,7,7,0.049,,,,,0.467,32.0,12.0,,,,,,,,,
MIR,2024-07-07 12:00:00,12,7,7,0.064,,,,,0.451,39.0,15.0,,,,,,,,,
MIR,2024-07-07 13:00:00,13,7,7,0.069,,,,,0.42,43.0,15.0,,,,,,,,,
MIR,2024-07-07 14:00:00,14,7,7,0.082,,,,,0.475,38.0,14.0,,,,,,,,,
MIR,2024-07-07 15:00:00,15,7,7,0.088,,,,,0.509,29.0,12.0,,,,,,,,,
MIR,2024-07-07 16:00:00,16,7,7,0.074,,,,,0.401,30.0,12.0,,,,,,,,,
MIR,2024-07-07 17:00:00,17,7,7,0.048,,,,,0.355,24.0,12.0,,,,,,,,,
MIR,2024-07-07 18:00:00,18,7,7,0.043,,,,,0.421,25.0,7.0,,,,,,,,,
MIR,2024-07-07 19:00:00,19,7,7,0.039,,,,,0.561,13.0,6.0,,,,,,,,,
MIR,2024-07-07 20:00:00,20,7,7,0.041,,,,,0.512,16.0,4.0,,,,,,,,,
MIR,2024-07-07 21:00:00,21,7,7,0.023,,,,,0.753,20.0,9.0,,,,,,,,,
MIR,2024-07-07 22:00:00,22,7,7,0.021,,,,,0.688,32.0,9.0,,,,,,,,,
MIR,2024-07-07 23:00:00,23,7,7,0.027,,,,,0.375,33.0,9.0,,,,,,,,,
MIR,2024-07-08 00:00:00,0,8,7,0.017,,,,,0.748,12.0,6.0,,,,,,,,,
MIR,2024-07-08 01:00:00,1,8,7,0.008,,,,,0.828,27.0,12.0,,,,,,,,,
MIR,2024-07-08 02:00:00,2,8,7,0.005,,,,,0.653,35.0,14.0,,,,,,,,,
MIR,2024-07-08 03:00:00,3,8,7,0.006,,,,,0.654,32.0,16.0,,,,,,,,,
MIR,2024-07-08 04:00:00,4,8,7,0.009,,,,,0.514,38.0,16.0,,,,,,,,,
MIR,2024-07-08 05:00:00,5,8,7,0.002,,,,,0.664,36.0,14.0,,,,,,,,,
MIR,2024-07-08 06:00:00,6,8,7,0.003,,,,,0.735,60.0,23.0,,,,,,,,,
MIR,2024-07-08 07:00:00,7,8,7,0.011,,,,,0.702,64.0,25.0,,,,,,,,,
MIR,2024-07-08 08:00:00,8,8,7,0.022,,,,,0.489,64.0,16.0,,,,,,,,,
MIR,2024-07-08 09:00:00,9,8,7,0.034,,,,,0.308,38.0,12.0,,,,,,,,,
MIR,2024-07-08 10:00:00,10,8,7,0.044,,,,,0.502,34.0,11.0,,,,,,,,,
MIR,2024-07-08 11:00:00,11,8,7,0.057,,,,,0.464,32.0,10.0,,,,,,,,,
MIR,2024-07-08 12:00:00,12,8,7,0.067,,,,,0.433,32.0,10.0,,,,,,,,,
MIR,2024-07-08 13:00:00,13,8,7,0.075,,,,,0.379,37.0,11.0,,,,,,,,,
MIR,2024-07-08 14:00:00,14,8,7,0.078,,,,,0.414,32.0,10.0,,,,,,,,,
MIR,2024-07-08 15:00:00,15,8,7,0.083,,,,,0.387,48.0,12.0,,,,,,,,,
MIR,2024-07-08 16:00:00,16,8,7,0.075,,,,,0.51,39.0,12.0,,,,,,,,,
MIR,2024-07-08 17:00:00,17,8,7,0.056,,,,,0.535,39.0,11.0,,,,,,,,,
MIR,2024-07-08 18:00:00,18,8,7,0.05,,,,,0.664,39.0,10.0,,,,,,,,,
MIR,2024-07-08 19:00:00,19,8,7,0.037,,,,,0.68,32.0,14.0,,,,,,,,,
MIR,2024-07-08 20:00:00,20,8,7,0.031,,,,,0.588,33.0,10.0,,,,,,,,,
MIR,2024-07-08 21:00:00,21,8,7,0.014,,,,,0.767,33.0,11.0,,,,,,,,,
MIR,2024-07-08 22:00:00,22,8,7,0.036,,,,,0.521,39.0,11.0,,,,,,,,,
MIR,2024-07-08 23:00:00,23,8,7,0.029,,,,,0.516,19.0,12.0,,,,,,,,,
MIR,2024-07-09 00:00:00,0,9,7,0.035,,,,,0.443,16.0,9.0,,,,,,,,,
MIR,2024-07-09 01:00:00,1,9,7,0.021,,,,,0.463,14.0,11.0,,,,,,,,,
MIR,2024-07-09 02:00:00,2,9,7,0.038,,,,,0.434,19.0,11.0,,,,,,,,,
MIR,2024-07-09 03:00:00,3,9,7,0.035,,,,,0.438,9.0,7.0,,,,,,,,,
MIR,2024-07-09 04:00:00,4,9,7,0.029,,,,,0.492,20.0,6.0,,,,,,,,,
MIR,2024-07-09 05:00:00,5,9,7,0.015,,,,,0.622,20.0,12.0,,,,,,,,,
MIR,2024-07-09 06:00:00,6,9,7,0.015,,,,,0.667,15.0,10.0,,,,,,,,,
MIR,2024-07-09 07:00:00,7,9,7,0.02,,,,,0.73,43.0,10.0,,,,,,,,,
MIR,2024-07-09 08:00:00,8,9,7,0.026,,,,,0.642,25.0,8.0,,,,,,,,,
MIR,2024-07-09 09:00:00,9,9,7,0.037,,,,,0.518,30.0,14.0,,,,,,,,,
MIR,2024-07-09 10:00:00,10,9,7,0.048,,,,,0.511,30.0,13.0,,,,,,,,,
MIR,2024-07-09 11:00:00,11,9,7,0.056,,,,,0.409,33.0,16.0,,,,,,,,,
MIR,2024-07-09 12:00:00,12,9,7,0.059,,,,,0.423,29.0,8.0,,,,,,,,,
MIR,2024-07-09 13:00:00,13,9,7,0.063,,,,,0.42,34.0,7.0,,,,,,,,,
MIR,2024-07-09 14:00:00,14,9,7,0.067,,,,,0.483,29.0,8.0,22.0,28.0,48.0,1.3,140.0,3.69,631.0,,
MIR,2024-07-09 15:00:00,15,9,7,0.063,,,,,0.516,,,22.0,28.0,47.0,1.2,138.0,,631.0,,
MIR,2024-07-09 16:00:00,16,9,7,0.063,,,,,0.455,,,22.0,28.0,46.0,1.0,3.0,,630.0,,
MIR,2024-07-09 17:00:00,17,9,7,0.065,,,,,0.495,,,22.0,29.0,47.0,0.7,204.0,,630.0,,
MIR,2024-07-09 18:00:00,18,9,7,0.047,,,,,0.495,,,22.0,24.0,61.0,3.6,164.0,,630.0,,
MIR,2024-07-09 19:00:00,19,9,7,0.015,,,,,0.914,,,22.0,21.0,80.0,1.1,253.0,,630.0,,
MIR,2024-07-09 20:00:00,20,9,7,0.004,,,,,1.235,,,22.0,21.0,85.0,0.9,249.0,,631.0,,
MIR,2024-07-09 21:00:00,21,9,7,0.0,,,,,,,,22.0,21.0,87.0,0.2,328.0,,631.0,,
MIR,2024-07-09 22:00:00,22,9,7,0.012,,,,,0.156,,,,,,,,,,,
MIR,2024-07-09 23:00:00,23,9,7,0.038,,,,,,,,,,,,,,,,
MIR,2024-07-10 00:00:00,0,10,7,0.027,,,,,0.23,,,,,,,,,,,
MIR,2024-07-10 01:00:00,1,10,7,0.017,,,,,0.304,,,,,,,,,,,
MIR,2024-07-10 02:00:00,2,10,7,0.027,,,,,0.521,,,,,,,,,,,
MIR,2024-07-10 03:00:00,3,10,7,0.021,,,,,0.513,,,,,,,,,,,
MIR,2024-07-10 04:00:00,4,10,7,0.011,,,,,0.54,,,,,,,,,,,
MIR,2024-07-10 05:00:00,5,10,7,0.016,,,,,0.536,,,,,,,,,,,
MIR,2024-07-10 06:00:00,6,10,7,0.009,,,,,0.751,,,,,,,,,,,
MIR,2024-07-10 07:00:00,7,10,7,0.004,,,,,1.152,,,,,,,,,,,
MIR,2024-07-10 08:00:00,8,10,7,0.012,,,,,0.744,,,,,,,,,,,
MIR,2024-07-10 09:00:00,9,10,7,0.027,,,,,0.534,,19.0,22.0,23.0,67.0,1.1,95.0,,633.0,,
MIR,2024-07-10 10:00:00,10,10,7,0.038,,,,,0.514,,17.0,22.0,23.0,63.0,1.6,111.0,,633.0,,
MIR,2024-07-10 11:00:00,11,10,7,0.042,,,,,0.473,,8.0,22.0,25.0,55.0,1.6,129.0,,633.0,,
MIR,2024-07-10 12:00:00,12,10,7,0.051,,,,,0.39,,11.0,22.0,26.0,50.0,1.9,88.0,,632.0,,
MIR,2024-07-10 13:00:00,13,10,7,0.049,,,,,0.449,27.0,9.0,,,,,,,,,
MIR,2024-07-10 14:00:00,14,10,7,0.05,,,,,0.353,,,23.0,28.0,42.0,2.2,106.0,,631.0,,
MIR,2024-07-10 15:00:00,15,10,7,0.043,,,,,0.456,19.0,5.0,23.0,29.0,41.0,1.8,110.0,,630.0,,
MIR,2024-07-10 16:00:00,16,10,7,0.048,,,,,0.467,28.0,7.0,23.0,29.0,39.0,1.3,139.0,,630.0,,
MIR,2024-07-10 17:00:00,17,10,7,0.045,,,,,0.474,23.0,8.0,23.0,29.0,38.0,1.2,60.0,,630.0,,
MIR,2024-07-10 18:00:00,18,10,7,0.041,,,,,0.467,25.0,5.0,23.0,28.0,44.0,1.0,218.0,,630.0,,
MIR,2024-07-10 19:00:00,19,10,7,0.031,,,,,0.502,38.0,10.0,23.0,26.0,57.0,1.9,193.0,,630.0,,
MIR,2024-07-10 20:00:00,20,10,7,0.022,,,,,0.481,54.0,13.0,23.0,22.0,80.0,2.8,162.0,,631.0,,
MIR,2024-07-10 21:00:00,21,10,7,0.013,,,,,0.502,30.0,7.0,23.0,20.0,90.0,1.1,218.0,,632.0,,
MIR,2024-07-10 22:00:00,22,10,7,0.007,,,,,0.565,16.0,10.0,23.0,21.0,88.0,1.2,197.0,,632.0,,
MIR,2024-07-10 23:00:00,23,10,7,0.007,,,,,0.649,18.0,11.0,,,,,,,,,
MIR,2024-07-11 00:00:00,0,11,7,0.001,,,,,0.625,21.0,8.0,,,,,,,,,
MIR,2024-07-11 01:00:00,1,11,7,0.003,,,,,0.507,31.0,13.0,,,,,,,,,
MIR,2024-07-11 02:00:00,2,11,7,0.003,,,,,0.415,28.0,10.0,,,,,,,,,
MIR,2024-07-11 03:00:00,3,11,7,0.002,,,,,0.505,21.0,7.0,,,,,,,,,
MIR,2024-07-11 04:00:00,4,11,7,0.004,,,,,0.472,40.0,12.0,,,,,,,,,
MIR,2024-07-11 05:00:00,5,11,7,0.005,,,,,0.477,21.0,9.0,,,,,,,,,
MIR,2024-07-11 06:00:00,6,11,7,0.004,,,,,0.567,28.0,7.0,,,,,,,,,
MIR,2024-07-11 07:00:00,7,11,7,0.007,,,,,0.585,23.0,6.0,,,,,,,,,
MIR,2024-07-11 08:00:00,8,11,7,0.013,,,,,0.324,25.0,3.0,,,,,,,,,
MIR,2024-07-11 09:00:00,9,11,7,0.015,,,,,0.334,22.0,1.0,,,,,,,,,
MIR,2024-07-11 10:00:00,10,11,7,0.019,,,,,0.512,25.0,3.0,,,,,,,,,
MIR,2024-07-11 11:00:00,11,11,7,0.023,,,,,0.512,28.0,5.0,,,,,,,,,
MIR,2024-07-11 12:00:00,12,11,7,0.021,,,,,0.619,22.0,6.0,,,,,,,,,
MIR,2024-07-11 13:00:00,13,11,7,0.028,,,,,0.559,27.0,7.0,,,,,,,,,
MIR,2024-07-11 14:00:00,14,11,7,0.037,,,,,0.367,27.0,6.0,,,,,,,,,
MIR,2024-07-11 15:00:00,15,11,7,0.035,,,,,0.415,23.0,4.0,,,,,,,,,
MIR,2024-07-11 16:00:00,16,11,7,0.029,,,,,0.597,21.0,1.0,,,,,,,,,
MIR,2024-07-11 17:00:00,17,11,7,0.016,,,,,0.745,28.0,2.0,,,,,,,,,
MIR,2024-07-11 18:00:00,18,11,7,0.008,,,,,0.755,14.0,5.0,,,,,,,,,
MIR,2024-07-11 19:00:00,19,11,7,0.002,,,,,0.839,15.0,5.0,,,,,,,,,
MIR,2024-07-11 20:00:00,20,11,7,0.0,,,,,1.054,20.0,6.0,,,,,,,,,
MIR,2024-07-11 21:00:00,21,11,7,0.0,,,,,1.248,22.0,11.0,,,,,,,,,
MIR,2024-07-11 22:00:00,22,11,7,0.0,,,,,0.896,18.0,12.0,,,,,,,,,
MIR,2024-07-11 23:00:00,23,11,7,0.002,,,,,0.335,22.0,12.0,,,,,,,,,
MIR,2024-07-12 00:00:00,0,12,7,0.002,,,,,0.501,16.0,8.0,,,,,,,,,
MIR,2024-07-12 01:00:00,1,12,7,0.003,,,,,0.463,15.0,6.0,,,,,,,,,
MIR,2024-07-12 02:00:00,2,12,7,0.007,,,,,0.381,11.0,7.0,,,,,,,,,
MIR,2024-07-12 03:00:00,3,12,7,0.003,,,,,0.363,14.0,3.0,,,,,,,,,
MIR,2024-07-12 04:00:00,4,12,7,0.009,,,,,0.438,11.0,2.0,,,,,,,,,
MIR,2024-07-12 05:00:00,5,12,7,0.007,,,,,0.484,6.0,4.0,,,,,,,,,
MIR,2024-07-12 06:00:00,6,12,7,0.002,,,,,0.682,4.0,2.0,,,,,,,,,
MIR,2024-07-12 07:00:00,7,12,7,0.003,,,,,0.744,9.0,3.0,,,,,,,,,
MIR,2024-07-12 08:00:00,8,12,7,0.011,,,,,0.463,9.0,3.0,,,,,,,,,
MIR,2024-07-12 09:00:00,9,12,7,0.016,,,,,0.391,17.0,4.0,,,,,,,,,
MIR,2024-07-12 10:00:00,10,12,7,0.02,,,,,0.433,18.0,4.0,,,,,,,,,
MIR,2024-07-12 11:00:00,11,12,7,0.023,,,,,0.436,24.0,4.0,,,,,,,,,
MIR,2024-07-12 12:00:00,12,12,7,0.022,,,,,0.36,13.0,6.0,,,,,,,,,
MIR,2024-07-12 13:00:00,13,12,7,0.016,,,,,0.395,20.0,6.0,,,,,,,,,
MIR,2024-07-12 14:00:00,14,12,7,0.024,,,,,0.453,6.0,4.0,,,,,,,,,
MIR,2024-07-12 15:00:00,15,12,7,0.018,,,,,0.561,15.0,3.0,,,,,,,,,
MIR,2024-07-12 16:00:00,16,12,7,0.015,,,,,0.562,25.0,2.0,,,,,,,,,
MIR,2024-07-12 17:00:00,17,12,7,0.012,,,,,0.661,23.0,6.0,,,,,,,,,
MIR,2024-07-12 18:00:00,18,12,7,0.006,,,,,0.761,26.0,5.0,,,,,,,,,
MIR,2024-07-12 19:00:00,19,12,7,0.002,,,,,0.853,43.0,6.0,,,,,,,,,
MIR,2024-07-12 20:00:00,20,12,7,0.002,,,,,0.589,45.0,13.0,,,,,,,,,
MIR,2024-07-12 21:00:00,21,12,7,0.001,,,,,0.549,42.0,16.0,,,,,,,,,
MIR,2024-07-12 22:00:00,22,12,7,0.001,,,,,0.545,45.0,13.0,,,,,,,,,
MIR,2024-07-12 23:00:00,23,12,7,0.001,,,,,0.507,33.0,12.0,,,,,,,,,
MIR,2024-07-13 00:00:00,0,13,7,0.006,,,,,0.469,41.0,7.0,,,,,,,,,
MIR,2024-07-13 01:00:00,1,13,7,0.005,,,,,0.501,20.0,2.0,,,,,,,,,
MIR,2024-07-13 02:00:00,2,13,7,0.009,,,,,0.439,19.0,4.0,,,,,,,,,
MIR,2024-07-13 03:00:00,3,13,7,0.001,,,,,0.5,15.0,5.0,,,,,,,,,
MIR,2024-07-13 04:00:00,4,13,7,0.002,,,,,0.398,19.0,5.0,,,,,,,,,
MIR,2024-07-13 05:00:00,5,13,7,0.003,,,,,0.385,14.0,3.0,,,,,,,,,
MIR,2024-07-13 06:00:00,6,13,7,0.001,,,,,0.42,20.0,6.0,,,,,,,,,
MIR,2024-07-13 07:00:00,7,13,7,0.003,,,,,0.445,25.0,14.0,,,,,,,,,
MIR,2024-07-13 08:00:00,8,13,7,0.01,,,,,0.45,35.0,10.0,,,,,,,,,
MIR,2024-07-13 09:00:00,9,13,7,0.018,,,,,0.324,24.0,8.0,,,,,,,,,
MIR,2024-07-13 10:00:00,10,13,7,0.022,,,,,0.463,30.0,6.0,,,,,,,,,
MIR,2024-07-13 11:00:00,11,13,7,0.027,,,,,0.416,34.0,5.0,,,,,,,,,
MIR,2024-07-13 12:00:00,12,13,7,0.038,,,,,0.415,29.0,7.0,,,,,,,,,
MIR,2024-07-13 13:00:00,13,13,7,0.046,,,,,0.414,23.0,5.0,,,,,,,,,
MIR,2024-07-13 14:00:00,14,13,7,0.051,,,,,0.399,29.0,4.0,,,,,,,,,
MIR,2024-07-13 15:00:00,15,13,7,0.052,,,,,0.353,22.0,3.0,,,,,,,,,
MIR,2024-07-13 16:00:00,16,13,7,0.049,,,,,0.436,16.0,0.0,,,,,,,,,
MIR,2024-07-13 17:00:00,17,13,7,0.039,,,,,0.496,20.0,5.0,,,,,,,,,
MIR,2024-07-13 18:00:00,18,13,7,0.03,,,,,0.468,19.0,7.0,,,,,,,,,
MIR,2024-07-13 19:00:00,19,13,7,,,,,,,,,,,,,,,,,
MIR,2024-07-13 20:00:00,20,13,7,,,,,,,,,,,,,,,,,
MIR,2024-07-13 21:00:00,21,13,7,,,,,,,,,,,,,,,,,
MIR,2024-07-13 22:00:00,22,13,7,,,,,,,,,,,,,,,,,
MIR,2024-07-13 23:00:00,23,13,7,,,,,,,,,,,,,,,,,
MIR,2024-07-14 00:00:00,0,14,7,,,,,,,,,,,,,,,,,
MIR,2024-07-14 01:00:00,1,14,7,,,,,,,,,,,,,,,,,
MIR,2024-07-14 02:00:00,2,14,7,,,,,,,,,,,,,,,,,
MIR,2024-07-14 03:00:00,3,14,7,,,,,,,,,,,,,,,,,
MIR,2024-07-14 04:00:00,4,14,7,,,,,,,,,,,,,,,,,
MIR,2024-07-14 05:00:00,5,14,7,,,,,,,,,,,,,,,,,
MIR,2024-07-14 06:00:00,6,14,7,,,,,,,,,,,,,,,,,
MIR,2024-07-14 07:00:00,7,14,7,,,,,,,,,,,,,,,,,
MIR,2024-07-14 08:00:00,8,14,7,,,,,,,,,,,,,,,,,
MIR,2024-07-14 09:00:00,9,14,7,,,,,,,,,,,,,,,,,
MIR,2024-07-14 10:00:00,10,14,7,,,,,,,,,,,,,,,,,
MIR,2024-07-14 11:00:00,11,14,7,,,,,,,,,,,,,,,,,
MIR,2024-07-14 12:00:00,12,14,7,,,,,,,,,,,,,,,,,
MIR,2024-07-14 13:00:00,13,14,7,,,,,,,,,,,,,,,,,
MIR,2024-07-14 14:00:00,14,14,7,,,,,,,,,,,,,,,,,
MIR,2024-07-14 15:00:00,15,14,7,,,,,,,,,,,,,,,,,
MIR,2024-07-14 16:00:00,16,14,7,,,,,,,,,,,,,,,,,
MIR,2024-07-14 17:00:00,17,14,7,,,,,,,,,,,,,,,,,
MIR,2024-07-14 18:00:00,18,14,7,,,,,,,,,,,,,,,,,
MIR,2024-07-14 19:00:00,19,14,7,,,,,,,,,,,,,,,,,
MIR,2024-07-14 20:00:00,20,14,7,,,,,,,,,,,,,,,,,
MIR,2024-07-14 21:00:00,21,14,7,,,,,,,,,,,,,,,,,
MIR,2024-07-14 22:00:00,22,14,7,,,,,,,,,,,,,,,,,
MIR,2024-07-14 23:00:00,23,14,7,,,,,,,,,,,,,,,,,
MIR,2024-07-15 00:00:00,0,15,7,,,,,,,,,,,,,,,,,
MIR,2024-07-15 01:00:00,1,15,7,,,,,,,,,,,,,,,,,
MIR,2024-07-15 02:00:00,2,15,7,,,,,,,,,,,,,,,,,
MIR,2024-07-15 03:00:00,3,15,7,,,,,,,,,,,,,,,,,
MIR,2024-07-15 04:00:00,4,15,7,,,,,,,,,,,,,,,,,
MIR,2024-07-15 05:00:00,5,15,7,,,,,,,,,,,,,,,,,
MIR,2024-07-15 06:00:00,6,15,7,,,,,,,,,,,,,,,,,
MIR,2024-07-15 07:00:00,7,15,7,,,,,,,,,,,,,,,,,
MIR,2024-07-15 08:00:00,8,15,7,,,,,,,,,,,,,,,,,
MIR,2024-07-15 09:00:00,9,15,7,,,,,,,,,,,,,,,,,
MIR,2024-07-15 10:00:00,10,15,7,,,,,,,,,,,,,,,,,
MIR,2024-07-15 11:00:00,11,15,7,,,,,,,,,,,,,,,,,
MIR,2024-07-15 12:00:00,12,15,7,,,,,,,,,,,,,,,,,
MIR,2024-07-15 13:00:00,13,15,7,,,,,,,,,,,,,,,,,
MIR,2024-07-15 14:00:00,14,15,7,,,,,,,,,,,,,,,,,
MIR,2024-07-15 15:00:00,15,15,7,,,,,,,,,,,,,,,,,
MIR,2024-07-15 16:00:00,16,15,7,,,,,,,,,,,,,,,,,
MIR,2024-07-15 17:00:00,17,15,7,,,,,,,,,,,,,,,,,
MIR,2024-07-15 18:00:00,18,15,7,,,,,,,,,,,,,,,,,
MIR,2024-07-15 19:00:00,19,15,7,,,,,,,,,,,,,,,,,
MIR,2024-07-15 20:00:00,20,15,7,,,,,,,,,,,,,,,,,
MIR,2024-07-15 21:00:00,21,15,7,,,,,,,,,,,,,,,,,
MIR,2024-07-15 22:00:00,22,15,7,,,,,,,,,,,,,,,,,
MIR,2024-07-15 23:00:00,23,15,7,,,,,,,,,,,,,,,,,
MIR,2024-07-16 00:00:00,0,16,7,,,,,,,,,,,,,,,,,
MIR,2024-07-16 01:00:00,1,16,7,,,,,,,,,,,,,,,,,
MIR,2024-07-16 02:00:00,2,16,7,,,,,,,,,,,,,,,,,
MIR,2024-07-16 03:00:00,3,16,7,,,,,,,,,,,,,,,,,
MIR,2024-07-16 04:00:00,4,16,7,,,,,,,,,,,,,,,,,
MIR,2024-07-16 05:00:00,5,16,7,,,,,,,,,,,,,,,,,
MIR,2024-07-16 06:00:00,6,16,7,,,,,,,,,,,,,,,,,
MIR,2024-07-16 07:00:00,7,16,7,,,,,,,,,,,,,,,,,
MIR,2024-07-16 08:00:00,8,16,7,,,,,,,,,,,,,,,,,
MIR,2024-07-16 09:00:00,9,16,7,,,,,,,,,,,,,,,,,
MIR,2024-07-16 10:00:00,10,16,7,,,,,,,,,,,,,,,,,
MIR,2024-07-16 11:00:00,11,16,7,,,,,,,,,,,,,,,,,
MIR,2024-07-16 12:00:00,12,16,7,,,,,,,,,,,,,,,,,
MIR,2024-07-16 13:00:00,13,16,7,,,,,,,,,,,,,,,,,
MIR,2024-07-16 14:00:00,14,16,7,,,,,,,,,,,,,,,,,
MIR,2024-07-16 15:00:00,15,16,7,,,,,,,,,,,,,,,,,
MIR,2024-07-16 16:00:00,16,16,7,,,,,,,,,,,,,,,,,
MIR,2024-07-16 17:00:00,17,16,7,,,,,,,,,,,,,,,,,
MIR,2024-07-16 18:00:00,18,16,7,,,,,,,,,,,,,,,,,
MIR,2024-07-16 19:00:00,19,16,7,,,,,,,,,,,,,,,,,
MIR,2024-07-16 20:00:00,20,16,7,,,,,,,,,,,,,,,,,
MIR,2024-07-16 21:00:00,21,16,7,,,,,,,,,,,,,,,,,
MIR,2024-07-16 22:00:00,22,16,7,,,,,,,,,,,,,,,,,
MIR,2024-07-16 23:00:00,23,16,7,,,,,,,,,,,,,,,,,
MIR,2024-07-17 00:00:00,0,17,7,,,,,,,,,,,,,,,,,
MIR,2024-07-17 01:00:00,1,17,7,,,,,,,,,,,,,,,,,
MIR,2024-07-17 02:00:00,2,17,7,,,,,,,,,,,,,,,,,
MIR,2024-07-17 03:00:00,3,17,7,,,,,,,,,,,,,,,,,
MIR,2024-07-17 04:00:00,4,17,7,,,,,,,,,,,,,,,,,
MIR,2024-07-17 05:00:00,5,17,7,,,,,,,,,,,,,,,,,
MIR,2024-07-17 06:00:00,6,17,7,,,,,,,,,,,,,,,,,
MIR,2024-07-17 07:00:00,7,17,7,,,,,,,,,,,,,,,,,
MIR,2024-07-17 08:00:00,8,17,7,,,,,,,,,,,,,,,,,
MIR,2024-07-17 09:00:00,9,17,7,,,,,,,,,,,,,,,,,
MIR,2024-07-17 10:00:00,10,17,7,,,,,,,,,,,,,,,,,
MIR,2024-07-17 11:00:00,11,17,7,,,,,,,,,,,,,,,,,
MIR,2024-07-17 12:00:00,12,17,7,,,,,,,,,,,,,,,,,
MIR,2024-07-17 13:00:00,13,17,7,,,,,,,,,,,,,,,,,
MIR,2024-07-17 14:00:00,14,17,7,,,,,,,,,,,,,,,,,
MIR,2024-07-17 15:00:00,15,17,7,,,,,,,,,,,,,,,,,
MIR,2024-07-17 16:00:00,16,17,7,,,,,,,,,,,,,,,,,
MIR,2024-07-17 17:00:00,17,17,7,,,,,,,,,,,,,,,,,
MIR,2024-07-17 18:00:00,18,17,7,,,,,,,,,,,,,,,,,
MIR,2024-07-17 19:00:00,19,17,7,,,,,,,,,,,,,,,,,
MIR,2024-07-17 20:00:00,20,17,7,,,,,,,,,,,,,,,,,
MIR,2024-07-17 21:00:00,21,17,7,,,,,,,,,,,,,,,,,
MIR,2024-07-17 22:00:00,22,17,7,,,,,,,,,,,,,,,,,
MIR,2024-07-17 23:00:00,23,17,7,,,,,,,,,,,,,,,,,
MIR,2024-07-18 00:00:00,0,18,7,,,,,,,,,,,,,,,,,
MIR,2024-07-18 01:00:00,1,18,7,,,,,,,,,,,,,,,,,
MIR,2024-07-18 02:00:00,2,18,7,,,,,,,,,,,,,,,,,
MIR,2024-07-18 03:00:00,3,18,7,,,,,,,,,,,,,,,,,
MIR,2024-07-18 04:00:00,4,18,7,,,,,,,,,,,,,,,,,
MIR,2024-07-18 05:00:00,5,18,7,,,,,,,,,,,,,,,,,
MIR,2024-07-18 06:00:00,6,18,7,,,,,,,,,,,,,,,,,
MIR,2024-07-18 07:00:00,7,18,7,,,,,,,,,,,,,,,,,
MIR,2024-07-18 08:00:00,8,18,7,,,,,,,,,,,,,,,,,
MIR,2024-07-18 09:00:00,9,18,7,,,,,,,,,,,,,,,,,
MIR,2024-07-18 10:00:00,10,18,7,,,,,,,,,,,,,,,,,
MIR,2024-07-18 11:00:00,11,18,7,,,,,,,,,,,,,,,,,
MIR,2024-07-18 12:00:00,12,18,7,,,,,,,,,,,,,,,,,
MIR,2024-07-18 13:00:00,13,18,7,,,,,,,,,,,,,,,,,
MIR,2024-07-18 14:00:00,14,18,7,,,,,,,,,,,,,,,,,
MIR,2024-07-18 15:00:00,15,18,7,,,,,,,,,,,,,,,,,
MIR,2024-07-18 16:00:00,16,18,7,,,,,,,,,,,,,,,,,
MIR,2024-07-18 17:00:00,17,18,7,,,,,,,,,,,,,,,,,
MIR,2024-07-18 18:00:00,18,18,7,,,,,,,,,,,,,,,,,
MIR,2024-07-18 19:00:00,19,18,7,,,,,,,,,,,,,,,,,
MIR,2024-07-18 20:00:00,20,18,7,,,,,,,,,,,,,,,,,
MIR,2024-07-18 21:00:00,21,18,7,,,,,,,,,,,,,,,,,
MIR,2024-07-18 22:00:00,22,18,7,,,,,,,,,,,,,,,,,
MIR,2024-07-18 23:00:00,23,18,7,,,,,,,,,,,,,,,,,
MIR,2024-07-19 00:00:00,0,19,7,,,,,,,,,,,,,,,,,
MIR,2024-07-19 01:00:00,1,19,7,,,,,,,,,,,,,,,,,
MIR,2024-07-19 02:00:00,2,19,7,,,,,,,,,,,,,,,,,
MIR,2024-07-19 03:00:00,3,19,7,,,,,,,,,,,,,,,,,
MIR,2024-07-19 04:00:00,4,19,7,,,,,,,,,,,,,,,,,
MIR,2024-07-19 05:00:00,5,19,7,,,,,,,,,,,,,,,,,
MIR,2024-07-19 06:00:00,6,19,7,,,,,,,,,,,,,,,,,
MIR,2024-07-19 07:00:00,7,19,7,,,,,,,,,,,,,,,,,
MIR,2024-07-19 08:00:00,8,19,7,,,,,,,,,,,,,,,,,
MIR,2024-07-19 09:00:00,9,19,7,,,,,,,,,,,,,,,,,
MIR,2024-07-19 10:00:00,10,19,7,,,,,,,,,,,,,,,,,
MIR,2024-07-19 11:00:00,11,19,7,,,,,,,,,,,,,,,,,
MIR,2024-07-19 12:00:00,12,19,7,,,,,,,,,,,,,,,,,
MIR,2024-07-19 13:00:00,13,19,7,,,,,,,,,,,,,,,,,
MIR,2024-07-19 14:00:00,14,19,7,,,,,,,,,,,,,,,,,
MIR,2024-07-19 15:00:00,15,19,7,,,,,,,,,,,,,,,,,
MIR,2024-07-19 16:00:00,16,19,7,,,,,,,,,,,,,,,,,
MIR,2024-07-19 17:00:00,17,19,7,,,,,,,,,,,,,,,,,
MIR,2024-07-19 18:00:00,18,19,7,,,,,,,,,,,,,,,,,
MIR,2024-07-19 19:00:00,19,19,7,,,,,,,,,,,,,,,,,
MIR,2024-07-19 20:00:00,20,19,7,,,,,,,,,,,,,,,,,
MIR,2024-07-19 21:00:00,21,19,7,,,,,,,,,,,,,,,,,
MIR,2024-07-19 22:00:00,22,19,7,,,,,,,,,,,,,,,,,
MIR,2024-07-19 23:00:00,23,19,7,,,,,,,,,,,,,,,,,
MIR,2024-07-20 00:00:00,0,20,7,,,,,,,,,,,,,,,,,
MIR,2024-07-20 01:00:00,1,20,7,,,,,,,,,,,,,,,,,
MIR,2024-07-20 02:00:00,2,20,7,,,,,,,,,,,,,,,,,
MIR,2024-07-20 03:00:00,3,20,7,,,,,,,,,,,,,,,,,
MIR,2024-07-20 04:00:00,4,20,7,,,,,,,,,,,,,,,,,
MIR,2024-07-20 05:00:00,5,20,7,,,,,,,,,,,,,,,,,
MIR,2024-07-20 06:00:00,6,20,7,,,,,,,,,,,,,,,,,
MIR,2024-07-20 07:00:00,7,20,7,,,,,,,,,,,,,,,,,
MIR,2024-07-20 08:00:00,8,20,7,,,,,,,,,,,,,,,,,
MIR,2024-07-20 09:00:00,9,20,7,,,,,,,,,,,,,,,,,
MIR,2024-07-20 10:00:00,10,20,7,,,,,,,,,,,,,,,,,
MIR,2024-07-20 11:00:00,11,20,7,,,,,,,,,,,,,,,,,
MIR,2024-07-20 12:00:00,12,20,7,,,,,,,,,,,,,,,,,
MIR,2024-07-20 13:00:00,13,20,7,,,,,,,,,,,,,,,,,
MIR,2024-07-20 14:00:00,14,20,7,,,,,,,,,,,,,,,,,
MIR,2024-07-20 15:00:00,15,20,7,,,,,,,,,,,,,,,,,
MIR,2024-07-20 16:00:00,16,20,7,,,,,,,,,,,,,,,,,
MIR,2024-07-20 17:00:00,17,20,7,,,,,,,,,,,,,,,,,
MIR,2024-07-20 18:00:00,18,20,7,,,,,,,,,,,,,,,,,
MIR,2024-07-20 19:00:00,19,20,7,,,,,,,,,,,,,,,,,
MIR,2024-07-20 20:00:00,20,20,7,,,,,,,,,,,,,,,,,
MIR,2024-07-20 21:00:00,21,20,7,,,,,,,,,,,,,,,,,
MIR,2024-07-20 22:00:00,22,20,7,,,,,,,,,,,,,,,,,
MIR,2024-07-20 23:00:00,23,20,7,,,,,,,,,,,,,,,,,
MIR,2024-07-21 00:00:00,0,21,7,,,,,,,,,,,,,,,,,
MIR,2024-07-21 01:00:00,1,21,7,,,,,,,,,,,,,,,,,
MIR,2024-07-21 02:00:00,2,21,7,,,,,,,,,,,,,,,,,
MIR,2024-07-21 03:00:00,3,21,7,,,,,,,,,,,,,,,,,
MIR,2024-07-21 04:00:00,4,21,7,,,,,,,,,,,,,,,,,
MIR,2024-07-21 05:00:00,5,21,7,,,,,,,,,,,,,,,,,
MIR,2024-07-21 06:00:00,6,21,7,,,,,,,,,,,,,,,,,
MIR,2024-07-21 07:00:00,7,21,7,,,,,,,,,,,,,,,,,
MIR,2024-07-21 08:00:00,8,21,7,,,,,,,,,,,,,,,,,
MIR,2024-07-21 09:00:00,9,21,7,,,,,,,,,,,,,,,,,
MIR,2024-07-21 10:00:00,10,21,7,,,,,,,,,,,,,,,,,
MIR,2024-07-21 11:00:00,11,21,7,,,,,,,,,,,,,,,,,
MIR,2024-07-21 12:00:00,12,21,7,,,,,,,,,,,,,,,,,
MIR,2024-07-21 13:00:00,13,21,7,,,,,,,,,,,,,,,,,
MIR,2024-07-21 14:00:00,14,21,7,,,,,,,,,,,,,,,,,
MIR,2024-07-21 15:00:00,15,21,7,,,,,,,,,,,,,,,,,
MIR,2024-07-21 16:00:00,16,21,7,,,,,,,,,,,,,,,,,
MIR,2024-07-21 17:00:00,17,21,7,,,,,,,,,,,,,,,,,
MIR,2024-07-21 18:00:00,18,21,7,,,,,,,,,,,,,,,,,
MIR,2024-07-21 19:00:00,19,21,7,,,,,,,,,,,,,,,,,
MIR,2024-07-21 20:00:00,20,21,7,,,,,,,,,,,,,,,,,
MIR,2024-07-21 21:00:00,21,21,7,,,,,,,,,,,,,,,,,
MIR,2024-07-21 22:00:00,22,21,7,,,,,,,,,,,,,,,,,
MIR,2024-07-21 23:00:00,23,21,7,,,,,,,,,,,,,,,,,
MIR,2024-07-22 00:00:00,0,22,7,,,,,,,,,,,,,,,,,
MIR,2024-07-22 01:00:00,1,22,7,,,,,,,,,,,,,,,,,
MIR,2024-07-22 02:00:00,2,22,7,,,,,,,,,,,,,,,,,
MIR,2024-07-22 03:00:00,3,22,7,,,,,,,,,,,,,,,,,
MIR,2024-07-22 04:00:00,4,22,7,,,,,,,,,,,,,,,,,
MIR,2024-07-22 05:00:00,5,22,7,,,,,,,,,,,,,,,,,
MIR,2024-07-22 06:00:00,6,22,7,,,,,,,,,,,,,,,,,
MIR,2024-07-22 07:00:00,7,22,7,,,,,,,,,,,,,,,,,
MIR,2024-07-22 08:00:00,8,22,7,,,,,,,,,,,,,,,,,
MIR,2024-07-22 09:00:00,9,22,7,,,,,,,,,,,,,,,,,
MIR,2024-07-22 10:00:00,10,22,7,,,,,,,,,,,,,,,,,
MIR,2024-07-22 11:00:00,11,22,7,,,,,,,,,,,,,,,,,
MIR,2024-07-22 12:00:00,12,22,7,,,,,,,,,,,,,,,,,
MIR,2024-07-22 13:00:00,13,22,7,0.053,,,,,0.433,,,23.0,27.0,51.0,1.4,121.0,,632.0,,
MIR,2024-07-22 14:00:00,14,22,7,0.053,,,,,0.38,,7.0,22.0,27.0,51.0,1.2,157.0,,631.0,,
MIR,2024-07-22 15:00:00,15,22,7,0.052,,,,,0.425,,15.0,22.0,26.0,52.0,1.6,157.0,,631.0,,
MIR,2024-07-22 16:00:00,16,22,7,0.032,,,,,0.532,,16.0,22.0,25.0,58.0,2.3,127.0,,630.0,,
MIR,2024-07-22 17:00:00,17,22,7,0.034,,,,,0.587,,,22.0,25.0,58.0,1.6,136.0,,630.0,,
MIR,2024-07-22 18:00:00,18,22,7,0.028,,,,,0.69,,11.0,23.0,25.0,60.0,1.1,159.0,,630.0,,
MIR,2024-07-22 19:00:00,19,22,7,0.01,,,,,0.978,,12.0,23.0,24.0,65.0,0.6,186.0,,631.0,,
MIR,2024-07-22 20:00:00,20,22,7,0.008,,,,,0.821,,25.0,23.0,23.0,70.0,0.4,227.0,,631.0,,
MIR,2024-07-22 21:00:00,21,22,7,0.0,,,,,1.203,,11.0,23.0,23.0,74.0,0.2,142.0,,632.0,,
MIR,2024-07-22 22:00:00,22,22,7,0.007,,,,,0.534,,,23.0,22.0,74.0,0.3,146.0,,632.0,,
MIR,2024-07-22 23:00:00,23,22,7,0.023,,,,,,,,23.0,22.0,71.0,0.9,259.0,,632.0,,
MIR,2024-07-23 00:00:00,0,23,7,0.028,,,,,0.285,,,23.0,21.0,70.0,0.3,167.0,,632.0,,
MIR,2024-07-23 01:00:00,1,23,7,0.032,,,,,0.3,,,23.0,21.0,70.0,0.3,253.0,,632.0,,
MIR,2024-07-23 02:00:00,2,23,7,0.014,,,,,0.47,,,23.0,19.0,88.0,0.2,206.0,,633.0,,
MIR,2024-07-23 03:00:00,3,23,7,0.013,,,,,0.459,,,23.0,19.0,87.0,0.4,328.0,,632.0,,
MIR,2024-07-23 04:00:00,4,23,7,0.028,,,,,0.36,,,23.0,20.0,82.0,1.1,273.0,,633.0,,
MIR,2024-07-23 05:00:00,5,23,7,0.022,,,,,0.527,,,23.0,19.0,86.0,0.7,319.0,,633.0,,
MIR,2024-07-23 06:00:00,6,23,7,0.004,,,,,0.57,,,23.0,19.0,94.0,0.7,36.0,,633.0,,
MIR,2024-07-23 07:00:00,7,23,7,0.006,,,,,0.666,,,23.0,19.0,93.0,0.6,41.0,,633.0,,
MIR,2024-07-23 08:00:00,8,23,7,0.011,,,,,0.584,,,23.0,19.0,88.0,0.4,12.0,,634.0,,
MIR,2024-07-23 09:00:00,9,23,7,0.018,,,,,0.621,,,23.0,21.0,78.0,0.6,72.0,,634.0,,
MIR,2024-07-23 10:00:00,10,23,7,0.037,,,,,0.339,,20.0,23.0,23.0,70.0,1.2,130.0,,634.0,,
MIR,2024-07-23 11:00:00,11,23,7,0.047,,,,,0.131,,12.0,22.0,24.0,63.0,1.4,132.0,,634.0,,
MIR,2024-07-23 12:00:00,12,23,7,0.053,,,,,0.409,,,22.0,26.0,58.0,1.9,127.0,,633.0,,
MIR,2024-07-23 13:00:00,13,23,7,0.05,,,,,0.491,25.0,,22.0,26.0,55.0,2.5,130.0,,633.0,,
MIR,2024-07-23 14:00:00,14,23,7,0.033,,,,,0.558,29.0,,22.0,25.0,61.0,1.4,243.0,,633.0,,
MIR,2024-07-23 15:00:00,15,23,7,0.028,,,,,0.387,27.0,,22.0,25.0,61.0,2.0,266.0,,632.0,,
MIR,2024-07-23 16:00:00,16,23,7,0.028,,,,,0.462,26.0,,23.0,25.0,63.0,2.9,262.0,,632.0,,
MIR,2024-07-23 17:00:00,17,23,7,0.022,,,,,0.518,19.0,,23.0,22.0,79.0,1.0,247.0,,633.0,,
MIR,2024-07-23 18:00:00,18,23,7,0.007,,,,,0.773,17.0,,23.0,21.0,89.0,0.2,331.0,,633.0,,
MIR,2024-07-23 19:00:00,19,23,7,0.0,,,,,1.258,16.0,,23.0,21.0,91.0,0.2,326.0,,634.0,,
MIR,2024-07-23 20:00:00,20,23,7,0.001,,,,,0.809,18.0,,23.0,21.0,90.0,0.3,357.0,,634.0,,
MIR,2024-07-23 21:00:00,21,23,7,0.003,,,,,0.483,22.0,,23.0,20.0,89.0,0.1,320.0,,634.0,,
MIR,2024-07-23 22:00:00,22,23,7,0.002,,,,,0.665,22.0,,23.0,20.0,89.0,0.1,298.0,,635.0,,
MIR,2024-07-23 23:00:00,23,23,7,0.001,,,,,0.788,18.0,,23.0,20.0,88.0,0.2,167.0,,635.0,,
MIR,2024-07-24 00:00:00,0,24,7,0.006,,,,,0.435,71.0,,23.0,20.0,89.0,0.7,251.0,,635.0,,
MIR,2024-07-24 01:00:00,1,24,7,0.01,,,,,0.233,21.0,,23.0,20.0,92.0,0.4,4.0,,635.0,,
MIR,2024-07-24 02:00:00,2,24,7,0.012,,,,,0.427,19.0,,23.0,19.0,92.0,0.2,305.0,,635.0,,
MIR,2024-07-24 03:00:00,3,24,7,0.006,,,,,0.518,8.0,,23.0,19.0,92.0,0.1,349.0,,635.0,,
MIR,2024-07-24 04:00:00,4,24,7,0.002,,,,,0.463,19.0,,23.0,19.0,92.0,0.1,342.0,,635.0,,
MIR,2024-07-24 05:00:00,5,24,7,0.0,,,,,0.538,15.0,,23.0,19.0,93.0,0.1,260.0,,635.0,,
MIR,2024-07-24 06:00:00,6,24,7,0.0,,,,,0.787,55.0,,23.0,19.0,94.0,0.1,317.0,,635.0,,
MIR,2024-07-24 07:00:00,7,24,7,0.002,,,,,0.979,27.0,,23.0,20.0,90.0,0.2,166.0,,636.0,,
MIR,2024-07-24 08:00:00,8,24,7,0.004,,,,,0.743,53.0,,23.0,21.0,84.0,0.4,128.0,,636.0,,
MIR,2024-07-24 09:00:00,9,24,7,0.008,,,,,0.473,57.0,17.0,23.0,21.0,81.0,0.7,148.0,,636.0,,
MIR,2024-07-24 10:00:00,10,24,7,0.021,,,,,0.568,45.0,,23.0,23.0,69.0,1.0,136.0,,636.0,,
MIR,2024-07-24 11:00:00,11,24,7,0.04,,,,,0.578,41.0,13.0,22.0,25.0,63.0,0.6,307.0,,636.0,,
MIR,2024-07-24 12:00:00,12,24,7,0.061,,,,,0.562,40.0,15.0,22.0,26.0,55.0,1.2,122.0,,635.0,,
MIR,2024-07-24 13:00:00,13,24,7,0.08,,,,,0.524,38.0,15.0,22.0,27.0,53.0,0.9,47.0,,635.0,,
MIR,2024-07-24 14:00:00,14,24,7,0.095,,,,,0.633,39.0,23.0,22.0,27.0,52.0,0.6,346.0,,634.0,,
MIR,2024-07-24 15:00:00,15,24,7,0.063,,,,,0.736,38.0,15.0,22.0,24.0,72.0,1.9,299.0,,634.0,,
MIR,2024-07-24 16:00:00,16,24,7,0.026,,,,,0.586,36.0,,23.0,20.0,88.0,2.0,304.0,,633.0,,
MIR,2024-07-24 17:00:00,17,24,7,0.021,,,,,0.813,18.0,,23.0,21.0,84.0,1.6,297.0,,633.0,,
MIR,2024-07-24 18:00:00,18,24,7,0.005,,,,,1.151,17.0,,23.0,22.0,85.0,0.8,308.0,,634.0,,
MIR,2024-07-24 19:00:00,19,24,7,0.001,,,,,1.273,21.0,,23.0,22.0,84.0,0.4,317.0,,634.0,,
MIR,2024-07-24 20:00:00,20,24,7,0.002,,,,,0.759,26.0,,23.0,22.0,84.0,0.3,323.0,,634.0,,
MIR,2024-07-24 21:00:00,21,24,7,0.006,,,,,0.639,24.0,,23.0,22.0,84.0,0.6,291.0,,635.0,,
MIR,2024-07-24 22:00:00,22,24,7,0.011,,,,,0.571,22.0,,23.0,21.0,85.0,0.8,299.0,,635.0,,
MIR,2024-07-24 23:00:00,23,24,7,0.016,,,,,0.442,14.0,,23.0,21.0,87.0,0.6,310.0,,635.0,,
MIR,2024-07-25 00:00:00,0,25,7,0.012,,,,,0.487,18.0,,23.0,21.0,89.0,0.4,309.0,,635.0,,
MIR,2024-07-25 01:00:00,1,25,7,0.016,,,,,0.349,16.0,,23.0,20.0,89.0,0.3,289.0,,635.0,,
MIR,2024-07-25 02:00:00,2,25,7,0.026,,,,,0.417,10.0,,23.0,19.0,92.0,1.4,179.0,,635.0,,
MIR,2024-07-25 03:00:00,3,25,7,0.03,,,,,0.429,11.0,,23.0,18.0,98.0,0.6,186.0,,635.0,,
MIR,2024-07-25 04:00:00,4,25,7,0.025,,,,,0.463,7.0,,23.0,18.0,100.0,0.6,157.0,,635.0,,
MIR,2024-07-25 05:00:00,5,25,7,0.023,,,,,0.494,2.0,,23.0,18.0,99.0,0.3,162.0,,635.0,,
MIR,2024-07-25 06:00:00,6,25,7,0.013,,,,,0.582,2.0,,23.0,18.0,99.0,0.3,154.0,,635.0,,
MIR,2024-07-25 07:00:00,7,25,7,0.008,,,,,0.796,5.0,,23.0,18.0,99.0,0.2,62.0,,635.0,,
MIR,2024-07-25 08:00:00,8,25,7,0.005,,,,,0.643,10.0,,23.0,18.0,99.0,0.1,328.0,,636.0,,
MIR,2024-07-25 09:00:00,9,25,7,0.01,,,,,0.627,11.0,,23.0,18.0,97.0,0.2,306.0,,636.0,,
MIR,2024-07-25 10:00:00,10,25,7,0.019,,,,,0.476,11.0,,23.0,19.0,91.0,1.1,282.0,,636.0,,
MIR,2024-07-25 11:00:00,11,25,7,0.025,,,,,0.345,7.0,,23.0,20.0,82.0,0.5,233.0,,636.0,,
MIR,2024-07-25 12:00:00,12,25,7,0.029,,,,,0.45,10.0,6.0,23.0,21.0,74.0,0.4,157.0,,635.0,,
MIR,2024-07-25 13:00:00,13,25,7,0.046,,,,,0.389,16.0,9.0,23.0,23.0,65.0,1.0,318.0,,635.0,,
MIR,2024-07-25 14:00:00,14,25,7,0.047,,,,,0.4,11.0,8.0,22.0,24.0,64.0,1.6,269.0,,634.0,,
MIR,2024-07-25 15:00:00,15,25,7,0.038,,,,,0.393,12.0,5.0,22.0,23.0,66.0,2.0,253.0,,634.0,,
MIR,2024-07-25 16:00:00,16,25,7,0.032,,,,,0.459,10.0,3.0,23.0,22.0,71.0,1.3,249.0,,634.0,,
MIR,2024-07-25 17:00:00,17,25,7,0.026,,,,,0.548,10.0,1.0,23.0,22.0,75.0,1.6,251.0,,634.0,,
MIR,2024-07-25 18:00:00,18,25,7,0.021,,,,,0.604,13.0,0.0,23.0,22.0,74.0,1.3,259.0,,634.0,,
MIR,2024-07-25 19:00:00,19,25,7,0.014,,,,,0.788,23.0,1.0,23.0,22.0,71.0,0.8,291.0,,634.0,,
MIR,2024-07-25 20:00:00,20,25,7,0.016,,,,,0.711,26.0,6.0,23.0,21.0,75.0,0.9,296.0,,634.0,,
MIR,2024-07-25 21:00:00,21,25,7,0.02,,,,,0.615,18.0,5.0,23.0,21.0,79.0,1.1,300.0,,634.0,,
MIR,2024-07-25 22:00:00,22,25,7,0.024,,,,,0.426,17.0,0.0,23.0,20.0,83.0,0.9,314.0,,635.0,,
MIR,2024-07-25 23:00:00,23,25,7,0.028,,,,,0.221,8.0,,23.0,19.0,86.0,1.4,311.0,,635.0,,
MIR,2024-07-26 00:00:00,0,26,7,0.024,,,,,0.403,4.0,1.0,23.0,19.0,89.0,0.6,319.0,,634.0,,
MIR,2024-07-26 01:00:00,1,26,7,0.024,,,,,0.455,3.0,1.0,23.0,19.0,88.0,0.2,359.0,,634.0,,
MIR,2024-07-26 02:00:00,2,26,7,0.011,,,,,0.488,3.0,2.0,23.0,19.0,90.0,0.1,35.0,,634.0,,
MIR,2024-07-26 03:00:00,3,26,7,0.014,,,,,0.51,26.0,15.0,23.0,19.0,91.0,0.1,347.0,,633.0,,
MIR,2024-07-26 04:00:00,4,26,7,0.012,,,,,0.476,11.0,7.0,23.0,19.0,91.0,0.1,334.0,,633.0,,
MIR,2024-07-26 05:00:00,5,26,7,0.002,,,,,0.628,9.0,5.0,23.0,19.0,92.0,0.1,319.0,,633.0,,
MIR,2024-07-26 06:00:00,6,26,7,0.003,,,,,0.565,23.0,7.0,23.0,19.0,92.0,0.1,317.0,,633.0,,
MIR,2024-07-26 07:00:00,7,26,7,0.003,,,,,0.832,17.0,5.0,23.0,19.0,89.0,0.2,47.0,,634.0,,
MIR,2024-07-26 08:00:00,8,26,7,0.009,,,,,0.573,36.0,9.0,23.0,20.0,84.0,0.4,136.0,,634.0,,
MIR,2024-07-26 09:00:00,9,26,7,0.017,,,,,0.406,27.0,8.0,23.0,20.0,82.0,0.6,273.0,,634.0,,
MIR,2024-07-26 10:00:00,10,26,7,0.028,,,,,0.401,24.0,5.0,23.0,22.0,77.0,1.0,244.0,,634.0,,
MIR,2024-07-26 11:00:00,11,26,7,0.029,,,,,0.292,8.0,3.0,24.0,22.0,74.0,1.5,258.0,,634.0,,
MIR,2024-07-26 12:00:00,12,26,7,0.03,,,,,0.454,7.0,4.0,26.0,22.0,71.0,1.0,269.0,,633.0,,
MIR,2024-07-26 13:00:00,13,26,7,0.021,,,,,0.63,7.0,4.0,26.0,19.0,93.0,0.9,276.0,,633.0,,
MIR,2024-07-26 14:00:00,14,26,7,0.019,,,,,0.639,11.0,4.0,26.0,19.0,93.0,0.6,299.0,,633.0,,
MIR,2024-07-26 15:00:00,15,26,7,0.012,,,,,0.785,8.0,3.0,26.0,20.0,91.0,0.3,163.0,,633.0,,
MIR,2024-07-26 16:00:00,16,26,7,0.018,,,,,0.677,15.0,7.0,26.0,21.0,82.0,0.2,23.0,,632.0,,
MIR,2024-07-26 17:00:00,17,26,7,0.016,,,,,0.875,23.0,13.0,26.0,21.0,81.0,0.3,24.0,,632.0,,
MIR,2024-07-26 18:00:00,18,26,7,0.008,,,,,0.734,38.0,24.0,26.0,21.0,86.0,0.1,345.0,,632.0,,
MIR,2024-07-26 19:00:00,19,26,7,0.002,,,,,0.826,42.0,14.0,26.0,20.0,93.0,0.4,264.0,,633.0,,
MIR,2024-07-26 20:00:00,20,26,7,0.013,,,,,0.373,18.0,13.0,26.0,19.0,94.0,2.5,265.0,,633.0,,
MIR,2024-07-26 21:00:00,21,26,7,0.017,,,,,0.239,7.0,7.0,26.0,19.0,96.0,1.4,270.0,,633.0,,
MIR,2024-07-26 22:00:00,22,26,7,0.015,,,,,0.401,5.0,2.0,26.0,18.0,94.0,0.6,164.0,,634.0,,
MIR,2024-07-26 23:00:00,23,26,7,0.023,,,,,0.361,5.0,1.0,26.0,18.0,91.0,0.4,102.0,,634.0,,
MIR,2024-07-27 00:00:00,0,27,7,0.019,,,,,0.49,4.0,1.0,26.0,18.0,91.0,0.1,342.0,,633.0,,
MIR,2024-07-27 01:00:00,1,27,7,0.006,,,,,0.705,3.0,2.0,26.0,18.0,97.0,0.2,351.0,,633.0,,
MIR,2024-07-27 02:00:00,2,27,7,0.007,,,,,0.483,11.0,4.0,26.0,18.0,98.0,0.5,332.0,,633.0,,
MIR,2024-07-27 03:00:00,3,27,7,0.032,,,,,0.27,12.0,3.0,26.0,18.0,92.0,1.2,307.0,,633.0,,
MIR,2024-07-27 04:00:00,4,27,7,0.027,,,,,0.404,5.0,3.0,26.0,17.0,92.0,0.3,212.0,,632.0,,
MIR,2024-07-27 05:00:00,5,27,7,0.004,,,,,0.584,,1.0,26.0,16.0,97.0,0.1,59.0,,632.0,,
MIR,2024-07-27 06:00:00,6,27,7,0.001,,,,,0.699,26.0,2.0,26.0,16.0,98.0,0.1,339.0,,633.0,,
MIR,2024-07-27 07:00:00,7,27,7,0.009,,,,,0.7,21.0,12.0,26.0,18.0,90.0,0.3,331.0,,633.0,,
MIR,2024-07-27 08:00:00,8,27,7,0.022,,,,,0.538,21.0,10.0,26.0,19.0,79.0,0.3,328.0,,633.0,,
MIR,2024-07-27 09:00:00,9,27,7,0.032,,,,,0.4,28.0,12.0,26.0,20.0,73.0,0.8,280.0,,633.0,,
MIR,2024-07-27 10:00:00,10,27,7,0.046,,,,,0.493,32.0,16.0,26.0,22.0,66.0,1.0,49.0,,633.0,,
MIR,2024-07-27 11:00:00,11,27,7,0.056,,,,,0.494,26.0,,25.0,23.0,63.0,1.5,79.0,,633.0,,
MIR,2024-07-27 12:00:00,12,27,7,0.055,,,,,0.394,29.0,,25.0,23.0,60.0,1.1,118.0,,633.0,,
MIR,2024-07-27 13:00:00,13,27,7,0.059,,,,,0.436,22.0,,26.0,25.0,56.0,1.2,149.0,,632.0,,
MIR,2024-07-27 14:00:00,14,27,7,0.067,,,,,0.429,20.0,,26.0,26.0,50.0,1.4,117.0,,631.0,,
MIR,2024-07-27 15:00:00,15,27,7,0.077,,,,,0.482,20.0,,26.0,27.0,48.0,1.1,185.0,,631.0,,
MIR,2024-07-27 16:00:00,16,27,7,0.077,,,,,0.408,26.0,,26.0,27.0,46.0,1.0,245.0,,631.0,,
MIR,2024-07-27 17:00:00,17,27,7,0.078,,,,,0.458,20.0,,26.0,26.0,50.0,1.2,188.0,,631.0,,
MIR,2024-07-27 18:00:00,18,27,7,0.048,,,,,0.522,32.0,,26.0,26.0,55.0,1.9,171.0,,631.0,,
MIR,2024-07-27 19:00:00,19,27,7,0.038,,,,,0.514,28.0,,26.0,24.0,58.0,0.6,233.0,,631.0,,
MIR,2024-07-27 20:00:00,20,27,7,0.044,,,,,0.697,16.0,,26.0,21.0,76.0,1.4,19.0,,632.0,,
MIR,2024-07-27 21:00:00,21,27,7,0.035,,,,,0.874,35.0,,26.0,19.0,79.0,0.6,359.0,,633.0,,
MIR,2024-07-27 22:00:00,22,27,7,0.033,,,,,0.573,63.0,,26.0,20.0,73.0,0.5,2.0,,633.0,,
MIR,2024-07-27 23:00:00,23,27,7,0.023,,,,,0.555,23.0,,26.0,20.0,77.0,0.2,311.0,,633.0,,
MIR,2024-07-28 00:00:00,0,28,7,0.013,,,,,0.672,17.0,,26.0,20.0,80.0,0.4,142.0,,633.0,,
MIR,2024-07-28 01:00:00,1,28,7,0.028,,,,,0.348,34.0,,26.0,19.0,86.0,0.5,29.0,,633.0,,
MIR,2024-07-28 02:00:00,2,28,7,0.02,,,,,0.512,39.0,,26.0,18.0,91.0,0.1,3.0,,633.0,,
MIR,2024-07-28 03:00:00,3,28,7,0.013,,,,,0.553,23.0,,26.0,17.0,94.0,0.1,1.0,,633.0,,
MIR,2024-07-28 04:00:00,4,28,7,0.005,,,,,0.609,12.0,,26.0,17.0,94.0,0.1,145.0,,633.0,,
MIR,2024-07-28 05:00:00,5,28,7,0.002,,,,,0.715,30.0,,26.0,17.0,97.0,0.1,275.0,,633.0,,
MIR,2024-07-28 06:00:00,6,28,7,0.0,,,,,0.993,30.0,,25.0,17.0,97.0,0.1,172.0,,633.0,,
MIR,2024-07-28 07:00:00,7,28,7,0.005,,,,,0.966,46.0,,26.0,19.0,89.0,0.2,28.0,,634.0,,
MIR,2024-07-28 08:00:00,8,28,7,0.026,,,,,0.547,34.0,,26.0,21.0,78.0,0.5,117.0,,634.0,,
MIR,2024-07-28 09:00:00,9,28,7,0.041,,,,,0.55,37.0,,26.0,22.0,73.0,0.8,142.0,,634.0,,
MIR,2024-07-28 10:00:00,10,28,7,0.056,,,,,0.486,40.0,,25.0,23.0,65.0,0.8,342.0,,634.0,,
MIR,2024-07-28 11:00:00,11,28,7,0.07,,,,,0.388,38.0,,26.0,25.0,56.0,0.9,51.0,,634.0,,
MIR,2024-07-28 12:00:00,12,28,7,0.074,,,,,0.436,31.0,,25.0,26.0,49.0,1.2,187.0,,634.0,,
MIR,2024-07-28 13:00:00,13,28,7,0.072,,,,,0.424,23.0,,25.0,27.0,46.0,1.1,79.0,,633.0,,
MIR,2024-07-28 14:00:00,14,28,7,0.072,,,,,0.433,21.0,,26.0,28.0,44.0,0.8,91.0,,632.0,,
MIR,2024-07-28 15:00:00,15,28,7,0.077,,,,,0.429,26.0,,26.0,29.0,40.0,1.1,356.0,,632.0,,
MIR,2024-07-28 16:00:00,16,28,7,0.069,,,,,0.442,22.0,,26.0,28.0,41.0,1.1,97.0,,632.0,,
MIR,2024-07-28 17:00:00,17,28,7,0.059,,,,,0.477,23.0,,25.0,27.0,48.0,1.1,275.0,,631.0,,
MIR,2024-07-28 18:00:00,18,28,7,0.043,,,,,0.523,26.0,,26.0,25.0,59.0,1.7,300.0,,632.0,,
MIR,2024-07-28 19:00:00,19,28,7,0.029,,,,,0.507,26.0,,26.0,22.0,69.0,1.1,209.0,,632.0,,
MIR,2024-07-28 20:00:00,20,28,7,0.028,,,,,0.535,32.0,,26.0,22.0,67.0,0.4,235.0,,633.0,,
MIR,2024-07-28 21:00:00,21,28,7,0.004,,,,,0.86,21.0,,26.0,23.0,65.0,0.4,91.0,,633.0,,
MIR,2024-07-28 22:00:00,22,28,7,0.002,,,,,0.834,39.0,,26.0,22.0,72.0,0.5,173.0,,633.0,,
MIR,2024-07-28 23:00:00,23,28,7,0.0,,,,,0.937,57.0,,26.0,22.0,75.0,0.5,184.0,,634.0,,
MIR,2024-07-29 00:00:00,0,29,7,0.0,,,,,1.013,94.0,,26.0,22.0,75.0,0.4,163.0,,634.0,,
MIR,2024-07-29 01:00:00,1,29,7,0.002,,,,,0.784,86.0,,26.0,21.0,78.0,1.1,168.0,,633.0,,
MIR,2024-07-29 02:00:00,2,29,7,0.004,,,,,0.501,123.0,,26.0,21.0,77.0,0.6,186.0,,633.0,,
MIR,2024-07-29 03:00:00,3,29,7,0.005,,,,,0.372,77.0,,26.0,20.0,79.0,0.1,151.0,,633.0,,
MIR,2024-07-29 04:00:00,4,29,7,0.006,,,,,0.515,50.0,,26.0,20.0,83.0,0.2,110.0,,633.0,,
MIR,2024-07-29 05:00:00,5,29,7,0.007,,,,,0.556,37.0,,26.0,20.0,83.0,0.2,136.0,,633.0,,
MIR,2024-07-29 06:00:00,6,29,7,0.006,,,,,0.693,38.0,,26.0,20.0,82.0,0.4,118.0,,634.0,,
MIR,2024-07-29 07:00:00,7,29,7,0.005,,,,,0.796,49.0,,26.0,20.0,82.0,0.8,150.0,,634.0,,
MIR,2024-07-29 08:00:00,8,29,7,0.008,,,,,0.688,75.0,,26.0,20.0,81.0,0.8,154.0,,634.0,,
MIR,2024-07-29 09:00:00,9,29,7,0.015,,,,,0.499,64.0,,26.0,21.0,74.0,1.0,132.0,,634.0,,
MIR,2024-07-29 10:00:00,10,29,7,0.025,,,,,0.458,37.0,,26.0,23.0,66.0,1.3,107.0,,634.0,,
MIR,2024-07-29 11:00:00,11,29,7,0.041,,,,,0.34,44.0,,26.0,24.0,60.0,1.9,119.0,,634.0,,
MIR,2024-07-29 12:00:00,12,29,7,,,,,,,,,,,,,,,,,
MIR,2024-07-29 13:00:00,13,29,7,0.045,,,,,0.421,34.0,,25.0,26.0,60.0,1.6,140.0,,633.0,,
MIR,2024-07-29 14:00:00,14,29,7,0.032,,,,,0.44,33.0,13.0,25.0,25.0,64.0,1.5,6.0,,633.0,,
MIR,2024-07-29 15:00:00,15,29,7,0.039,,,,,0.527,31.0,12.0,26.0,27.0,59.0,1.2,4.0,,632.0,,
MIR,2024-07-29 16:00:00,16,29,7,0.04,,,,,0.591,25.0,11.0,26.0,27.0,58.0,1.5,317.0,,632.0,,
MIR,2024-07-29 17:00:00,17,29,7,0.037,,,,,0.657,23.0,15.0,26.0,27.0,56.0,0.9,323.0,,632.0,,
MIR,2024-07-29 18:00:00,18,29,7,0.029,,,,,0.554,27.0,13.0,26.0,24.0,66.0,1.5,6.0,,632.0,,
MIR,2024-07-29 19:00:00,19,29,7,0.018,,,,,0.869,46.0,10.0,26.0,23.0,73.0,0.8,319.0,,632.0,,
MIR,2024-07-29 20:00:00,20,29,7,0.0,,,,,1.15,25.0,10.0,26.0,22.0,78.0,0.3,280.0,,632.0,,
MIR,2024-07-29 21:00:00,21,29,7,0.0,,,,,1.058,44.0,16.0,26.0,23.0,75.0,0.4,110.0,,633.0,,
MIR,2024-07-29 22:00:00,22,29,7,0.0,,,,,1.111,68.0,19.0,26.0,23.0,78.0,0.3,159.0,,633.0,,
MIR,2024-07-29 23:00:00,23,29,7,0.021,,,,,0.308,53.0,25.0,26.0,23.0,74.0,1.5,263.0,,633.0,,
MIR,2024-07-30 00:00:00,0,30,7,0.035,,,,,0.385,34.0,15.0,26.0,22.0,79.0,1.3,301.0,,633.0,,
MIR,2024-07-30 01:00:00,1,30,7,0.018,,,,,0.734,21.0,16.0,26.0,21.0,85.0,0.2,358.0,,633.0,,
MIR,2024-07-30 02:00:00,2,30,7,0.0,,,,,0.931,30.0,19.0,26.0,21.0,85.0,0.2,136.0,,633.0,,
MIR,2024-07-30 03:00:00,3,30,7,0.005,,,,,0.364,46.0,20.0,26.0,21.0,87.0,0.2,266.0,,633.0,,
MIR,2024-07-30 04:00:00,4,30,7,0.021,,,,,0.324,31.0,15.0,26.0,21.0,89.0,0.2,334.0,,633.0,,
MIR,2024-07-30 05:00:00,5,30,7,0.016,,,,,0.451,13.0,10.0,26.0,20.0,89.0,1.1,32.0,,633.0,,
MIR,2024-07-30 06:00:00,6,30,7,0.014,,,,,0.575,21.0,10.0,26.0,20.0,92.0,0.4,330.0,,633.0,,
MIR,2024-07-30 07:00:00,7,30,7,0.004,,,,,0.791,18.0,10.0,26.0,20.0,86.0,0.6,62.0,,634.0,,
MIR,2024-07-30 08:00:00,8,30,7,0.002,,,,,0.794,29.0,13.0,26.0,20.0,91.0,0.4,164.0,,634.0,,
MIR,2024-07-30 09:00:00,9,30,7,0.008,,,,,0.69,32.0,10.0,26.0,21.0,84.0,0.7,71.0,,634.0,,
MIR,2024-07-30 10:00:00,10,30,7,0.028,,,,,0.486,40.0,22.0,26.0,23.0,74.0,1.7,108.0,,634.0,,
MIR,2024-07-30 11:00:00,11,30,7,0.041,,,,,0.333,33.0,9.0,26.0,24.0,69.0,1.9,134.0,,633.0,,
MIR,2024-07-30 12:00:00,12,30,7,0.043,,,,,0.574,22.0,11.0,28.0,25.0,63.0,1.8,127.0,,633.0,,
MIR,2024-07-30 13:00:00,13,30,7,0.047,,,,,0.59,37.0,18.0,,26.0,60.0,1.7,117.0,,633.0,,
MIR,2024-07-30 14:00:00,14,30,7,0.047,,,,,0.557,29.0,13.0,,27.0,56.0,1.8,104.0,,632.0,,
MIR,2024-07-30 15:00:00,15,30,7,0.044,,,,,1.009,33.0,11.0,,28.0,50.0,1.1,152.0,,631.0,,
MIR,2024-07-30 16:00:00,16,30,7,0.038,,,,,0.667,23.0,11.0,,27.0,56.0,1.6,159.0,,631.0,,
MIR,2024-07-30 17:00:00,17,30,7,0.018,,,,,0.581,31.0,15.0,,20.0,94.0,2.2,187.0,,632.0,,
MIR,2024-07-30 18:00:00,18,30,7,0.006,,,,,0.602,29.0,24.0,,20.0,94.0,0.8,198.0,,631.0,,
MIR,2024-07-30 19:00:00,19,30,7,0.031,,,,,0.195,29.0,17.0,,21.0,87.0,0.6,186.0,,632.0,,
MIR,2024-07-30 20:00:00,20,30,7,0.004,,,,,0.734,21.0,17.0,27.0,21.0,87.0,0.6,233.0,,633.0,,
MIR,2024-07-30 21:00:00,21,30,7,0.005,,,,,0.585,39.0,19.0,26.0,20.0,90.0,0.6,333.0,,633.0,,
MIR,2024-07-30 22:00:00,22,30,7,0.0,,,,,0.859,24.0,18.0,26.0,20.0,99.0,0.5,302.0,,634.0,,
MIR,2024-07-30 23:00:00,23,30,7,0.002,,,,,0.576,26.0,13.0,26.0,20.0,98.0,0.4,28.0,,634.0,,
MIR,2024-07-31 00:00:00,0,31,7,0.005,,,,,0.49,24.0,,26.0,19.0,97.0,0.4,10.0,,634.0,,
MIR,2024-07-31 01:00:00,1,31,7,0.004,,,,,0.416,37.0,,26.0,18.0,99.0,0.2,328.0,,633.0,,
MIR,2024-07-31 02:00:00,2,31,7,0.009,,,,,0.417,19.0,,26.0,18.0,100.0,0.1,321.0,,633.0,,
MIR,2024-07-31 03:00:00,3,31,7,0.007,,,,,0.457,30.0,,26.0,18.0,100.0,0.2,325.0,,633.0,,
MIR,2024-07-31 04:00:00,4,31,7,0.007,,,,,0.421,23.0,,26.0,18.0,100.0,0.1,271.0,,633.0,,
MIR,2024-07-31 05:00:00,5,31,7,0.002,,,,,0.514,25.0,,26.0,19.0,100.0,0.1,233.0,,633.0,,
MIR,2024-07-31 06:00:00,6,31,7,0.0,,,,,0.936,30.0,,26.0,18.0,100.0,0.1,301.0,,633.0,,
MIR,2024-07-31 07:00:00,7,31,7,0.0,,,,,1.461,33.0,,26.0,19.0,100.0,0.1,310.0,,634.0,,
MIR,2024-07-31 08:00:00,8,31,7,0.004,,,,,0.681,53.0,,26.0,21.0,87.0,0.2,258.0,,634.0,,
MIR,2024-07-31 09:00:00,9,31,7,0.019,,,,,0.153,33.0,,25.0,22.0,71.0,1.3,123.0,,634.0,,
MIR,2024-07-31 10:00:00,10,31,7,0.028,,,,,0.354,28.0,,25.0,24.0,66.0,2.3,117.0,,634.0,,
MIR,2024-07-31 11:00:00,11,31,7,0.035,,,,,0.345,27.0,,25.0,24.0,64.0,2.6,117.0,,634.0,,
MIR,2024-07-31 12:00:00,12,31,7,0.041,,,,,0.405,23.0,,25.0,25.0,61.0,2.2,122.0,,634.0,,
MIR,2024-07-31 13:00:00,13,31,7,0.044,,,,,0.415,28.0,,25.0,26.0,57.0,1.4,146.0,,633.0,,
MIR,2024-07-31 14:00:00,14,31,7,0.047,,,,,0.394,33.0,,25.0,27.0,49.0,1.7,140.0,,632.0,,
MIR,2024-07-31 15:00:00,15,31,7,0.043,,,,,0.403,29.0,,25.0,28.0,45.0,1.6,123.0,,632.0,,
MIR,2024-07-31 16:00:00,16,31,7,0.039,,,,,0.51,32.0,,25.0,27.0,49.0,2.4,95.0,,632.0,,
MIR,2024-07-31 17:00:00,17,31,7,0.035,,,,,0.528,39.0,,25.0,27.0,50.0,1.9,96.0,,631.0,,
MIR,2024-07-31 18:00:00,18,31,7,0.021,,,,,0.695,47.0,,26.0,26.0,57.0,1.6,99.0,,632.0,,
MIR,2024-07-31 19:00:00,19,31,7,0.017,,,,,0.616,60.0,,26.0,24.0,67.0,1.1,127.0,,632.0,,
MIR,2024-07-31 20:00:00,20,31,7,0.018,,,,,0.5,39.0,,26.0,24.0,65.0,1.8,285.0,,633.0,,
MIR,2024-07-31 21:00:00,21,31,7,0.024,,,,,0.332,39.0,,26.0,22.0,70.0,4.2,261.0,,633.0,,
MIR,2024-07-31 22:00:00,22,31,7,0.024,,,,,0.441,20.0,,26.0,22.0,72.0,1.9,289.0,,634.0,,
MIR,2024-07-31 23:00:00,23,31,7,0.031,,,,,0.401,14.0,,26.0,19.0,85.0,1.4,43.0,,635.0,,
MIR,2024-08-01 00:00:00,0,1,8,0.026,,,,,0.432,21.0,,26.0,18.0,97.0,0.2,352.0,,635.0,,
MIR,2024-08-01 01:00:00,1,1,8,0.024,,,,,0.48,15.0,,26.0,18.0,98.0,0.5,352.0,,635.0,,
MIR,2024-08-01 02:00:00,2,1,8,0.032,,,,,0.384,17.0,,26.0,17.0,99.0,0.6,7.0,,634.0,,
MIR,2024-08-01 03:00:00,3,1,8,0.031,,,,,0.36,18.0,,26.0,17.0,99.0,0.9,31.0,,634.0,,
MIR,2024-08-01 04:00:00,4,1,8,0.026,,,,,0.39,8.0,,26.0,17.0,99.0,0.4,322.0,,634.0,,
MIR,2024-08-01 05:00:00,5,1,8,0.014,,,,,0.571,15.0,,26.0,17.0,99.0,0.3,340.0,,634.0,,
MIR,2024-08-01 06:00:00,6,1,8,0.008,,,,,0.572,27.0,,26.0,17.0,98.0,0.2,327.0,,634.0,,
MIR,2024-08-01 07:00:00,7,1,8,0.005,,,,,0.866,18.0,,26.0,17.0,95.0,0.2,325.0,,635.0,,
MIR,2024-08-01 08:00:00,8,1,8,0.016,,,,,0.577,28.0,,26.0,20.0,79.0,0.3,113.0,,635.0,,
MIR,2024-08-01 09:00:00,9,1,8,0.027,,,,,0.472,33.0,,25.0,21.0,69.0,1.1,108.0,,635.0,,
MIR,2024-08-01 10:00:00,10,1,8,0.034,,,,,0.417,40.0,,25.0,23.0,62.0,2.1,108.0,,636.0,,
MIR,2024-08-01 11:00:00,11,1,8,0.039,,,,,0.311,34.0,,25.0,24.0,61.0,2.6,122.0,,636.0,,
MIR,2024-08-01 12:00:00,12,1,8,0.042,,,,,0.419,36.0,,25.0,25.0,58.0,2.5,122.0,,635.0,,
MIR,2024-08-01 13:00:00,13,1,8,0.043,,,,,0.425,35.0,,25.0,26.0,55.0,2.3,114.0,,635.0,,
MIR,2024-08-01 14:00:00,14,1,8,0.045,,,,,0.409,40.0,,25.0,27.0,51.0,2.2,94.0,,634.0,,
MIR,2024-08-01 15:00:00,15,1,8,0.046,,,,,0.456,38.0,,25.0,27.0,51.0,1.9,75.0,,634.0,,
MIR,2024-08-01 16:00:00,16,1,8,0.045,,,,,0.489,36.0,,25.0,27.0,49.0,1.8,65.0,,633.0,,
MIR,2024-08-01 17:00:00,17,1,8,0.042,,,,,0.44,43.0,,25.0,28.0,47.0,2.0,90.0,,633.0,,
MIR,2024-08-01 18:00:00,18,1,8,0.029,,,,,0.633,40.0,,25.0,21.0,81.0,1.5,182.0,,633.0,,
MIR,2024-08-01 19:00:00,19,1,8,0.012,,,,,0.739,29.0,,26.0,21.0,87.0,0.5,266.0,,634.0,,
MIR,2024-08-01 20:00:00,20,1,8,0.002,,,,,1.166,36.0,,26.0,20.0,91.0,0.3,9.0,,634.0,,
MIR,2024-08-01 21:00:00,21,1,8,0.0,,,,,1.55,33.0,,26.0,20.0,93.0,0.1,354.0,,634.0,,
MIR,2024-08-01 22:00:00,22,1,8,0.003,,,,,0.676,41.0,,26.0,20.0,87.0,0.2,253.0,,635.0,,
MIR,2024-08-01 23:00:00,23,1,8,0.012,,,,,,44.0,,26.0,20.0,81.0,0.3,274.0,,635.0,,
MIR,2024-08-02 00:00:00,0,2,8,0.008,,,,,0.612,30.0,,26.0,20.0,85.0,1.2,16.0,,635.0,,
MIR,2024-08-02 01:00:00,1,2,8,0.021,,,,,0.345,32.0,,26.0,18.0,92.0,0.8,325.0,,635.0,,
MIR,2024-08-02 02:00:00,2,2,8,0.014,,,,,0.466,18.0,,26.0,18.0,95.0,0.4,171.0,,635.0,,
MIR,2024-08-02 03:00:00,3,2,8,0.003,,,,,0.528,22.0,,26.0,18.0,97.0,0.1,66.0,,635.0,,
MIR,2024-08-02 04:00:00,4,2,8,0.001,,,,,0.518,23.0,,26.0,18.0,96.0,0.1,134.0,,635.0,,
MIR,2024-08-02 05:00:00,5,2,8,0.001,,,,,0.49,29.0,,26.0,18.0,93.0,0.2,28.0,,635.0,,
MIR,2024-08-02 06:00:00,6,2,8,0.0,,,,,0.823,33.0,,26.0,18.0,92.0,0.4,56.0,,635.0,,
MIR,2024-08-02 07:00:00,7,2,8,0.001,,,,,0.941,40.0,,26.0,19.0,82.0,0.7,68.0,,635.0,,
MIR,2024-08-02 08:00:00,8,2,8,0.008,,,,,0.505,55.0,,25.0,21.0,70.0,1.4,82.0,,635.0,,
MIR,2024-08-02 09:00:00,9,2,8,0.018,,,,,0.295,54.0,,25.0,22.0,63.0,2.2,86.0,,636.0,,
MIR,2024-08-02 10:00:00,10,2,8,0.025,,,,,0.385,47.0,,25.0,22.0,63.0,2.3,114.0,,636.0,,
MIR,2024-08-02 11:00:00,11,2,8,0.033,,,,,0.396,46.0,,25.0,23.0,62.0,1.8,114.0,,635.0,,
MIR,2024-08-02 12:00:00,12,2,8,0.044,,,,,0.409,40.0,,25.0,24.0,59.0,1.6,131.0,,635.0,,
MIR,2024-08-02 13:00:00,13,2,8,0.048,,,,,0.411,42.0,,25.0,25.0,55.0,1.9,137.0,,635.0,,
MIR,2024-08-02 14:00:00,14,2,8,0.049,,,,,0.433,41.0,,25.0,26.0,51.0,1.8,131.0,,634.0,,
MIR,2024-08-02 15:00:00,15,2,8,0.044,,,,,0.454,38.0,,25.0,26.0,50.0,2.2,100.0,,634.0,,
MIR,2024-08-02 16:00:00,16,2,8,0.047,,,,,0.414,40.0,,25.0,27.0,48.0,1.6,101.0,,633.0,,
MIR,2024-08-02 17:00:00,17,2,8,0.046,,,,,0.45,34.0,,25.0,26.0,48.0,1.7,132.0,,632.0,,
MIR,2024-08-02 18:00:00,18,2,8,0.033,,,,,0.604,36.0,,25.0,25.0,53.0,1.5,160.0,,633.0,,
MIR,2024-08-02 19:00:00,19,2,8,0.027,,,,,0.619,50.0,,25.0,24.0,58.0,1.2,193.0,,633.0,,
MIR,2024-08-02 20:00:00,20,2,8,0.014,,,,,0.739,57.0,,25.0,24.0,58.0,0.7,182.0,,633.0,,
MIR,2024-08-02 21:00:00,21,2,8,0.019,,,,,0.656,75.0,,26.0,23.0,60.0,0.8,207.0,,634.0,,
MIR,2024-08-02 22:00:00,22,2,8,0.028,,,,,0.34,44.0,,26.0,20.0,80.0,3.3,100.0,,635.0,,
MIR,2024-08-02 23:00:00,23,2,8,0.016,,,,,0.364,24.0,,26.0,18.0,93.0,1.4,99.0,,635.0,,
MIR,2024-08-03 00:00:00,0,3,8,0.023,,,,,0.431,15.0,,26.0,18.0,95.0,1.0,117.0,,635.0,,
MIR,2024-08-03 01:00:00,1,3,8,0.02,,,,,0.432,13.0,,26.0,18.0,97.0,0.4,64.0,,635.0,,
MIR,2024-08-03 02:00:00,2,3,8,0.016,,,,,0.434,10.0,,26.0,17.0,99.0,0.2,43.0,,635.0,,
MIR,2024-08-03 03:00:00,3,3,8,0.017,,,,,0.402,8.0,,26.0,17.0,100.0,0.1,9.0,,634.0,,
MIR,2024-08-03 04:00:00,4,3,8,0.018,,,,,0.407,10.0,,26.0,17.0,99.0,0.2,348.0,,634.0,,
MIR,2024-08-03 05:00:00,5,3,8,0.014,,,,,0.476,10.0,,26.0,18.0,100.0,0.2,302.0,,634.0,,
MIR,2024-08-03 06:00:00,6,3,8,0.003,,,,,0.654,9.0,,26.0,18.0,100.0,0.5,43.0,,634.0,,
MIR,2024-08-03 07:00:00,7,3,8,0.007,,,,,0.662,15.0,,26.0,18.0,98.0,0.5,25.0,,634.0,,
MIR,2024-08-03 08:00:00,8,3,8,0.015,,,,,0.578,18.0,,26.0,20.0,85.0,0.7,100.0,,635.0,,
MIR,2024-08-03 09:00:00,9,3,8,0.019,,,,,0.481,26.0,,25.0,21.0,76.0,1.6,119.0,,635.0,,
MIR,2024-08-03 10:00:00,10,3,8,0.024,,,,,0.382,31.0,,25.0,22.0,67.0,2.1,109.0,,634.0,,
MIR,2024-08-03 11:00:00,11,3,8,0.032,,,,,0.375,30.0,,25.0,24.0,65.0,1.6,131.0,,634.0,,
MIR,2024-08-03 12:00:00,12,3,8,0.04,,,,,0.438,29.0,,25.0,25.0,58.0,1.3,91.0,,634.0,,
MIR,2024-08-03 13:00:00,13,3,8,0.048,,,,,0.416,33.0,,25.0,26.0,53.0,1.4,70.0,,633.0,,
MIR,2024-08-03 14:00:00,14,3,8,0.046,,,,,0.428,19.0,,25.0,27.0,51.0,2.1,95.0,,632.0,,
MIR,2024-08-03 15:00:00,15,3,8,0.037,,,,,0.442,32.0,,25.0,26.0,53.0,1.9,83.0,,632.0,,
MIR,2024-08-03 16:00:00,16,3,8,0.041,,,,,0.451,27.0,,25.0,27.0,48.0,1.2,102.0,,631.0,,
MIR,2024-08-03 17:00:00,17,3,8,0.04,,,,,0.489,22.0,,25.0,27.0,51.0,1.1,146.0,,631.0,,
MIR,2024-08-03 18:00:00,18,3,8,0.032,,,,,0.51,28.0,,26.0,25.0,57.0,1.1,192.0,,631.0,,
MIR,2024-08-03 19:00:00,19,3,8,0.029,,,,,0.464,43.0,,26.0,24.0,64.0,1.6,249.0,,631.0,,
MIR,2024-08-03 20:00:00,20,3,8,0.029,,,,,0.421,28.0,,26.0,23.0,63.0,3.0,267.0,,632.0,,
MIR,2024-08-03 21:00:00,21,3,8,0.028,,,,,0.459,20.0,,26.0,23.0,59.0,2.3,270.0,,632.0,,
MIR,2024-08-03 22:00:00,22,3,8,0.03,,,,,0.355,18.0,,26.0,22.0,61.0,3.5,268.0,,633.0,,
MIR,2024-08-03 23:00:00,23,3,8,0.024,,,,,0.444,15.0,,26.0,22.0,68.0,0.9,45.0,,634.0,,
MIR,2024-08-04 00:00:00,0,4,8,0.022,,,,,0.431,17.0,,26.0,19.0,92.0,0.8,351.0,,634.0,,
MIR,2024-08-04 01:00:00,1,4,8,0.016,,,,,0.506,11.0,,26.0,19.0,95.0,0.5,277.0,,633.0,,
MIR,2024-08-04 02:00:00,2,4,8,0.009,,,,,0.609,13.0,,26.0,19.0,97.0,0.1,59.0,,633.0,,
MIR,2024-08-04 03:00:00,3,4,8,0.006,,,,,0.563,18.0,,26.0,18.0,99.0,0.2,347.0,,633.0,,
MIR,2024-08-04 04:00:00,4,4,8,0.011,,,,,0.509,14.0,,26.0,18.0,99.0,0.2,300.0,,633.0,,
MIR,2024-08-04 05:00:00,5,4,8,0.005,,,,,0.623,16.0,,26.0,18.0,100.0,0.1,307.0,,633.0,,
MIR,2024-08-04 06:00:00,6,4,8,0.001,,,,,0.767,21.0,,26.0,18.0,100.0,0.1,314.0,,633.0,,
MIR,2024-08-04 07:00:00,7,4,8,0.009,,,,,0.664,27.0,,26.0,20.0,88.0,0.2,31.0,,633.0,,
MIR,2024-08-04 08:00:00,8,4,8,0.021,,,,,0.524,30.0,,25.0,21.0,80.0,0.5,135.0,,633.0,,
MIR,2024-08-04 09:00:00,9,4,8,0.031,,,,,0.46,25.0,,25.0,22.0,73.0,1.1,113.0,,633.0,,
MIR,2024-08-04 10:00:00,10,4,8,0.039,,,,,0.371,28.0,,25.0,23.0,65.0,1.4,125.0,,633.0,,
MIR,2024-08-04 11:00:00,11,4,8,0.047,,,,,0.334,22.0,,25.0,24.0,61.0,1.5,133.0,,633.0,,
MIR,2024-08-04 12:00:00,12,4,8,0.055,,,,,0.394,16.0,,25.0,25.0,55.0,1.5,130.0,,633.0,,
MIR,2024-08-04 13:00:00,13,4,8,0.059,,,,,0.383,16.0,,25.0,26.0,50.0,1.3,140.0,,632.0,,
MIR,2024-08-04 14:00:00,14,4,8,0.059,,,,,0.419,16.0,,26.0,28.0,44.0,1.4,158.0,,632.0,,
MIR,2024-08-04 15:00:00,15,4,8,0.058,,,,,0.404,22.0,,25.0,28.0,40.0,1.4,165.0,,631.0,,
MIR,2024-08-04 16:00:00,16,4,8,0.06,,,,,0.399,17.0,,25.0,29.0,39.0,1.0,93.0,,631.0,,
MIR,2024-08-04 17:00:00,17,4,8,0.054,,,,,0.424,16.0,,25.0,28.0,40.0,0.9,98.0,,631.0,,
MIR,2024-08-04 18:00:00,18,4,8,0.045,,,,,0.468,18.0,,25.0,28.0,43.0,0.5,115.0,,631.0,,
MIR,2024-08-04 19:00:00,19,4,8,0.033,,,,,0.699,26.0,,25.0,27.0,48.0,0.3,182.0,,631.0,,
MIR,2024-08-04 20:00:00,20,4,8,0.01,,,,,0.831,43.0,,26.0,25.0,56.0,0.2,231.0,,632.0,,
MIR,2024-08-04 21:00:00,21,4,8,0.037,,,,,0.223,53.0,,26.0,25.0,55.0,2.6,269.0,,632.0,,
MIR,2024-08-04 22:00:00,22,4,8,0.04,,,,,0.322,22.0,,26.0,24.0,55.0,3.3,263.0,,632.0,,
MIR,2024-08-04 23:00:00,23,4,8,0.037,,,,,0.33,9.0,,26.0,23.0,59.0,3.7,262.0,,633.0,,
MIR,2024-08-05 00:00:00,0,5,8,0.037,,,,,0.353,16.0,,26.0,22.0,70.0,2.1,263.0,,633.0,,
MIR,2024-08-05 01:00:00,1,5,8,0.029,,,,,0.431,15.0,,26.0,21.0,76.0,0.5,26.0,,633.0,,
MIR,2024-08-05 02:00:00,2,5,8,0.022,,,,,0.414,13.0,,26.0,21.0,80.0,0.4,247.0,,633.0,,
MIR,2024-08-05 03:00:00,3,5,8,0.02,,,,,0.419,29.0,,26.0,20.0,87.0,0.2,281.0,,633.0,,
MIR,2024-08-05 04:00:00,4,5,8,0.009,,,,,0.539,19.0,,26.0,20.0,90.0,0.2,173.0,,633.0,,
MIR,2024-08-05 05:00:00,5,5,8,0.002,,,,,0.641,37.0,,26.0,19.0,92.0,0.4,147.0,,633.0,,
MIR,2024-08-05 06:00:00,6,5,8,0.0,,,,,0.854,42.0,,26.0,19.0,90.0,0.7,165.0,,633.0,,
MIR,2024-08-05 07:00:00,7,5,8,0.001,,,,,1.026,60.0,,26.0,20.0,86.0,0.6,157.0,,634.0,,
MIR,2024-08-05 08:00:00,8,5,8,0.006,,,,,0.652,77.0,,26.0,21.0,83.0,0.9,152.0,,634.0,,
MIR,2024-08-05 09:00:00,9,5,8,0.02,,,,,0.297,66.0,,26.0,22.0,77.0,0.6,159.0,,634.0,,
MIR,2024-08-05 10:00:00,10,5,8,0.036,,,,,0.434,57.0,,25.0,24.0,68.0,1.1,136.0,,634.0,,
MIR,2024-08-05 11:00:00,11,5,8,0.047,,,,,0.403,36.0,,25.0,25.0,62.0,1.6,136.0,,634.0,,
MIR,2024-08-05 12:00:00,12,5,8,0.053,,,,,0.437,46.0,,25.0,26.0,57.0,1.6,135.0,,634.0,,
MIR,2024-08-05 13:00:00,13,5,8,0.054,,,,,0.399,37.0,,25.0,27.0,48.0,1.7,117.0,,633.0,,
MIR,2024-08-05 14:00:00,14,5,8,0.055,,,,,0.426,33.0,,25.0,28.0,44.0,1.5,172.0,,633.0,,
MIR,2024-08-05 15:00:00,15,5,8,,,,,,,,,,,,,,,,,
MIR,2024-08-05 16:00:00,16,5,8,0.053,,,,,0.476,35.0,,25.0,28.0,42.0,1.6,131.0,,632.0,,
MIR,2024-08-05 17:00:00,17,5,8,0.049,,,,,0.475,37.0,,25.0,26.0,51.0,2.1,107.0,,632.0,,
MIR,2024-08-05 18:00:00,18,5,8,0.034,,,,,0.544,52.0,,25.0,19.0,91.0,2.8,166.0,,634.0,,
MIR,2024-08-05 19:00:00,19,5,8,0.017,,,,,1.09,20.0,,26.0,18.0,96.0,1.4,202.0,,634.0,,
MIR,2024-08-05 20:00:00,20,5,8,0.013,,,,,0.667,21.0,,26.0,18.0,91.0,1.2,194.0,,634.0,,
MIR,2024-08-05 21:00:00,21,5,8,0.006,,,,,0.731,22.0,,26.0,19.0,91.0,0.7,128.0,,634.0,,
MIR,2024-08-05 22:00:00,22,5,8,0.0,,,,,1.048,22.0,,26.0,19.0,97.0,0.2,145.0,,634.0,,
MIR,2024-08-05 23:00:00,23,5,8,0.0,,,,,1.014,41.0,,26.0,19.0,99.0,0.1,137.0,,635.0,,
MIR,2024-08-06 00:00:00,0,6,8,0.0,,,,,0.542,42.0,,26.0,19.0,98.0,0.1,12.0,,635.0,,
MIR,2024-08-06 01:00:00,1,6,8,0.0,,,,,0.48,30.0,,26.0,19.0,98.0,0.1,25.0,,635.0,,
MIR,2024-08-06 02:00:00,2,6,8,0.002,,,,,0.552,32.0,,26.0,19.0,95.0,0.2,34.0,,634.0,,
MIR,2024-08-06 03:00:00,3,6,8,0.01,,,,,0.228,32.0,,26.0,19.0,91.0,0.2,12.0,,634.0,,
MIR,2024-08-06 04:00:00,4,6,8,0.005,,,,,0.498,26.0,,26.0,19.0,91.0,0.1,33.0,,634.0,,
MIR,2024-08-06 05:00:00,5,6,8,0.0,,,,,0.782,32.0,,26.0,19.0,94.0,0.1,147.0,,634.0,,
MIR,2024-08-06 06:00:00,6,6,8,0.0,,,,,0.959,53.0,,26.0,18.0,97.0,0.4,163.0,,635.0,,
MIR,2024-08-06 07:00:00,7,6,8,0.001,,,,,0.982,68.0,,26.0,19.0,95.0,0.2,182.0,,635.0,,
MIR,2024-08-06 08:00:00,8,6,8,0.009,,,,,0.572,69.0,,26.0,20.0,83.0,0.3,143.0,,636.0,,
MIR,2024-08-06 09:00:00,9,6,8,0.015,,,,,0.639,48.0,,26.0,22.0,76.0,0.3,334.0,,636.0,,
MIR,2024-08-06 10:00:00,10,6,8,0.025,,,,,0.514,47.0,,26.0,23.0,72.0,0.5,203.0,,636.0,,
MIR,2024-08-06 11:00:00,11,6,8,0.044,,,,,0.273,40.0,,25.0,25.0,62.0,1.1,138.0,,635.0,,
MIR,2024-08-06 12:00:00,12,6,8,0.052,,,,,0.389,36.0,,25.0,26.0,55.0,1.3,143.0,,635.0,,
MIR,2024-08-06 13:00:00,13,6,8,0.06,,,,,0.4,33.0,,25.0,26.0,53.0,1.4,148.0,,635.0,,
MIR,2024-08-06 14:00:00,14,6,8,0.056,,,,,0.375,39.0,,25.0,27.0,48.0,1.4,156.0,,634.0,,
MIR,2024-08-06 15:00:00,15,6,8,0.058,,,,,0.374,29.0,,25.0,28.0,45.0,1.2,149.0,,634.0,,
MIR,2024-08-06 16:00:00,16,6,8,0.053,,,,,0.538,31.0,,25.0,27.0,48.0,1.0,102.0,,633.0,,
MIR,2024-08-06 17:00:00,17,6,8,0.045,,,,,0.58,41.0,,25.0,27.0,48.0,0.8,79.0,,633.0,,
MIR,2024-08-06 18:00:00,18,6,8,0.047,,,,,0.648,32.0,,26.0,25.0,58.0,2.3,292.0,,633.0,,
MIR,2024-08-06 19:00:00,19,6,8,0.04,,,,,0.838,40.0,,26.0,24.0,64.0,1.8,291.0,,633.0,,
MIR,2024-08-06 20:00:00,20,6,8,0.044,,,,,0.493,44.0,,26.0,23.0,72.0,2.5,274.0,,634.0,,
MIR,2024-08-06 21:00:00,21,6,8,0.031,,,,,0.462,29.0,,26.0,22.0,79.0,1.3,274.0,,634.0,,
MIR,2024-08-06 22:00:00,22,6,8,0.022,,,,,0.472,32.0,,26.0,22.0,83.0,0.9,256.0,,635.0,,
MIR,2024-08-06 23:00:00,23,6,8,0.025,,,,,0.305,21.0,,26.0,22.0,82.0,1.2,291.0,,635.0,,
MIR,2024-08-07 00:00:00,0,7,8,0.026,,,,,0.396,22.0,,26.0,22.0,83.0,0.5,328.0,,635.0,,
MIR,2024-08-07 01:00:00,1,7,8,0.022,,,,,0.42,18.0,,26.0,21.0,87.0,0.4,328.0,,635.0,,
MIR,2024-08-07 02:00:00,2,7,8,0.024,,,,,0.406,23.0,,26.0,21.0,87.0,0.4,295.0,,634.0,,
MIR,2024-08-07 03:00:00,3,7,8,0.019,,,,,0.397,15.0,,26.0,20.0,90.0,0.4,229.0,,634.0,,
MIR,2024-08-07 04:00:00,4,7,8,0.029,,,,,0.392,12.0,,26.0,19.0,87.0,1.9,182.0,,635.0,,
MIR,2024-08-07 05:00:00,5,7,8,0.025,,,,,0.443,18.0,,26.0,17.0,99.0,1.4,203.0,,635.0,,
MIR,2024-08-07 06:00:00,6,7,8,0.019,,,,,0.665,20.0,,26.0,17.0,100.0,0.6,312.0,,635.0,,
MIR,2024-08-07 07:00:00,7,7,8,0.006,,,,,0.919,10.0,,26.0,18.0,97.0,0.3,26.0,,635.0,,
MIR,2024-08-07 08:00:00,8,7,8,0.011,,,,,0.749,25.0,,26.0,20.0,87.0,0.2,34.0,,635.0,,
MIR,2024-08-07 09:00:00,9,7,8,0.019,,,,,0.61,57.0,,26.0,21.0,79.0,0.4,98.0,,635.0,,
MIR,2024-08-07 10:00:00,10,7,8,0.023,,,,,0.611,43.0,,26.0,21.0,80.0,0.9,133.0,,635.0,,
MIR,2024-08-07 11:00:00,11,7,8,0.038,,,,,0.409,41.0,,26.0,23.0,73.0,0.8,153.0,,635.0,,
MIR,2024-08-07 12:00:00,12,7,8,0.056,,,,,0.519,33.0,,26.0,25.0,64.0,0.7,225.0,,634.0,,
MIR,2024-08-07 13:00:00,13,7,8,0.079,,,,,0.527,37.0,,25.0,26.0,60.0,1.0,111.0,,633.0,,
MIR,2024-08-07 14:00:00,14,7,8,0.092,,,,,0.564,51.0,,26.0,27.0,55.0,1.1,208.0,,633.0,,
MIR,2024-08-07 15:00:00,15,7,8,0.097,,,,,0.596,53.0,,27.0,28.0,52.0,1.2,231.0,,632.0,,
MIR,2024-08-07 16:00:00,16,7,8,,,,,,0.551,38.0,,29.0,28.0,53.0,1.5,231.0,,631.0,,
MIR,2024-08-07 17:00:00,17,7,8,,,,,,,30.0,18.0,29.0,28.0,53.0,2.0,251.0,,631.0,,
MIR,2024-08-07 18:00:00,18,7,8,,,,,,,27.0,14.0,25.0,27.0,58.0,2.0,256.0,,631.0,,
MIR,2024-08-07 19:00:00,19,7,8,,,,,,,34.0,11.0,24.0,22.0,89.0,1.6,289.0,,631.0,,
MIR,2024-08-07 20:00:00,20,7,8,,,,,,,21.0,10.0,24.0,22.0,92.0,1.9,298.0,,632.0,,
MIR,2024-08-07 21:00:00,21,7,8,,,,,,,20.0,9.0,25.0,22.0,88.0,2.7,284.0,,632.0,,
MIR,2024-08-07 22:00:00,22,7,8,,,,,,,19.0,8.0,25.0,21.0,86.0,1.3,309.0,,632.0,,
MIR,2024-08-07 23:00:00,23,7,8,,,,,,,18.0,6.0,24.0,21.0,87.0,0.7,275.0,,633.0,,
MIR,2024-08-08 00:00:00,0,8,8,,,,,,,14.0,4.0,25.0,21.0,91.0,1.1,255.0,,633.0,,
MIR,2024-08-08 01:00:00,1,8,8,,,,,,,15.0,6.0,25.0,20.0,91.0,1.5,271.0,,632.0,,
MIR,2024-08-08 02:00:00,2,8,8,,,,,,,13.0,4.0,25.0,21.0,89.0,0.7,274.0,,632.0,,
MIR,2024-08-08 03:00:00,3,8,8,,,,,,,11.0,6.0,25.0,21.0,85.0,1.0,304.0,,632.0,,
MIR,2024-08-08 04:00:00,4,8,8,,,,,,,12.0,7.0,24.0,20.0,88.0,0.5,280.0,,632.0,,
MIR,2024-08-08 05:00:00,5,8,8,,,,,,,13.0,5.0,25.0,20.0,92.0,0.3,249.0,,632.0,,
MIR,2024-08-08 06:00:00,6,8,8,,,,,,,16.0,4.0,25.0,20.0,92.0,0.3,276.0,,632.0,,
MIR,2024-08-08 07:00:00,7,8,8,,,,,,,16.0,8.0,24.0,20.0,89.0,0.1,295.0,,632.0,,
MIR,2024-08-08 08:00:00,8,8,8,,,,,,,23.0,9.0,25.0,22.0,82.0,0.5,307.0,,632.0,,
MIR,2024-08-08 09:00:00,9,8,8,,,,,,,24.0,10.0,24.0,23.0,76.0,0.8,347.0,,632.0,,
MIR,2024-08-08 10:00:00,10,8,8,,,,,,,24.0,9.0,24.0,24.0,69.0,1.0,16.0,,632.0,,
MIR,2024-08-08 11:00:00,11,8,8,0.018,,,,,0.244,31.0,8.0,26.0,25.0,63.0,1.0,47.0,,632.0,,
MIR,2024-08-08 12:00:00,12,8,8,0.044,,,,,0.396,35.0,13.0,25.0,27.0,59.0,1.2,114.0,,632.0,,
MIR,2024-08-08 13:00:00,13,8,8,0.06,,,,,0.376,23.0,11.0,25.0,28.0,54.0,1.2,122.0,,631.0,,
MIR,2024-08-08 14:00:00,14,8,8,0.078,,,,,0.374,47.0,14.0,25.0,29.0,52.0,1.3,209.0,,630.0,,
MIR,2024-08-08 15:00:00,15,8,8,0.047,,,,,0.412,45.0,16.0,25.0,27.0,61.0,0.9,95.0,,630.0,,
MIR,2024-08-08 16:00:00,16,8,8,0.034,,,,,0.584,30.0,11.0,25.0,27.0,61.0,0.5,188.0,,630.0,,
MIR,2024-08-08 17:00:00,17,8,8,0.042,,,,,0.619,43.0,16.0,25.0,25.0,62.0,1.3,217.0,,630.0,,
MIR,2024-08-08 18:00:00,18,8,8,0.037,,,,,0.687,51.0,22.0,25.0,25.0,61.0,0.5,234.0,,630.0,,
MIR,2024-08-08 19:00:00,19,8,8,0.01,,,,,1.553,41.0,13.0,25.0,25.0,69.0,0.5,125.0,,630.0,,
MIR,2024-08-08 20:00:00,20,8,8,0.002,,,,,1.376,103.0,27.0,26.0,24.0,71.0,0.4,189.0,,630.0,,
MIR,2024-08-08 21:00:00,21,8,8,0.001,,,,,1.545,116.0,39.0,25.0,23.0,72.0,0.6,174.0,,631.0,,
MIR,2024-08-08 22:00:00,22,8,8,0.001,,,,,1.431,138.0,43.0,26.0,23.0,75.0,0.4,174.0,,631.0,,
MIR,2024-08-08 23:00:00,23,8,8,0.03,,,,,0.307,97.0,30.0,26.0,23.0,75.0,2.2,265.0,,631.0,,
MIR,2024-08-09 00:00:00,0,9,8,0.022,,,,,0.336,23.0,12.0,25.0,22.0,81.0,0.5,213.0,,631.0,,
MIR,2024-08-09 01:00:00,1,9,8,0.007,,,,,0.502,31.0,12.0,26.0,22.0,84.0,0.2,149.0,,631.0,,
MIR,2024-08-09 02:00:00,2,9,8,0.006,,,,,0.422,42.0,16.0,26.0,21.0,88.0,0.4,170.0,,631.0,,
MIR,2024-08-09 03:00:00,3,9,8,0.035,,,,,0.188,36.0,14.0,25.0,20.0,88.0,2.1,228.0,,631.0,,
MIR,2024-08-09 04:00:00,4,9,8,0.04,,,,,0.185,17.0,9.0,25.0,18.0,98.0,2.2,174.0,,632.0,,
MIR,2024-08-09 05:00:00,5,9,8,0.025,,,,,0.483,,5.0,25.0,18.0,100.0,0.4,312.0,,632.0,,
MIR,2024-08-09 06:00:00,6,9,8,0.007,,,,,0.652,10.0,5.0,25.0,18.0,100.0,0.5,191.0,,633.0,,
MIR,2024-08-09 07:00:00,7,9,8,0.009,,,,,0.736,27.0,12.0,26.0,18.0,100.0,0.4,300.0,,633.0,,
MIR,2024-08-09 08:00:00,8,9,8,0.014,,,,,0.804,16.0,13.0,25.0,18.0,98.0,0.9,34.0,,633.0,,
MIR,2024-08-09 09:00:00,9,9,8,0.024,,,,,0.71,24.0,11.0,25.0,20.0,89.0,1.0,46.0,,633.0,,
MIR,2024-08-09 10:00:00,10,9,8,0.044,,,,,0.429,32.0,17.0,26.0,22.0,74.0,1.3,58.0,,633.0,,
MIR,2024-08-09 11:00:00,11,9,8,0.056,,,,,0.35,25.0,8.0,25.0,24.0,66.0,1.2,102.0,,633.0,,
MIR,2024-08-09 12:00:00,12,9,8,0.066,,,,,0.371,20.0,6.0,25.0,25.0,62.0,1.0,148.0,,632.0,,
MIR,2024-08-09 13:00:00,13,9,8,0.061,,,,,0.305,34.0,13.0,25.0,26.0,59.0,1.3,173.0,,632.0,,
MIR,2024-08-09 14:00:00,14,9,8,0.063,,,,,0.283,35.0,16.0,25.0,27.0,55.0,1.6,141.0,,631.0,,
MIR,2024-08-09 15:00:00,15,9,8,0.068,,,,,0.25,29.0,17.0,25.0,28.0,52.0,1.5,148.0,,631.0,,
MIR,2024-08-09 16:00:00,16,9,8,0.062,,,,,0.282,35.0,20.0,25.0,28.0,52.0,1.1,149.0,,631.0,,
MIR,2024-08-09 17:00:00,17,9,8,0.052,,,,,0.493,36.0,16.0,25.0,27.0,55.0,0.3,315.0,,631.0,,
MIR,2024-08-09 18:00:00,18,9,8,0.035,,,,,0.968,34.0,14.0,28.0,26.0,62.0,1.0,282.0,,631.0,,
MIR,2024-08-09 19:00:00,19,9,8,0.045,,,,,0.585,44.0,21.0,,25.0,67.0,3.1,263.0,,631.0,,
MIR,2024-08-09 20:00:00,20,9,8,0.027,,,,,0.456,27.0,7.0,,24.0,67.0,1.7,205.0,,632.0,,
MIR,2024-08-09 21:00:00,21,9,8,0.032,,,,,0.274,42.0,11.0,28.0,22.0,63.0,1.7,55.0,,633.0,,
MIR,2024-08-09 22:00:00,22,9,8,0.025,,,,,0.43,41.0,18.0,25.0,22.0,63.0,0.4,357.0,,633.0,,
MIR,2024-08-09 23:00:00,23,9,8,0.018,,,,,0.37,31.0,17.0,26.0,21.0,79.0,0.5,48.0,,633.0,,
MIR,2024-08-10 00:00:00,0,10,8,0.023,,,,,0.356,31.0,14.0,26.0,20.0,84.0,0.5,5.0,,634.0,,
MIR,2024-08-10 01:00:00,1,10,8,0.029,,,,,0.199,19.0,16.0,26.0,20.0,84.0,0.2,354.0,,634.0,,
MIR,2024-08-10 02:00:00,2,10,8,0.031,,,,,0.132,21.0,11.0,25.0,19.0,84.0,0.2,5.0,,633.0,,
MIR,2024-08-10 03:00:00,3,10,8,0.023,,,,,0.154,17.0,7.0,25.0,19.0,84.0,0.5,68.0,,633.0,,
MIR,2024-08-10 04:00:00,4,10,8,0.029,,,,,0.115,21.0,12.0,25.0,19.0,86.0,0.2,33.0,,634.0,,
MIR,2024-08-10 05:00:00,5,10,8,0.019,,,,,0.153,15.0,10.0,26.0,19.0,88.0,0.1,333.0,,634.0,,
MIR,2024-08-10 06:00:00,6,10,8,0.009,,,,,0.333,23.0,9.0,25.0,19.0,89.0,0.1,22.0,,634.0,,
MIR,2024-08-10 07:00:00,7,10,8,0.005,,,,,0.633,24.0,13.0,26.0,20.0,84.0,0.6,46.0,,634.0,,
MIR,2024-08-10 08:00:00,8,10,8,0.012,,,,,0.531,38.0,17.0,25.0,22.0,71.0,1.6,81.0,,635.0,,
MIR,2024-08-10 09:00:00,9,10,8,0.022,,,,,0.355,46.0,18.0,25.0,23.0,62.0,2.4,87.0,,635.0,,
MIR,2024-08-10 10:00:00,10,10,8,0.028,,,,,0.282,46.0,17.0,25.0,23.0,62.0,2.3,80.0,,635.0,,
MIR,2024-08-10 11:00:00,11,10,8,0.034,,,,,0.268,38.0,17.0,25.0,24.0,60.0,1.7,86.0,,635.0,,
MIR,2024-08-10 12:00:00,12,10,8,0.04,,,,,0.239,28.0,14.0,25.0,26.0,52.0,1.8,122.0,,634.0,,
MIR,2024-08-10 13:00:00,13,10,8,0.041,,,,,0.236,28.0,12.0,25.0,27.0,48.0,2.0,114.0,,634.0,,
MIR,2024-08-10 14:00:00,14,10,8,0.045,,,,,0.248,25.0,13.0,25.0,27.0,45.0,1.4,135.0,,633.0,,
MIR,2024-08-10 15:00:00,15,10,8,0.047,,,,,0.277,25.0,11.0,25.0,28.0,44.0,1.2,125.0,,633.0,,
MIR,2024-08-10 16:00:00,16,10,8,0.05,,,,,0.263,26.0,16.0,25.0,28.0,44.0,1.9,149.0,,633.0,,
MIR,2024-08-10 17:00:00,17,10,8,0.051,,,,,0.334,28.0,15.0,25.0,27.0,49.0,1.6,179.0,,632.0,,
MIR,2024-08-10 18:00:00,18,10,8,0.047,,,,,0.296,34.0,15.0,25.0,26.0,54.0,1.8,213.0,,632.0,,
MIR,2024-08-10 19:00:00,19,10,8,0.034,,,,,0.329,35.0,14.0,25.0,24.0,62.0,2.7,272.0,,633.0,,
MIR,2024-08-10 20:00:00,20,10,8,0.019,,,,,0.574,28.0,10.0,25.0,22.0,84.0,1.3,230.0,,634.0,,
MIR,2024-08-10 21:00:00,21,10,8,0.004,,,,,0.841,37.0,19.0,26.0,21.0,86.0,1.2,178.0,,634.0,,
MIR,2024-08-10 22:00:00,22,10,8,0.01,,,,,0.427,44.0,19.0,26.0,21.0,81.0,1.3,142.0,,635.0,,
MIR,2024-08-10 23:00:00,23,10,8,0.019,,,,,0.294,16.0,9.0,25.0,21.0,77.0,1.7,108.0,,635.0,,
MIR,2024-08-11 00:00:00,0,11,8,0.019,,,,,0.299,20.0,10.0,25.0,20.0,82.0,0.4,53.0,,635.0,,
MIR,2024-08-11 01:00:00,1,11,8,0.014,,,,,0.302,13.0,8.0,26.0,19.0,87.0,0.1,346.0,,635.0,,
MIR,2024-08-11 02:00:00,2,11,8,0.012,,,,,0.322,17.0,6.0,25.0,19.0,87.0,0.1,158.0,,635.0,,
MIR,2024-08-11 03:00:00,3,11,8,0.005,,,,,0.473,21.0,7.0,25.0,19.0,90.0,0.4,164.0,,634.0,,
MIR,2024-08-11 04:00:00,4,11,8,0.005,,,,,0.479,35.0,15.0,25.0,19.0,92.0,0.6,178.0,,635.0,,
MIR,2024-08-11 05:00:00,5,11,8,0.002,,,,,0.445,30.0,14.0,25.0,18.0,94.0,0.2,120.0,,635.0,,
MIR,2024-08-11 06:00:00,6,11,8,0.003,,,,,0.506,32.0,13.0,25.0,18.0,95.0,0.5,176.0,,635.0,,
MIR,2024-08-11 07:00:00,7,11,8,0.005,,,,,0.673,28.0,18.0,25.0,19.0,92.0,0.3,180.0,,635.0,,
MIR,2024-08-11 08:00:00,8,11,8,0.018,,,,,0.567,42.0,17.0,25.0,21.0,78.0,0.6,165.0,,636.0,,
MIR,2024-08-11 09:00:00,9,11,8,0.03,,,,,0.336,33.0,22.0,25.0,22.0,69.0,1.4,137.0,,636.0,,
MIR,2024-08-11 10:00:00,10,11,8,0.039,,,,,0.253,21.0,8.0,25.0,23.0,65.0,1.3,153.0,,636.0,,
MIR,2024-08-11 11:00:00,11,11,8,0.045,,,,,0.255,20.0,11.0,25.0,24.0,60.0,1.3,165.0,,635.0,,
MIR,2024-08-11 12:00:00,12,11,8,0.046,,,,,0.243,21.0,11.0,25.0,26.0,54.0,1.3,137.0,,635.0,,
MIR,2024-08-11 13:00:00,13,11,8,0.042,,,,,0.212,17.0,10.0,25.0,27.0,46.0,1.2,144.0,,634.0,,
MIR,2024-08-11 14:00:00,14,11,8,0.045,,,,,0.237,13.0,9.0,25.0,27.0,46.0,1.3,162.0,,633.0,,
MIR,2024-08-11 15:00:00,15,11,8,0.046,,,,,0.233,24.0,9.0,25.0,28.0,44.0,1.2,179.0,,633.0,,
MIR,2024-08-11 16:00:00,16,11,8,0.045,,,,,0.287,18.0,8.0,25.0,28.0,48.0,1.9,160.0,,632.0,,
MIR,2024-08-11 17:00:00,17,11,8,0.039,,,,,0.289,24.0,11.0,25.0,27.0,50.0,1.4,181.0,,632.0,,
MIR,2024-08-11 18:00:00,18,11,8,0.03,,,,,0.266,21.0,9.0,25.0,26.0,55.0,3.0,261.0,,632.0,,
MIR,2024-08-11 19:00:00,19,11,8,0.027,,,,,0.353,13.0,5.0,25.0,24.0,65.0,2.6,277.0,,633.0,,
MIR,2024-08-11 20:00:00,20,11,8,0.02,,,,,0.472,16.0,9.0,25.0,24.0,69.0,0.8,300.0,,633.0,,
MIR,2024-08-11 21:00:00,21,11,8,0.012,,,,,0.641,20.0,10.0,25.0,23.0,70.0,0.4,338.0,,634.0,,
MIR,2024-08-11 22:00:00,22,11,8,0.016,,,,,0.439,24.0,10.0,26.0,22.0,71.0,1.1,309.0,,634.0,,
MIR,2024-08-11 23:00:00,23,11,8,0.014,,,,,0.359,15.0,8.0,25.0,21.0,78.0,0.5,360.0,,634.0,,
MIR,2024-08-12 00:00:00,0,12,8,0.016,,,,,0.307,11.0,5.0,26.0,20.0,84.0,0.5,360.0,,634.0,,
MIR,2024-08-12 01:00:00,1,12,8,0.013,,,,,0.256,14.0,2.0,26.0,20.0,85.0,0.5,295.0,,634.0,,
MIR,2024-08-12 02:00:00,2,12,8,0.018,,,,,0.241,10.0,1.0,25.0,20.0,85.0,0.7,316.0,,633.0,,
MIR,2024-08-12 03:00:00,3,12,8,0.015,,,,,0.302,13.0,5.0,26.0,20.0,88.0,0.3,355.0,,633.0,,
MIR,2024-08-12 04:00:00,4,12,8,0.016,,,,,0.281,12.0,5.0,26.0,20.0,90.0,0.2,350.0,,633.0,,
MIR,2024-08-12 05:00:00,5,12,8,0.011,,,,,0.402,13.0,7.0,25.0,20.0,91.0,0.2,356.0,,633.0,,
MIR,2024-08-12 06:00:00,6,12,8,0.005,,,,,0.549,23.0,6.0,26.0,20.0,91.0,0.3,31.0,,633.0,,
MIR,2024-08-12 07:00:00,7,12,8,0.003,,,,,0.89,22.0,5.0,26.0,20.0,87.0,0.7,144.0,,634.0,,
MIR,2024-08-12 08:00:00,8,12,8,0.014,,,,,0.62,66.0,28.0,25.0,22.0,75.0,1.0,111.0,,634.0,,
MIR,2024-08-12 09:00:00,9,12,8,0.029,,,,,0.394,37.0,14.0,25.0,23.0,63.0,1.4,111.0,,634.0,,
MIR,2024-08-12 10:00:00,10,12,8,0.037,,,,,0.307,35.0,9.0,25.0,24.0,59.0,1.9,120.0,,634.0,,
MIR,2024-08-12 11:00:00,11,12,8,0.043,,,,,0.279,30.0,8.0,25.0,25.0,55.0,1.6,125.0,,634.0,,
MIR,2024-08-12 12:00:00,12,12,8,0.054,,,,,0.354,30.0,12.0,25.0,26.0,53.0,1.7,129.0,,633.0,,
MIR,2024-08-12 13:00:00,13,12,8,0.059,,,,,0.241,,12.0,26.0,27.0,49.0,1.3,170.0,,633.0,,
MIR,2024-08-12 14:00:00,14,12,8,0.06,,,,,0.274,31.0,12.0,26.0,28.0,44.0,1.7,131.0,,632.0,,
MIR,2024-08-12 15:00:00,15,12,8,0.057,,,,,0.295,33.0,18.0,26.0,28.0,42.0,1.2,84.0,,631.0,,
MIR,2024-08-12 16:00:00,16,12,8,0.053,,,,,0.247,27.0,14.0,26.0,29.0,38.0,1.1,35.0,,631.0,,
MIR,2024-08-12 17:00:00,17,12,8,0.045,,,,,0.323,22.0,8.0,26.0,28.0,45.0,2.3,116.0,,631.0,,
MIR,2024-08-12 18:00:00,18,12,8,0.033,,,,,0.463,49.0,13.0,26.0,24.0,57.0,2.5,190.0,,631.0,,
MIR,2024-08-12 19:00:00,19,12,8,0.03,,,,,0.479,95.0,14.0,26.0,23.0,60.0,2.1,180.0,,631.0,,
MIR,2024-08-12 20:00:00,20,12,8,0.032,,,,,0.398,49.0,16.0,26.0,22.0,75.0,1.1,224.0,,632.0,,
MIR,2024-08-12 21:00:00,21,12,8,0.041,,,,,0.322,24.0,7.0,26.0,21.0,81.0,1.8,259.0,,633.0,,
MIR,2024-08-12 22:00:00,22,12,8,0.035,,,,,0.332,18.0,7.0,26.0,22.0,76.0,1.1,76.0,,633.0,,
MIR,2024-08-12 23:00:00,23,12,8,0.019,,,,,0.412,21.0,10.0,26.0,21.0,77.0,1.1,99.0,,634.0,,
MIR,2024-08-13 00:00:00,0,13,8,0.026,,,,,0.254,29.0,11.0,26.0,19.0,91.0,0.6,55.0,,634.0,,
MIR,2024-08-13 01:00:00,1,13,8,0.02,,,,,0.249,13.0,10.0,26.0,19.0,97.0,0.5,181.0,,633.0,,
MIR,2024-08-13 02:00:00,2,13,8,0.018,,,,,0.205,18.0,12.0,27.0,19.0,97.0,0.1,153.0,,633.0,,
MIR,2024-08-13 03:00:00,3,13,8,0.02,,,,,0.234,17.0,9.0,26.0,19.0,97.0,0.7,113.0,,633.0,,
MIR,2024-08-13 04:00:00,4,13,8,0.026,,,,,0.189,12.0,7.0,26.0,18.0,98.0,1.0,175.0,,633.0,,
MIR,2024-08-13 05:00:00,5,13,8,0.018,,,,,0.28,12.0,7.0,26.0,18.0,100.0,0.8,158.0,,633.0,,
MIR,2024-08-13 06:00:00,6,13,8,0.016,,,,,0.414,8.0,4.0,27.0,18.0,100.0,0.2,192.0,,633.0,,
MIR,2024-08-13 07:00:00,7,13,8,0.012,,,,,0.648,8.0,8.0,26.0,18.0,97.0,0.1,306.0,,634.0,,
MIR,2024-08-13 08:00:00,8,13,8,0.012,,,,,0.757,17.0,5.0,27.0,19.0,90.0,0.9,125.0,,634.0,,
MIR,2024-08-13 09:00:00,9,13,8,0.017,,,,,0.541,19.0,5.0,27.0,20.0,85.0,0.7,137.0,,634.0,,
MIR,2024-08-13 10:00:00,10,13,8,0.023,,,,,0.462,21.0,5.0,26.0,21.0,80.0,0.8,147.0,,634.0,,
MIR,2024-08-13 11:00:00,11,13,8,0.032,,,,,0.32,20.0,10.0,26.0,22.0,73.0,1.4,125.0,,634.0,,
MIR,2024-08-13 12:00:00,12,13,8,0.033,,,,,0.322,28.0,8.0,26.0,23.0,73.0,1.0,241.0,,634.0,,
MIR,2024-08-13 13:00:00,13,13,8,0.041,,,,,0.295,25.0,8.0,26.0,25.0,63.0,0.8,199.0,,633.0,,
MIR,2024-08-13 14:00:00,14,13,8,0.039,,,,,0.441,28.0,11.0,26.0,24.0,66.0,1.3,27.0,,633.0,,
MIR,2024-08-13 15:00:00,15,13,8,0.033,,,,,0.494,38.0,15.0,26.0,22.0,82.0,1.0,272.0,,632.0,,
MIR,2024-08-13 16:00:00,16,13,8,,,,,,,,,,,,,,,,,
MIR,2024-08-13 17:00:00,17,13,8,0.028,,,,,0.758,15.0,10.0,27.0,23.0,82.0,1.2,283.0,,632.0,,
MIR,2024-08-13 18:00:00,18,13,8,0.023,,,,,0.859,25.0,15.0,27.0,22.0,81.0,0.8,289.0,,632.0,,
MIR,2024-08-13 19:00:00,19,13,8,0.008,,,,,1.038,31.0,15.0,26.0,22.0,87.0,0.6,173.0,,633.0,,
MIR,2024-08-13 20:00:00,20,13,8,0.017,,,,,0.551,40.0,16.0,27.0,21.0,88.0,1.9,261.0,,633.0,,
MIR,2024-08-13 21:00:00,21,13,8,0.021,,,,,0.384,12.0,4.0,26.0,21.0,80.0,1.4,259.0,,633.0,,
MIR,2024-08-13 22:00:00,22,13,8,0.005,,,,,0.693,11.0,3.0,27.0,20.0,82.0,0.2,138.0,,634.0,,
MIR,2024-08-13 23:00:00,23,13,8,0.005,,,,,0.591,29.0,5.0,26.0,20.0,84.0,0.1,72.0,,634.0,,
MIR,2024-08-14 00:00:00,0,14,8,0.003,,,,,0.495,25.0,8.0,26.0,20.0,85.0,0.1,34.0,,634.0,,
MIR,2024-08-14 01:00:00,1,14,8,0.001,,,,,0.708,27.0,7.0,26.0,20.0,89.0,0.4,22.0,,634.0,,
MIR,2024-08-14 02:00:00,2,14,8,0.0,,,,,0.581,30.0,12.0,27.0,20.0,91.0,0.4,156.0,,634.0,,
MIR,2024-08-14 03:00:00,3,14,8,0.016,,,,,0.321,66.0,23.0,26.0,19.0,91.0,1.4,117.0,,634.0,,
MIR,2024-08-14 04:00:00,4,14,8,0.026,,,,,0.226,21.0,9.0,27.0,18.0,96.0,0.5,21.0,,634.0,,
MIR,2024-08-14 05:00:00,5,14,8,0.024,,,,,0.289,7.0,5.0,26.0,17.0,99.0,0.4,20.0,,634.0,,
MIR,2024-08-14 06:00:00,6,14,8,0.015,,,,,0.472,7.0,5.0,27.0,17.0,99.0,0.1,350.0,,634.0,,
MIR,2024-08-14 07:00:00,7,14,8,0.005,,,,,0.761,9.0,4.0,26.0,18.0,98.0,0.2,88.0,,634.0,,
MIR,2024-08-14 08:00:00,8,14,8,0.009,,,,,0.694,11.0,3.0,27.0,18.0,98.0,0.1,207.0,,635.0,,
MIR,2024-08-14 09:00:00,9,14,8,0.02,,,,,0.622,8.0,4.0,27.0,20.0,87.0,0.2,324.0,,635.0,,
MIR,2024-08-14 10:00:00,10,14,8,0.02,,,,,0.916,12.0,3.0,26.0,22.0,82.0,0.6,341.0,,635.0,,
MIR,2024-08-14 11:00:00,11,14,8,0.025,,,,,0.923,30.0,16.0,26.0,22.0,81.0,1.0,304.0,,634.0,,
MIR,2024-08-14 12:00:00,12,14,8,0.04,,,,,0.725,35.0,25.0,26.0,23.0,73.0,0.7,294.0,,634.0,,
MIR,2024-08-14 13:00:00,13,14,8,0.053,,,,,0.494,46.0,20.0,26.0,24.0,67.0,0.8,23.0,,633.0,,
MIR,2024-08-14 14:00:00,14,14,8,0.043,,,,,0.537,44.0,23.0,26.0,24.0,70.0,1.4,38.0,,633.0,,
MIR,2024-08-14 15:00:00,15,14,8,0.053,,,,,0.475,37.0,18.0,26.0,25.0,63.0,1.0,48.0,,632.0,,
MIR,2024-08-14 16:00:00,16,14,8,0.043,,,,,0.509,45.0,23.0,26.0,25.0,62.0,0.4,339.0,,632.0,,
MIR,2024-08-14 17:00:00,17,14,8,0.041,,,,,0.475,43.0,19.0,26.0,23.0,73.0,2.4,254.0,,632.0,,
MIR,2024-08-14 18:00:00,18,14,8,0.028,,,,,0.592,26.0,11.0,26.0,20.0,93.0,1.3,54.0,,632.0,,
MIR,2024-08-14 19:00:00,19,14,8,0.014,,,,,1.043,22.0,9.0,27.0,20.0,98.0,0.9,268.0,,633.0,,
MIR,2024-08-14 20:00:00,20,14,8,0.003,,,,,1.351,22.0,15.0,27.0,19.0,98.0,0.4,353.0,,633.0,,
MIR,2024-08-14 21:00:00,21,14,8,0.002,,,,,1.048,25.0,13.0,26.0,18.0,99.0,0.4,355.0,,633.0,,
MIR,2024-08-14 22:00:00,22,14,8,0.004,,,,,0.809,24.0,15.0,26.0,18.0,100.0,0.5,290.0,,634.0,,
MIR,2024-08-14 23:00:00,23,14,8,0.002,,,,,0.65,16.0,7.0,27.0,18.0,98.0,0.2,316.0,,633.0,,
MIR,2024-08-15 00:00:00,0,15,8,0.001,,,,,0.693,23.0,10.0,27.0,18.0,99.0,0.1,82.0,,633.0,,
MIR,2024-08-15 01:00:00,1,15,8,0.002,,,,,0.859,22.0,16.0,26.0,18.0,99.0,0.5,24.0,,634.0,,
MIR,2024-08-15 02:00:00,2,15,8,0.01,,,,,0.482,20.0,12.0,26.0,18.0,99.0,0.3,77.0,,634.0,,
MIR,2024-08-15 03:00:00,3,15,8,0.009,,,,,0.468,21.0,12.0,27.0,18.0,100.0,0.1,293.0,,633.0,,
MIR,2024-08-15 04:00:00,4,15,8,0.004,,,,,0.591,14.0,12.0,27.0,18.0,100.0,0.1,13.0,,633.0,,
MIR,2024-08-15 05:00:00,5,15,8,0.0,,,,,0.66,22.0,13.0,26.0,18.0,100.0,0.3,144.0,,633.0,,
MIR,2024-08-15 06:00:00,6,15,8,0.0,,,,,1.072,42.0,18.0,26.0,18.0,100.0,0.2,26.0,,633.0,,
MIR,2024-08-15 07:00:00,7,15,8,0.001,,,,,1.102,53.0,27.0,26.0,18.0,99.0,0.2,351.0,,633.0,,
MIR,2024-08-15 08:00:00,8,15,8,0.013,,,,,0.897,46.0,28.0,26.0,21.0,84.0,1.1,111.0,,634.0,,
MIR,2024-08-15 09:00:00,9,15,8,0.023,,,,,0.476,34.0,14.0,26.0,22.0,76.0,1.8,116.0,,634.0,,
MIR,2024-08-15 10:00:00,10,15,8,0.029,,,,,0.341,32.0,10.0,26.0,23.0,69.0,1.6,114.0,,634.0,,
MIR,2024-08-15 11:00:00,11,15,8,0.033,,,,,0.303,30.0,11.0,26.0,24.0,65.0,1.7,108.0,,634.0,,
MIR,2024-08-15 12:00:00,12,15,8,0.044,,,,,0.264,38.0,17.0,26.0,25.0,60.0,1.7,118.0,,633.0,,
MIR,2024-08-15 13:00:00,13,15,8,0.049,,,,,0.265,34.0,17.0,26.0,26.0,56.0,1.2,70.0,,633.0,,
MIR,2024-08-15 14:00:00,14,15,8,0.048,,,,,0.292,36.0,16.0,26.0,27.0,53.0,1.0,107.0,,632.0,,
MIR,2024-08-15 15:00:00,15,15,8,0.047,,,,,0.302,36.0,17.0,26.0,28.0,48.0,1.5,80.0,,631.0,,
MIR,2024-08-15 16:00:00,16,15,8,0.05,,,,,0.308,31.0,14.0,26.0,28.0,47.0,0.9,60.0,,631.0,,
MIR,2024-08-15 17:00:00,17,15,8,0.055,,,,,0.317,24.0,11.0,26.0,28.0,48.0,1.0,222.0,,631.0,,
MIR,2024-08-15 18:00:00,18,15,8,0.053,,,,,0.48,29.0,9.0,26.0,27.0,56.0,1.0,203.0,,631.0,,
MIR,2024-08-15 19:00:00,19,15,8,0.04,,,,,0.648,69.0,25.0,26.0,26.0,62.0,0.5,223.0,,631.0,,
MIR,2024-08-15 20:00:00,20,15,8,0.037,,,,,0.503,53.0,24.0,26.0,25.0,64.0,2.8,274.0,,632.0,,
MIR,2024-08-15 21:00:00,21,15,8,0.035,,,,,0.408,35.0,13.0,26.0,23.0,82.0,3.2,270.0,,632.0,,
MIR,2024-08-15 22:00:00,22,15,8,0.032,,,,,0.393,29.0,10.0,26.0,23.0,81.0,1.6,287.0,,633.0,,
MIR,2024-08-15 23:00:00,23,15,8,0.024,,,,,0.398,21.0,10.0,26.0,22.0,87.0,0.3,160.0,,633.0,,
MIR,2024-08-16 00:00:00,0,16,8,0.036,0.001,0.011,0.012,,0.222,27.0,13.0,26.0,19.0,93.0,2.5,116.0,,634.0,,
MIR,2024-08-16 01:00:00,1,16,8,0.033,,0.01,0.01,,0.192,18.0,8.0,26.0,18.0,100.0,0.5,137.0,,634.0,,
MIR,2024-08-16 02:00:00,2,16,8,0.027,,0.012,0.013,,0.213,4.0,3.0,26.0,18.0,100.0,0.3,14.0,,633.0,,
MIR,2024-08-16 03:00:00,3,16,8,0.025,,0.012,0.013,,0.219,3.0,4.0,27.0,18.0,100.0,0.2,8.0,,633.0,,
MIR,2024-08-16 04:00:00,4,16,8,0.023,,0.013,0.014,,0.25,4.0,,26.0,18.0,100.0,0.1,348.0,,633.0,,
MIR,2024-08-16 05:00:00,5,16,8,0.009,0.002,0.027,0.029,,0.365,5.0,5.0,26.0,18.0,100.0,0.1,89.0,,633.0,,
MIR,2024-08-16 06:00:00,6,16,8,0.004,0.005,0.03,0.035,,0.549,12.0,3.0,26.0,18.0,100.0,0.1,327.0,,633.0,,
MIR,2024-08-16 07:00:00,7,16,8,0.003,0.016,0.032,0.049,,0.788,12.0,6.0,26.0,18.0,100.0,0.2,1.0,,634.0,,
MIR,2024-08-16 08:00:00,8,16,8,0.006,0.021,0.032,0.053,,0.803,19.0,9.0,26.0,19.0,98.0,0.2,329.0,,634.0,,
MIR,2024-08-16 09:00:00,9,16,8,0.01,0.016,0.031,0.047,,0.85,25.0,13.0,26.0,20.0,91.0,0.3,331.0,,634.0,,
MIR,2024-08-16 10:00:00,10,16,8,0.013,0.018,0.029,0.047,,0.942,46.0,24.0,26.0,21.0,86.0,0.9,162.0,,634.0,,
MIR,2024-08-16 11:00:00,11,16,8,0.028,0.006,0.016,0.022,,0.398,42.0,15.0,26.0,23.0,75.0,1.5,137.0,,634.0,,
MIR,2024-08-16 12:00:00,12,16,8,0.026,0.006,0.014,0.02,,0.328,34.0,11.0,26.0,23.0,71.0,2.0,134.0,,634.0,,
MIR,2024-08-16 13:00:00,13,16,8,0.033,0.004,0.013,0.016,,0.318,32.0,12.0,26.0,24.0,68.0,1.3,140.0,,633.0,,
MIR,2024-08-16 14:00:00,14,16,8,0.037,0.003,0.016,0.019,,0.364,26.0,10.0,26.0,24.0,67.0,1.0,161.0,,633.0,,
MIR,2024-08-16 15:00:00,15,16,8,0.036,0.004,0.019,0.022,,0.382,28.0,13.0,26.0,24.0,65.0,1.1,140.0,,633.0,,
MIR,2024-08-16 16:00:00,16,16,8,0.034,0.004,0.018,0.022,,0.381,35.0,10.0,26.0,24.0,64.0,1.3,147.0,,632.0,,
MIR,2024-08-16 17:00:00,17,16,8,0.031,0.004,0.019,0.023,,0.374,27.0,8.0,26.0,24.0,62.0,1.0,132.0,,632.0,,
MIR,2024-08-16 18:00:00,18,16,8,0.021,0.005,0.026,0.031,,0.585,26.0,8.0,26.0,24.0,63.0,0.8,106.0,,632.0,,
MIR,2024-08-16 19:00:00,19,16,8,0.007,0.015,0.04,0.055,,1.396,30.0,7.0,26.0,23.0,69.0,0.4,130.0,,633.0,,
MIR,2024-08-16 20:00:00,20,16,8,0.001,0.033,0.044,0.077,,1.512,42.0,14.0,26.0,23.0,75.0,0.7,161.0,,633.0,,
MIR,2024-08-16 21:00:00,21,16,8,0.0,0.036,0.039,0.075,,1.421,80.0,21.0,26.0,22.0,79.0,0.4,180.0,,633.0,,
MIR,2024-08-16 22:00:00,22,16,8,0.0,0.019,0.037,0.057,,0.863,89.0,26.0,26.0,21.0,80.0,0.7,174.0,,634.0,,
MIR,2024-08-16 23:00:00,23,16,8,0.0,0.043,0.034,0.076,,1.334,61.0,17.0,26.0,21.0,83.0,0.2,149.0,,634.0,,
MIR,2024-08-17 00:00:00,0,17,8,0.004,0.014,0.027,0.041,,0.649,90.0,27.0,26.0,20.0,92.0,0.5,17.0,,634.0,,
MIR,2024-08-17 01:00:00,1,17,8,0.012,0.002,0.02,0.022,,0.421,29.0,13.0,26.0,19.0,95.0,1.1,182.0,,634.0,,
MIR,2024-08-17 02:00:00,2,17,8,0.023,0.001,0.011,0.012,,0.194,13.0,8.0,26.0,18.0,97.0,0.9,182.0,,634.0,,
MIR,2024-08-17 03:00:00,3,17,8,0.021,0.001,0.011,0.012,,0.212,33.0,6.0,27.0,18.0,99.0,0.3,146.0,,633.0,,
MIR,2024-08-17 04:00:00,4,17,8,0.014,0.001,0.016,0.017,,0.245,5.0,4.0,27.0,18.0,100.0,0.3,153.0,,633.0,,
MIR,2024-08-17 05:00:00,5,17,8,0.011,0.002,0.021,0.023,,0.29,7.0,4.0,27.0,18.0,100.0,0.6,38.0,,633.0,,
MIR,2024-08-17 06:00:00,6,17,8,0.008,0.004,0.022,0.026,,0.45,9.0,5.0,27.0,17.0,100.0,0.6,15.0,,634.0,,
MIR,2024-08-17 07:00:00,7,17,8,0.011,0.005,0.02,0.025,,0.458,16.0,17.0,27.0,18.0,100.0,0.6,347.0,,634.0,,
MIR,2024-08-17 08:00:00,8,17,8,0.019,0.006,0.017,0.023,,0.402,9.0,,26.0,19.0,89.0,0.7,2.0,,634.0,,
MIR,2024-08-17 09:00:00,9,17,8,0.026,0.005,0.014,0.019,,0.371,12.0,,26.0,21.0,78.0,0.7,355.0,,635.0,,
MIR,2024-08-17 10:00:00,10,17,8,0.032,0.005,0.018,0.023,,0.421,19.0,,26.0,22.0,72.0,0.6,97.0,,634.0,,
MIR,2024-08-17 11:00:00,11,17,8,0.042,0.004,0.017,0.02,,0.449,20.0,,26.0,23.0,70.0,0.8,166.0,,634.0,,
MIR,2024-08-17 12:00:00,12,17,8,0.054,0.002,0.014,0.016,,0.381,30.0,,26.0,24.0,64.0,0.8,202.0,,634.0,,
MIR,2024-08-17 13:00:00,13,17,8,0.055,0.001,0.011,0.013,,0.303,22.0,,26.0,26.0,54.0,0.8,237.0,,633.0,,
MIR,2024-08-17 14:00:00,14,17,8,0.062,0.001,0.011,0.012,,0.334,17.0,,26.0,27.0,49.0,1.0,350.0,,633.0,,
MIR,2024-08-17 15:00:00,15,17,8,0.041,0.002,0.016,0.018,,0.412,26.0,,26.0,25.0,63.0,1.8,22.0,,632.0,,
MIR,2024-08-17 16:00:00,16,17,8,0.035,0.002,0.015,0.017,,0.394,20.0,,26.0,19.0,89.0,3.6,7.0,,632.0,,
MIR,2024-08-17 17:00:00,17,17,8,0.014,0.01,0.031,0.04,,1.049,12.0,,26.0,18.0,100.0,0.7,320.0,,632.0,,
MIR,2024-08-17 18:00:00,18,17,8,0.003,0.018,0.04,0.058,,1.737,8.0,,26.0,18.0,99.0,0.8,307.0,,633.0,,
MIR,2024-08-17 19:00:00,19,17,8,0.002,0.012,0.031,0.043,,1.138,13.0,,26.0,18.0,100.0,0.3,277.0,,633.0,,
MIR,2024-08-17 20:00:00,20,17,8,0.0,0.059,0.034,0.093,,1.844,10.0,,26.0,19.0,100.0,0.1,329.0,,633.0,,
MIR,2024-08-17 21:00:00,21,17,8,0.0,0.066,0.035,0.101,,1.774,37.0,,26.0,19.0,100.0,0.7,71.0,,634.0,,
MIR,2024-08-17 22:00:00,22,17,8,0.015,0.005,0.019,0.024,,0.423,36.0,,26.0,19.0,93.0,1.4,70.0,,635.0,,
MIR,2024-08-17 23:00:00,23,17,8,0.012,0.002,0.02,0.023,,0.451,10.0,,26.0,18.0,95.0,0.5,114.0,,635.0,,
MIR,2024-08-18 00:00:00,0,18,8,0.012,0.002,0.02,0.022,,0.445,15.0,,26.0,18.0,100.0,0.5,185.0,,634.0,,
MIR,2024-08-18 01:00:00,1,18,8,0.013,0.001,0.017,0.018,,0.37,23.0,,26.0,18.0,100.0,0.9,179.0,,634.0,,
MIR,2024-08-18 02:00:00,2,18,8,0.011,0.002,0.019,0.021,,0.329,19.0,,26.0,18.0,100.0,0.6,178.0,,633.0,,
MIR,2024-08-18 03:00:00,3,18,8,0.011,0.001,0.017,0.018,,0.33,21.0,,26.0,17.0,100.0,0.3,147.0,,633.0,,
MIR,2024-08-18 04:00:00,4,18,8,0.014,0.001,0.014,0.015,,0.291,12.0,,26.0,17.0,98.0,0.4,63.0,,633.0,,
MIR,2024-08-18 05:00:00,5,18,8,0.015,0.001,0.011,0.012,,0.249,9.0,,26.0,17.0,98.0,0.4,47.0,,633.0,,
MIR,2024-08-18 06:00:00,6,18,8,0.006,0.002,0.017,0.019,,0.407,9.0,,26.0,17.0,98.0,0.1,105.0,,633.0,,
MIR,2024-08-18 07:00:00,7,18,8,0.002,0.017,0.025,0.043,,0.811,10.0,,26.0,18.0,98.0,0.1,139.0,,633.0,,
MIR,2024-08-18 08:00:00,8,18,8,0.012,0.01,0.019,0.028,,0.459,20.0,,26.0,19.0,90.0,0.9,68.0,,634.0,,
MIR,2024-08-18 09:00:00,9,18,8,0.02,0.005,0.014,0.018,,0.383,17.0,,26.0,19.0,86.0,1.0,78.0,,634.0,,
MIR,2024-08-18 10:00:00,10,18,8,0.026,0.005,0.011,0.016,,0.338,22.0,,26.0,21.0,77.0,1.5,81.0,,634.0,,
MIR,2024-08-18 11:00:00,11,18,8,0.031,0.003,0.01,0.013,,0.275,21.0,,26.0,22.0,71.0,1.5,94.0,,634.0,,
MIR,2024-08-18 12:00:00,12,18,8,0.035,0.002,0.01,0.012,,0.263,20.0,,26.0,24.0,66.0,1.6,117.0,,633.0,,
MIR,2024-08-18 13:00:00,13,18,8,0.039,0.002,0.009,0.011,,0.237,22.0,,26.0,25.0,59.0,2.3,120.0,,633.0,,
MIR,2024-08-18 14:00:00,14,18,8,0.039,0.003,0.01,0.012,,0.269,25.0,,26.0,26.0,57.0,2.0,97.0,,632.0,,
MIR,2024-08-18 15:00:00,15,18,8,0.036,0.002,0.01,0.013,,0.269,20.0,,26.0,26.0,58.0,2.8,59.0,,632.0,,
MIR,2024-08-18 16:00:00,16,18,8,0.03,0.002,0.01,0.012,,0.263,15.0,,26.0,24.0,64.0,3.2,79.0,,632.0,,
MIR,2024-08-18 17:00:00,17,18,8,0.024,0.003,0.017,0.02,,0.4,14.0,,26.0,23.0,68.0,1.6,82.0,,632.0,,
MIR,2024-08-18 18:00:00,18,18,8,0.011,0.005,0.026,0.03,,0.648,24.0,,26.0,22.0,73.0,0.8,138.0,,632.0,,
MIR,2024-08-18 19:00:00,19,18,8,0.007,0.005,0.027,0.032,,0.716,32.0,,26.0,21.0,87.0,0.7,176.0,,632.0,,
MIR,2024-08-18 20:00:00,20,18,8,0.003,0.01,0.029,0.039,,0.923,42.0,,27.0,20.0,96.0,0.5,191.0,,633.0,,
MIR,2024-08-18 21:00:00,21,18,8,0.004,0.006,0.024,0.03,,0.836,41.0,,26.0,20.0,98.0,0.2,272.0,,633.0,,
MIR,2024-08-18 22:00:00,22,18,8,0.007,0.006,0.024,0.031,,0.666,19.0,,26.0,20.0,95.0,0.2,199.0,,633.0,,
MIR,2024-08-18 23:00:00,23,18,8,0.003,0.011,0.028,0.039,,0.841,17.0,,26.0,20.0,96.0,0.9,124.0,,633.0,,
MIR,2024-08-19 00:00:00,0,19,8,0.026,0.002,0.012,0.014,,0.322,38.0,,26.0,18.0,96.0,1.4,135.0,,634.0,,
MIR,2024-08-19 01:00:00,1,19,8,0.029,,0.01,0.01,,0.183,8.0,,26.0,17.0,99.0,0.5,186.0,,634.0,,
MIR,2024-08-19 02:00:00,2,19,8,0.029,,0.01,0.01,,0.184,15.0,,27.0,17.0,100.0,0.2,163.0,,633.0,,
MIR,2024-08-19 03:00:00,3,19,8,0.023,,0.013,0.014,,0.226,18.0,,27.0,17.0,100.0,0.5,183.0,,633.0,,
MIR,2024-08-19 04:00:00,4,19,8,0.024,,0.014,0.014,,0.255,6.0,,27.0,17.0,100.0,0.1,261.0,,633.0,,
MIR,2024-08-19 05:00:00,5,19,8,0.02,,0.015,0.016,,0.402,4.0,,26.0,17.0,100.0,0.1,299.0,,633.0,,
MIR,2024-08-19 06:00:00,6,19,8,0.006,0.01,0.029,0.038,,0.732,4.0,,26.0,17.0,100.0,0.4,46.0,,633.0,,
MIR,2024-08-19 07:00:00,7,19,8,0.004,0.02,0.031,0.051,,1.014,17.0,,26.0,17.0,99.0,0.2,63.0,,634.0,,
MIR,2024-08-19 08:00:00,8,19,8,0.004,0.03,0.034,0.064,,1.108,14.0,,26.0,18.0,96.0,0.2,162.0,,634.0,,
MIR,2024-08-19 09:00:00,9,19,8,0.01,0.027,0.033,0.061,,1.039,25.0,,26.0,20.0,89.0,0.7,167.0,,635.0,,
MIR,2024-08-19 10:00:00,10,19,8,0.018,0.011,0.021,0.032,,0.455,34.0,,26.0,21.0,79.0,1.5,125.0,,635.0,,
MIR,2024-08-19 11:00:00,11,19,8,0.024,0.007,0.014,0.022,,0.324,31.0,,26.0,22.0,76.0,1.7,127.0,,634.0,,
MIR,2024-08-19 12:00:00,12,19,8,0.033,0.005,0.013,0.018,,0.25,29.0,,26.0,24.0,65.0,2.5,124.0,,634.0,,
MIR,2024-08-19 13:00:00,13,19,8,0.038,0.004,0.011,0.014,,0.213,29.0,,26.0,25.0,60.0,2.3,141.0,,634.0,,
MIR,2024-08-19 14:00:00,14,19,8,0.042,0.003,0.011,0.014,,0.23,23.0,,26.0,26.0,58.0,1.5,123.0,,633.0,,
MIR,2024-08-19 15:00:00,15,19,8,0.047,0.002,0.009,0.011,,0.224,22.0,,26.0,26.0,54.0,1.1,122.0,,632.0,,
MIR,2024-08-19 16:00:00,16,19,8,0.047,0.002,0.014,0.016,,0.415,21.0,,26.0,26.0,53.0,0.9,130.0,,632.0,,
MIR,2024-08-19 17:00:00,17,19,8,0.029,0.003,0.021,0.024,,0.539,28.0,,26.0,23.0,71.0,2.1,142.0,,632.0,,
MIR,2024-08-19 18:00:00,18,19,8,0.017,0.009,0.027,0.037,,0.836,43.0,,26.0,21.0,79.0,0.1,291.0,,632.0,,
MIR,2024-08-19 19:00:00,19,19,8,0.0,0.062,0.046,0.108,,1.997,31.0,,26.0,21.0,88.0,0.6,174.0,,633.0,,
MIR,2024-08-19 20:00:00,20,19,8,0.0,0.111,0.045,0.156,,2.581,106.0,,27.0,21.0,89.0,0.2,156.0,,633.0,,
MIR,2024-08-19 21:00:00,21,19,8,0.0,0.122,0.042,0.164,,2.532,88.0,,26.0,21.0,87.0,0.3,190.0,,633.0,,
MIR,2024-08-19 22:00:00,22,19,8,0.0,0.096,0.041,0.137,,2.321,,,26.0,21.0,84.0,0.1,353.0,,634.0,,
MIR,2024-08-19 23:00:00,23,19,8,0.0,0.065,0.039,0.104,,1.797,93.0,,26.0,21.0,83.0,0.3,205.0,,634.0,,
MIR,2024-08-20 00:00:00,0,20,8,0.0,0.062,0.035,0.096,,1.874,68.0,,26.0,20.0,93.0,0.6,172.0,,634.0,,
MIR,2024-08-20 01:00:00,1,20,8,0.001,0.019,0.031,0.05,,0.725,82.0,,26.0,20.0,89.0,0.7,81.0,,634.0,,
MIR,2024-08-20 02:00:00,2,20,8,0.014,0.004,0.019,0.023,,0.266,39.0,,26.0,19.0,96.0,0.8,175.0,,634.0,,
MIR,2024-08-20 03:00:00,3,20,8,0.025,0.001,0.012,0.013,,0.203,19.0,,26.0,17.0,100.0,0.5,324.0,,634.0,,
MIR,2024-08-20 04:00:00,4,20,8,0.011,0.001,0.023,0.023,,0.298,10.0,,26.0,18.0,100.0,0.5,190.0,,634.0,,
MIR,2024-08-20 05:00:00,5,20,8,0.016,0.001,0.018,0.019,,0.217,27.0,,26.0,17.0,100.0,0.5,198.0,,634.0,,
MIR,2024-08-20 06:00:00,6,20,8,0.001,0.024,0.035,0.059,,0.729,7.0,,26.0,18.0,100.0,0.1,63.0,,634.0,,
MIR,2024-08-20 07:00:00,7,20,8,0.001,0.053,0.035,0.088,,1.258,33.0,,26.0,18.0,100.0,0.3,27.0,,635.0,,
MIR,2024-08-20 08:00:00,8,20,8,0.005,0.037,0.035,0.072,,1.129,25.0,,26.0,19.0,96.0,0.7,40.0,,635.0,,
MIR,2024-08-20 09:00:00,9,20,8,0.012,0.019,0.024,0.043,,0.714,29.0,,26.0,21.0,80.0,1.2,93.0,,635.0,,
MIR,2024-08-20 10:00:00,10,20,8,0.019,0.01,0.016,0.026,,0.373,43.0,,26.0,22.0,67.0,2.0,97.0,,635.0,,
MIR,2024-08-20 11:00:00,11,20,8,0.024,0.006,0.016,0.022,,0.355,41.0,,26.0,22.0,66.0,1.5,115.0,,635.0,,
MIR,2024-08-20 12:00:00,12,20,8,0.036,0.005,0.013,0.018,,0.333,39.0,,26.0,24.0,61.0,1.0,108.0,,635.0,,
MIR,2024-08-20 13:00:00,13,20,8,0.045,0.002,0.012,0.014,,0.279,32.0,,26.0,25.0,57.0,1.0,114.0,,634.0,,
MIR,2024-08-20 14:00:00,14,20,8,0.05,0.003,0.013,0.016,,0.309,22.0,,26.0,26.0,54.0,1.2,163.0,,634.0,,
MIR,2024-08-20 15:00:00,15,20,8,0.049,0.003,0.012,0.015,,0.291,34.0,,26.0,27.0,49.0,1.5,65.0,,633.0,,
MIR,2024-08-20 16:00:00,16,20,8,0.044,0.002,0.012,0.015,,0.305,24.0,,26.0,27.0,50.0,0.9,54.0,,632.0,,
MIR,2024-08-20 17:00:00,17,20,8,0.037,0.002,0.015,0.017,,0.361,25.0,,26.0,27.0,51.0,1.0,37.0,,632.0,,
MIR,2024-08-20 18:00:00,18,20,8,0.026,0.002,0.022,0.025,,0.585,31.0,,26.0,26.0,54.0,0.6,353.0,,633.0,,
MIR,2024-08-20 19:00:00,19,20,8,0.013,0.004,0.032,0.036,,0.833,32.0,,26.0,24.0,64.0,0.4,312.0,,633.0,,
MIR,2024-08-20 20:00:00,20,20,8,0.001,0.016,0.04,0.056,,1.381,34.0,,26.0,23.0,70.0,0.5,300.0,,633.0,,
MIR,2024-08-20 21:00:00,21,20,8,0.0,0.024,0.039,0.063,,1.559,48.0,,26.0,22.0,79.0,0.1,306.0,,634.0,,
MIR,2024-08-20 22:00:00,22,20,8,0.0,0.047,0.036,0.083,,1.903,47.0,,26.0,22.0,82.0,0.2,207.0,,634.0,,
MIR,2024-08-20 23:00:00,23,20,8,0.0,0.099,0.034,0.133,,2.671,70.0,,26.0,21.0,89.0,0.2,185.0,,634.0,,
MIR,2024-08-21 00:00:00,0,21,8,0.0,0.058,0.036,0.094,,1.587,,,26.0,21.0,86.0,0.1,331.0,,635.0,,
MIR,2024-08-21 01:00:00,1,21,8,0.0,0.026,0.03,0.056,,1.089,76.0,,26.0,20.0,92.0,0.1,347.0,,635.0,,
MIR,2024-08-21 02:00:00,2,21,8,0.0,0.025,0.026,0.051,,1.064,46.0,,26.0,20.0,95.0,0.2,175.0,,634.0,,
MIR,2024-08-21 03:00:00,3,21,8,0.001,0.015,0.024,0.04,,0.736,46.0,,26.0,20.0,92.0,0.2,14.0,,634.0,,
MIR,2024-08-21 04:00:00,4,21,8,0.001,0.007,0.023,0.03,,0.534,31.0,,26.0,19.0,92.0,0.2,11.0,,634.0,,
MIR,2024-08-21 05:00:00,5,21,8,0.001,0.02,0.023,0.043,,0.572,23.0,,26.0,19.0,87.0,0.5,41.0,,634.0,,
MIR,2024-08-21 06:00:00,6,21,8,0.0,0.026,0.024,0.05,,0.815,38.0,,26.0,19.0,82.0,0.5,45.0,,635.0,,
MIR,2024-08-21 07:00:00,7,21,8,0.005,0.023,0.024,0.047,,0.726,47.0,,26.0,20.0,75.0,1.5,76.0,,635.0,,
MIR,2024-08-21 08:00:00,8,21,8,0.013,0.012,0.018,0.03,,0.531,40.0,,26.0,22.0,68.0,1.8,86.0,,635.0,,
MIR,2024-08-21 09:00:00,9,21,8,0.022,0.009,0.015,0.025,,0.384,39.0,,26.0,23.0,62.0,2.3,94.0,,635.0,,
MIR,2024-08-21 10:00:00,10,21,8,0.029,0.006,0.012,0.018,,0.268,47.0,,26.0,23.0,63.0,2.1,107.0,,635.0,,
MIR,2024-08-21 11:00:00,11,21,8,0.036,0.004,0.011,0.015,,0.261,29.0,,26.0,24.0,59.0,2.0,104.0,,635.0,,
MIR,2024-08-21 12:00:00,12,21,8,0.041,0.003,0.013,0.016,,0.269,32.0,,26.0,25.0,55.0,1.7,113.0,,635.0,,
MIR,2024-08-21 13:00:00,13,21,8,0.044,0.003,0.013,0.015,,0.266,36.0,,26.0,26.0,53.0,1.3,118.0,,634.0,,
MIR,2024-08-21 14:00:00,14,21,8,0.042,0.002,0.015,0.018,,0.32,37.0,,26.0,26.0,51.0,1.1,100.0,,633.0,,
MIR,2024-08-21 15:00:00,15,21,8,0.039,0.003,0.016,0.019,,0.31,35.0,,26.0,27.0,51.0,1.1,104.0,,633.0,,
MIR,2024-08-21 16:00:00,16,21,8,0.04,0.002,0.014,0.016,,0.32,26.0,,26.0,26.0,56.0,1.1,140.0,,632.0,,
MIR,2024-08-21 17:00:00,17,21,8,0.039,0.002,0.016,0.018,,0.376,23.0,,26.0,26.0,57.0,1.1,203.0,,632.0,,
MIR,2024-08-21 18:00:00,18,21,8,0.038,0.001,0.017,0.018,,0.433,25.0,,26.0,26.0,59.0,0.7,220.0,,632.0,,
MIR,2024-08-21 19:00:00,19,21,8,0.026,0.002,0.027,0.029,,0.64,23.0,,26.0,24.0,63.0,1.0,205.0,,633.0,,
MIR,2024-08-21 20:00:00,20,21,8,0.026,0.003,0.027,0.03,,0.586,45.0,,26.0,23.0,67.0,1.7,231.0,,633.0,,
MIR,2024-08-21 21:00:00,21,21,8,0.031,0.002,0.018,0.02,,0.402,38.0,,26.0,22.0,69.0,2.4,144.0,,634.0,,
MIR,2024-08-21 22:00:00,22,21,8,0.032,0.002,0.018,0.02,,0.358,41.0,,26.0,18.0,87.0,1.9,58.0,,634.0,,
MIR,2024-08-21 23:00:00,23,21,8,0.03,0.001,0.017,0.018,,0.415,13.0,,26.0,18.0,98.0,1.3,266.0,,634.0,,
MIR,2024-08-22 00:00:00,0,22,8,0.012,0.001,0.029,0.03,,0.452,12.0,,26.0,18.0,99.0,0.6,161.0,,634.0,,
MIR,2024-08-22 01:00:00,1,22,8,0.011,0.001,0.026,0.027,,0.389,35.0,,26.0,18.0,100.0,0.1,4.0,,634.0,,
MIR,2024-08-22 02:00:00,2,22,8,0.006,0.001,0.03,0.031,,0.417,17.0,,26.0,17.0,100.0,0.1,321.0,,634.0,,
MIR,2024-08-22 03:00:00,3,22,8,0.004,0.002,0.03,0.032,,0.491,17.0,,26.0,18.0,100.0,0.2,337.0,,633.0,,
MIR,2024-08-22 04:00:00,4,22,8,0.001,0.009,0.03,0.039,,0.532,24.0,,26.0,17.0,100.0,0.8,173.0,,633.0,,
MIR,2024-08-22 05:00:00,5,22,8,0.003,0.009,0.028,0.037,,0.548,27.0,,26.0,17.0,100.0,0.2,269.0,,634.0,,
MIR,2024-08-22 06:00:00,6,22,8,0.0,0.042,0.026,0.068,,1.185,28.0,,26.0,17.0,100.0,0.1,321.0,,634.0,,
MIR,2024-08-22 07:00:00,7,22,8,0.001,0.039,0.028,0.067,,1.127,35.0,,26.0,18.0,96.0,0.2,27.0,,634.0,,
MIR,2024-08-22 08:00:00,8,22,8,0.004,0.021,0.026,0.048,,0.872,36.0,,26.0,19.0,86.0,0.4,42.0,,635.0,,
MIR,2024-08-22 09:00:00,9,22,8,0.008,0.024,0.028,0.052,,0.956,40.0,,26.0,21.0,79.0,0.4,123.0,,635.0,,
MIR,2024-08-22 10:00:00,10,22,8,0.028,0.009,0.017,0.026,,0.431,56.0,,26.0,23.0,64.0,1.5,79.0,,635.0,,
MIR,2024-08-22 11:00:00,11,22,8,0.04,0.004,0.011,0.015,,0.281,31.0,,26.0,24.0,58.0,1.9,81.0,,634.0,,
MIR,2024-08-22 12:00:00,12,22,8,0.041,0.003,0.012,0.015,,0.296,23.0,,26.0,24.0,59.0,1.2,99.0,,634.0,,
MIR,2024-08-22 13:00:00,13,22,8,0.046,0.003,0.013,0.016,,0.285,26.0,,26.0,26.0,52.0,1.6,95.0,,634.0,,
MIR,2024-08-22 14:00:00,14,22,8,0.052,0.002,0.012,0.014,,0.258,32.0,,26.0,27.0,48.0,1.4,112.0,,633.0,,
MIR,2024-08-22 15:00:00,15,22,8,0.044,0.003,0.016,0.019,,0.289,27.0,,26.0,27.0,47.0,1.7,77.0,,632.0,,
MIR,2024-08-22 16:00:00,16,22,8,0.044,0.003,0.012,0.015,,0.252,33.0,,26.0,28.0,44.0,2.2,94.0,,632.0,,
MIR,2024-08-22 17:00:00,17,22,8,0.037,0.003,0.016,0.019,,0.322,28.0,,26.0,27.0,42.0,1.7,80.0,,632.0,,
MIR,2024-08-22 18:00:00,18,22,8,0.036,0.002,0.02,0.022,,0.448,31.0,,26.0,25.0,57.0,1.0,191.0,,632.0,,
MIR,2024-08-22 19:00:00,19,22,8,0.031,0.001,0.024,0.026,,,47.0,,26.0,24.0,63.0,1.2,204.0,,632.0,,
MIR,2024-08-22 20:00:00,20,22,8,0.038,0.001,0.013,0.014,,0.317,41.0,,26.0,23.0,68.0,4.3,266.0,,632.0,,
MIR,2024-08-22 21:00:00,21,22,8,0.041,0.001,0.01,0.011,,0.292,23.0,,26.0,22.0,65.0,3.5,256.0,,633.0,,
MIR,2024-08-22 22:00:00,22,22,8,0.015,0.003,0.03,0.033,,0.666,17.0,,26.0,21.0,74.0,0.9,145.0,,633.0,,
MIR,2024-08-22 23:00:00,23,22,8,0.018,0.002,0.026,0.027,,0.541,53.0,,26.0,21.0,78.0,0.5,350.0,,634.0,,
MIR,2024-08-23 00:00:00,0,23,8,0.023,0.001,0.019,0.02,,0.433,42.0,,26.0,21.0,71.0,0.2,300.0,,634.0,,
MIR,2024-08-23 01:00:00,1,23,8,0.026,0.0,0.019,0.019,,0.313,24.0,,26.0,20.0,69.0,0.1,336.0,,634.0,,
MIR,2024-08-23 02:00:00,2,23,8,0.024,0.0,0.021,0.021,,0.301,17.0,,26.0,20.0,69.0,0.2,21.0,,634.0,,
MIR,2024-08-23 03:00:00,3,23,8,0.021,0.0,0.019,0.02,,0.317,18.0,,26.0,19.0,76.0,0.2,22.0,,633.0,,
MIR,2024-08-23 04:00:00,4,23,8,0.018,0.001,0.021,0.023,,0.333,13.0,,26.0,19.0,83.0,0.4,57.0,,633.0,,
MIR,2024-08-23 05:00:00,5,23,8,0.005,0.004,0.03,0.034,,0.46,16.0,,26.0,19.0,87.0,0.1,0.0,,633.0,,
MIR,2024-08-23 06:00:00,6,23,8,0.0,0.027,0.034,0.061,,0.859,29.0,,26.0,18.0,89.0,0.1,318.0,,634.0,,
MIR,2024-08-23 07:00:00,7,23,8,0.004,0.029,0.035,0.064,,0.967,42.0,,26.0,19.0,82.0,0.1,319.0,,634.0,,
MIR,2024-08-23 08:00:00,8,23,8,0.013,0.014,0.028,0.042,,0.634,39.0,,26.0,20.0,75.0,1.1,45.0,,634.0,,
MIR,2024-08-23 09:00:00,9,23,8,0.02,0.009,0.02,0.029,,0.438,35.0,,26.0,22.0,67.0,1.7,72.0,,635.0,,
MIR,2024-08-23 10:00:00,10,23,8,0.031,0.006,0.013,0.019,,0.277,44.0,,26.0,23.0,60.0,1.8,98.0,,635.0,,
MIR,2024-08-23 11:00:00,11,23,8,0.037,0.004,0.011,0.015,,0.238,26.0,,26.0,24.0,58.0,2.0,128.0,,635.0,,
MIR,2024-08-23 12:00:00,12,23,8,0.044,0.003,0.009,0.011,,0.205,31.0,,26.0,25.0,52.0,1.8,126.0,,634.0,,
MIR,2024-08-23 13:00:00,13,23,8,0.046,0.002,0.009,0.011,,0.201,26.0,,26.0,26.0,48.0,1.7,134.0,,634.0,,
MIR,2024-08-23 14:00:00,14,23,8,,,,,,,,,,,,,,,,,
MIR,2024-08-23 15:00:00,15,23,8,0.039,0.003,0.015,0.018,,0.285,24.0,,26.0,27.0,47.0,1.6,137.0,,633.0,,
MIR,2024-08-23 16:00:00,16,23,8,0.041,0.002,0.019,0.022,,0.369,38.0,,26.0,26.0,56.0,1.9,159.0,,633.0,,
MIR,2024-08-23 17:00:00,17,23,8,0.029,0.005,0.028,0.032,,0.471,49.0,,26.0,24.0,64.0,1.5,145.0,,633.0,,
MIR,2024-08-23 18:00:00,18,23,8,0.029,0.002,0.022,0.024,,0.529,56.0,,26.0,24.0,66.0,0.8,210.0,,633.0,,
MIR,2024-08-23 19:00:00,19,23,8,0.028,0.002,0.018,0.02,,0.446,61.0,,26.0,23.0,69.0,1.5,251.0,,633.0,,
MIR,2024-08-23 20:00:00,20,23,8,0.031,0.001,0.014,0.016,,0.361,34.0,,26.0,23.0,64.0,1.8,274.0,,633.0,,
MIR,2024-08-23 21:00:00,21,23,8,0.028,0.001,0.016,0.017,,0.357,22.0,,26.0,22.0,66.0,0.5,168.0,,634.0,,
MIR,2024-08-23 22:00:00,22,23,8,0.026,0.001,0.016,0.017,,0.374,28.0,,26.0,21.0,73.0,0.8,316.0,,634.0,,
MIR,2024-08-23 23:00:00,23,23,8,0.007,0.003,0.028,0.031,,0.606,28.0,,26.0,21.0,84.0,0.6,116.0,,635.0,,
MIR,2024-08-24 00:00:00,0,24,8,0.025,0.002,0.016,0.018,,0.325,62.0,,26.0,19.0,88.0,1.9,156.0,,635.0,,
MIR,2024-08-24 01:00:00,1,24,8,0.023,0.001,0.017,0.018,,0.231,28.0,,26.0,17.0,97.0,0.3,121.0,,635.0,,
MIR,2024-08-24 02:00:00,2,24,8,0.021,0.001,0.014,0.014,,0.241,5.0,,26.0,17.0,98.0,0.2,97.0,,634.0,,
MIR,2024-08-24 03:00:00,3,24,8,,,,,,,,,,,,,,,,,
MIR,2024-08-24 04:00:00,4,24,8,0.021,0.001,0.013,0.013,,0.259,11.0,,26.0,17.0,99.0,0.2,358.0,,634.0,,
MIR,2024-08-24 05:00:00,5,24,8,0.012,0.002,0.018,0.02,,0.346,8.0,,26.0,18.0,98.0,0.3,66.0,,634.0,,
MIR,2024-08-24 06:00:00,6,24,8,0.002,0.013,0.029,0.043,,0.602,9.0,,26.0,18.0,98.0,0.2,136.0,,635.0,,
MIR,2024-08-24 07:00:00,7,24,8,0.003,0.014,0.027,0.041,,0.641,21.0,,26.0,18.0,98.0,0.1,217.0,,635.0,,
MIR,2024-08-24 08:00:00,8,24,8,0.006,0.01,0.026,0.036,,0.69,23.0,,26.0,18.0,95.0,0.2,328.0,,635.0,,
MIR,2024-08-24 09:00:00,9,24,8,0.01,0.015,0.028,0.043,,0.718,31.0,,26.0,19.0,89.0,0.5,29.0,,636.0,,
MIR,2024-08-24 10:00:00,10,24,8,0.021,0.012,0.023,0.035,,0.603,37.0,,26.0,21.0,79.0,0.6,40.0,,636.0,,
MIR,2024-08-24 11:00:00,11,24,8,,,,,,,,,,,,,,,,,
MIR,2024-08-24 12:00:00,12,24,8,0.046,0.003,0.014,0.016,,0.345,35.0,,26.0,24.0,64.0,1.1,122.0,,635.0,,
MIR,2024-08-24 13:00:00,13,24,8,0.054,0.002,0.014,0.016,,0.31,31.0,,26.0,25.0,58.0,0.8,100.0,,634.0,,
MIR,2024-08-24 14:00:00,14,24,8,0.059,0.002,0.011,0.013,,0.285,28.0,,26.0,26.0,51.0,1.2,128.0,,633.0,,
MIR,2024-08-24 15:00:00,15,24,8,0.061,0.001,0.012,0.014,,0.335,24.0,,26.0,27.0,51.0,0.9,59.0,,633.0,,
MIR,2024-08-24 16:00:00,16,24,8,0.046,0.002,0.017,0.018,,0.389,27.0,,26.0,26.0,53.0,1.1,178.0,,632.0,,
MIR,2024-08-24 17:00:00,17,24,8,0.044,0.001,0.013,0.014,,0.345,34.0,,26.0,24.0,63.0,3.1,259.0,,633.0,,
MIR,2024-08-24 18:00:00,18,24,8,0.032,0.002,0.012,0.014,,0.344,25.0,,26.0,23.0,65.0,3.5,268.0,,633.0,,
MIR,2024-08-24 19:00:00,19,24,8,0.028,0.001,0.01,0.012,,0.284,18.0,,26.0,22.0,69.0,3.9,269.0,,633.0,,
MIR,2024-08-24 20:00:00,20,24,8,0.025,0.002,0.012,0.014,,0.362,13.0,,26.0,22.0,77.0,2.0,288.0,,634.0,,
MIR,2024-08-24 21:00:00,21,24,8,0.017,0.003,0.019,0.022,,0.546,20.0,,26.0,21.0,79.0,0.6,200.0,,634.0,,
MIR,2024-08-24 22:00:00,22,24,8,0.007,0.006,0.026,0.032,,0.69,23.0,,26.0,21.0,82.0,0.3,202.0,,634.0,,
MIR,2024-08-24 23:00:00,23,24,8,0.003,0.008,0.03,0.038,,0.892,45.0,,26.0,21.0,83.0,0.2,110.0,,634.0,,
MIR,2024-08-25 00:00:00,0,25,8,0.004,0.01,0.031,0.041,,0.783,40.0,,26.0,20.0,85.0,0.4,73.0,,634.0,,
MIR,2024-08-25 01:00:00,1,25,8,0.006,0.003,0.027,0.03,,0.782,31.0,,26.0,20.0,87.0,0.2,121.0,,634.0,,
MIR,2024-08-25 02:00:00,2,25,8,0.001,0.009,0.027,0.037,,1.078,36.0,,26.0,20.0,92.0,0.1,191.0,,634.0,,
MIR,2024-08-25 03:00:00,3,25,8,0.001,0.006,0.025,0.031,,0.734,61.0,,26.0,19.0,94.0,0.5,180.0,,634.0,,
MIR,2024-08-25 04:00:00,4,25,8,0.0,0.01,0.023,0.033,,0.773,45.0,,26.0,19.0,96.0,0.2,170.0,,634.0,,
MIR,2024-08-25 05:00:00,5,25,8,0.0,0.022,0.022,0.044,,0.832,42.0,,26.0,19.0,96.0,0.3,138.0,,634.0,,
MIR,2024-08-25 06:00:00,6,25,8,0.0,0.034,0.022,0.056,,0.961,59.0,,26.0,19.0,98.0,0.2,181.0,,634.0,,
MIR,2024-08-25 07:00:00,7,25,8,0.003,0.03,0.02,0.051,,0.829,65.0,,26.0,20.0,92.0,0.3,4.0,,634.0,,
MIR,2024-08-25 08:00:00,8,25,8,0.015,0.008,0.016,0.024,,0.49,41.0,,26.0,21.0,81.0,0.5,74.0,,635.0,,
MIR,2024-08-25 09:00:00,9,25,8,0.027,0.005,0.013,0.018,,0.385,19.0,,26.0,23.0,72.0,0.6,122.0,,635.0,,
MIR,2024-08-25 10:00:00,10,25,8,0.034,0.004,0.012,0.016,,0.354,18.0,,26.0,24.0,65.0,1.1,113.0,,635.0,,
MIR,2024-08-25 11:00:00,11,25,8,0.044,0.002,0.011,0.013,,0.3,19.0,,26.0,24.0,63.0,0.8,79.0,,635.0,,
MIR,2024-08-25 12:00:00,12,25,8,0.055,,0.01,0.011,,0.315,17.0,,26.0,26.0,58.0,0.6,331.0,,635.0,,
MIR,2024-08-25 13:00:00,13,25,8,0.065,,0.009,0.01,,0.3,24.0,,26.0,27.0,52.0,0.8,18.0,,634.0,,
MIR,2024-08-25 14:00:00,14,25,8,0.057,,0.011,0.012,,0.33,28.0,,26.0,27.0,52.0,1.3,37.0,,634.0,,
MIR,2024-08-25 15:00:00,15,25,8,0.058,,0.009,0.01,,0.288,26.0,,26.0,28.0,45.0,1.3,63.0,,633.0,,
MIR,2024-08-25 16:00:00,16,25,8,0.055,,0.01,0.011,,0.26,27.0,,26.0,28.0,42.0,1.1,113.0,,633.0,,
MIR,2024-08-25 17:00:00,17,25,8,0.049,,0.011,0.012,,0.32,20.0,,26.0,28.0,42.0,0.8,107.0,,632.0,,
MIR,2024-08-25 18:00:00,18,25,8,0.034,,0.019,0.021,,0.496,25.0,,26.0,26.0,50.0,1.8,186.0,,633.0,,
MIR,2024-08-25 19:00:00,19,25,8,0.035,,0.009,0.01,,0.327,42.0,,26.0,24.0,65.0,4.3,267.0,,633.0,,
MIR,2024-08-25 20:00:00,20,25,8,0.035,,0.01,0.011,,0.309,21.0,,26.0,23.0,63.0,4.0,267.0,,633.0,,
MIR,2024-08-25 21:00:00,21,25,8,0.023,,0.019,0.02,,0.643,17.0,,26.0,23.0,68.0,0.8,310.0,,634.0,,
MIR,2024-08-25 22:00:00,22,25,8,0.009,0.003,0.035,0.038,,0.989,26.0,,26.0,22.0,73.0,0.2,296.0,,634.0,,
MIR,2024-08-25 23:00:00,23,25,8,0.015,0.001,0.025,0.026,,0.755,34.0,,26.0,21.0,74.0,0.1,336.0,,634.0,,
MIR,2024-08-26 00:00:00,0,26,8,0.005,0.005,0.03,0.036,,0.812,24.0,,26.0,21.0,81.0,0.4,145.0,,634.0,,
MIR,2024-08-26 01:00:00,1,26,8,0.006,0.003,0.025,0.028,,0.504,56.0,,26.0,20.0,88.0,0.7,183.0,,634.0,,
MIR,2024-08-26 02:00:00,2,26,8,0.003,0.005,0.024,0.028,,0.559,35.0,,26.0,19.0,90.0,0.3,174.0,,634.0,,
MIR,2024-08-26 03:00:00,3,26,8,0.003,0.003,0.023,0.025,,0.502,37.0,,26.0,19.0,93.0,0.5,187.0,,634.0,,
MIR,2024-08-26 04:00:00,4,26,8,0.002,0.007,0.023,0.03,,0.489,46.0,,26.0,19.0,94.0,0.3,182.0,,634.0,,
MIR,2024-08-26 05:00:00,5,26,8,0.0,0.045,0.025,0.07,,0.792,65.0,,26.0,19.0,94.0,0.1,89.0,,634.0,,
MIR,2024-08-26 06:00:00,6,26,8,0.0,0.054,0.026,0.08,,1.052,59.0,,26.0,19.0,93.0,0.2,66.0,,634.0,,
MIR,2024-08-26 07:00:00,7,26,8,0.001,0.058,0.029,0.087,,1.386,60.0,,26.0,20.0,87.0,0.4,144.0,,635.0,,
MIR,2024-08-26 08:00:00,8,26,8,0.011,0.03,0.025,0.056,,0.997,58.0,,26.0,21.0,81.0,1.2,163.0,,635.0,,
MIR,2024-08-26 09:00:00,9,26,8,0.022,0.01,0.017,0.027,,0.473,72.0,,26.0,23.0,67.0,2.0,119.0,,635.0,,
MIR,2024-08-26 10:00:00,10,26,8,0.031,0.005,0.012,0.017,,0.31,47.0,,26.0,24.0,59.0,1.9,113.0,,635.0,,
MIR,2024-08-26 11:00:00,11,26,8,0.039,0.004,0.012,0.016,,0.304,36.0,,26.0,25.0,54.0,1.9,108.0,,635.0,,
MIR,2024-08-26 12:00:00,12,26,8,0.042,0.003,0.012,0.015,,0.265,38.0,,26.0,26.0,49.0,2.0,135.0,,635.0,,
MIR,2024-08-26 13:00:00,13,26,8,0.046,0.002,0.01,0.012,,0.283,36.0,,26.0,27.0,46.0,2.0,140.0,,634.0,,
MIR,2024-08-26 14:00:00,14,26,8,0.054,0.002,0.01,0.012,,0.282,33.0,,26.0,28.0,44.0,1.4,151.0,,633.0,,
MIR,2024-08-26 15:00:00,15,26,8,0.053,0.002,0.012,0.014,,0.299,41.0,,26.0,28.0,42.0,1.5,132.0,,633.0,,
MIR,2024-08-26 16:00:00,16,26,8,0.052,0.002,,0.015,,0.312,43.0,,26.0,29.0,42.0,1.4,134.0,,632.0,,
MIR,2024-08-26 17:00:00,17,26,8,0.048,0.001,0.013,0.015,,0.315,43.0,,26.0,28.0,43.0,0.9,145.0,,632.0,,
MIR,2024-08-26 18:00:00,18,26,8,0.038,0.001,0.02,0.021,,0.496,37.0,,26.0,27.0,47.0,1.1,197.0,,632.0,,
MIR,2024-08-26 19:00:00,19,26,8,0.033,0.002,0.019,0.021,,0.484,45.0,,26.0,26.0,55.0,3.2,269.0,,633.0,,
MIR,2024-08-26 20:00:00,20,26,8,0.032,0.002,0.017,0.018,,0.415,37.0,,26.0,25.0,58.0,3.2,263.0,,633.0,,
MIR,2024-08-26 21:00:00,21,26,8,0.031,,0.012,0.013,,0.327,33.0,,26.0,24.0,66.0,4.1,271.0,,634.0,,
MIR,2024-08-26 22:00:00,22,26,8,0.03,0.001,0.011,0.012,,0.341,35.0,,26.0,23.0,73.0,1.9,290.0,,634.0,,
MIR,2024-08-26 23:00:00,23,26,8,0.033,0.001,0.01,0.011,,0.296,25.0,,26.0,22.0,76.0,0.8,319.0,,634.0,,
MIR,2024-08-27 00:00:00,0,27,8,0.025,0.0,0.013,0.014,,0.286,17.0,,26.0,22.0,80.0,0.8,321.0,,634.0,,
MIR,2024-08-27 01:00:00,1,27,8,0.025,0.0,0.01,0.011,,0.246,19.0,,26.0,21.0,83.0,0.2,285.0,,634.0,,
MIR,2024-08-27 02:00:00,2,27,8,0.017,0.001,0.016,0.016,,0.309,15.0,,26.0,21.0,83.0,0.3,62.0,,634.0,,
MIR,2024-08-27 03:00:00,3,27,8,0.022,0.001,0.013,0.014,,0.256,28.0,,26.0,21.0,85.0,0.6,305.0,,634.0,,
MIR,2024-08-27 04:00:00,4,27,8,0.02,0.001,0.014,0.014,,0.239,17.0,,26.0,20.0,86.0,0.5,318.0,,633.0,,
MIR,2024-08-27 05:00:00,5,27,8,0.011,0.002,0.021,0.023,,0.379,13.0,,26.0,20.0,89.0,0.3,7.0,,634.0,,
MIR,2024-08-27 06:00:00,6,27,8,0.012,0.003,0.021,0.024,,0.478,25.0,,26.0,20.0,90.0,0.3,345.0,,634.0,,
MIR,2024-08-27 07:00:00,7,27,8,0.012,0.006,0.023,0.029,,0.628,29.0,,26.0,21.0,81.0,0.5,9.0,,634.0,,
MIR,2024-08-27 08:00:00,8,27,8,0.018,0.007,0.016,0.023,,0.42,30.0,,26.0,21.0,70.0,1.3,44.0,,634.0,,
MIR,2024-08-27 09:00:00,9,27,8,0.02,0.008,0.017,0.025,,0.406,32.0,,26.0,22.0,71.0,1.5,79.0,,634.0,,
MIR,2024-08-27 10:00:00,10,27,8,0.029,0.007,0.016,0.022,,0.379,47.0,,26.0,24.0,69.0,1.4,106.0,,634.0,,
MIR,2024-08-27 11:00:00,11,27,8,,,,,,,,,,,,,,,,,
MIR,2024-08-27 12:00:00,12,27,8,0.053,,0.013,0.015,,0.296,42.0,,26.0,25.0,61.0,1.6,124.0,,634.0,,
MIR,2024-08-27 13:00:00,13,27,8,0.056,,0.013,0.015,,0.318,42.0,,26.0,27.0,53.0,1.5,107.0,,633.0,,
MIR,2024-08-27 14:00:00,14,27,8,0.057,,0.015,0.017,,0.3,46.0,,26.0,27.0,50.0,1.5,90.0,,633.0,,
MIR,2024-08-27 15:00:00,15,27,8,0.054,,0.013,0.015,,0.281,48.0,,26.0,28.0,42.0,1.7,69.0,,632.0,,
MIR,2024-08-27 16:00:00,16,27,8,0.047,0.003,0.014,0.017,,0.278,39.0,,26.0,29.0,37.0,1.9,76.0,,631.0,,
MIR,2024-08-27 17:00:00,17,27,8,0.042,0.002,0.017,0.019,,0.36,36.0,,26.0,28.0,39.0,1.2,67.0,,631.0,,
MIR,2024-08-27 18:00:00,18,27,8,0.046,0.002,0.022,0.024,,0.475,33.0,,26.0,27.0,47.0,1.2,153.0,,632.0,,
MIR,2024-08-27 19:00:00,19,27,8,0.058,,0.022,0.023,,0.677,44.0,,26.0,26.0,59.0,2.9,266.0,,632.0,,
MIR,2024-08-27 20:00:00,20,27,8,0.05,,0.022,0.023,,0.585,55.0,,26.0,25.0,67.0,2.4,270.0,,633.0,,
MIR,2024-08-27 21:00:00,21,27,8,0.034,,0.015,0.016,,0.387,46.0,,26.0,23.0,78.0,2.5,269.0,,633.0,,
MIR,2024-08-27 22:00:00,22,27,8,0.026,,0.013,0.014,,0.389,28.0,,26.0,23.0,81.0,0.6,253.0,,633.0,,
MIR,2024-08-27 23:00:00,23,27,8,0.021,,0.012,0.012,,0.311,24.0,,26.0,22.0,86.0,0.4,251.0,,634.0,,
MIR,2024-08-28 00:00:00,0,28,8,0.02,,0.011,0.012,,0.312,23.0,,26.0,22.0,86.0,0.4,288.0,,634.0,,
MIR,2024-08-28 01:00:00,1,28,8,0.02,,0.013,0.014,,0.312,17.0,,26.0,22.0,83.0,0.6,355.0,,634.0,,
MIR,2024-08-28 02:00:00,2,28,8,0.026,,0.01,0.01,,0.236,18.0,,26.0,21.0,80.0,1.4,53.0,,634.0,,
MIR,2024-08-28 03:00:00,3,28,8,0.03,0.0,0.01,0.011,,0.232,16.0,,26.0,20.0,83.0,1.5,175.0,,633.0,,
MIR,2024-08-28 04:00:00,4,28,8,0.024,0.001,0.012,0.012,,0.263,15.0,,26.0,19.0,88.0,0.8,114.0,,633.0,,
MIR,2024-08-28 05:00:00,5,28,8,0.013,0.003,0.024,0.027,,0.356,22.0,,26.0,19.0,86.0,0.4,134.0,,634.0,,
MIR,2024-08-28 06:00:00,6,28,8,0.01,0.004,0.026,0.03,,0.539,25.0,,26.0,19.0,87.0,0.5,169.0,,634.0,,
MIR,2024-08-28 07:00:00,7,28,8,0.006,0.016,0.032,0.048,,0.803,40.0,,27.0,19.0,87.0,0.9,177.0,,634.0,,
MIR,2024-08-28 08:00:00,8,28,8,0.017,0.015,0.026,0.042,,0.785,55.0,,,21.0,80.0,0.7,173.0,,634.0,,
MIR,2024-08-28 09:00:00,9,28,8,0.025,0.011,0.027,0.038,,0.604,56.0,,,22.0,71.0,0.6,144.0,,634.0,,
MIR,2024-08-28 10:00:00,10,28,8,0.032,0.008,0.018,0.026,,0.417,59.0,,26.0,24.0,63.0,1.2,118.0,,634.0,,
MIR,2024-08-28 11:00:00,11,28,8,0.041,0.003,,0.014,,0.268,55.0,,26.0,25.0,57.0,1.3,107.0,,634.0,,
MIR,2024-08-28 12:00:00,12,28,8,0.047,0.003,0.012,0.014,,0.278,27.0,,26.0,25.0,56.0,1.1,115.0,,634.0,,
MIR,2024-08-28 13:00:00,13,28,8,0.054,0.002,0.013,0.015,,0.276,40.0,,26.0,26.0,51.0,1.7,129.0,,633.0,,
MIR,2024-08-28 14:00:00,14,28,8,0.054,0.002,0.011,0.013,,0.267,40.0,,26.0,27.0,46.0,1.1,48.0,,632.0,,
MIR,2024-08-28 15:00:00,15,28,8,0.057,0.001,0.011,0.013,,0.286,33.0,,26.0,29.0,40.0,1.3,71.0,,631.0,,
MIR,2024-08-28 16:00:00,16,28,8,0.053,0.001,0.011,0.012,,0.273,22.0,,26.0,29.0,38.0,0.7,45.0,,631.0,,
MIR,2024-08-28 17:00:00,17,28,8,0.045,0.002,0.014,0.016,,0.311,24.0,,26.0,28.0,43.0,2.1,88.0,,631.0,,
MIR,2024-08-28 18:00:00,18,28,8,,,,,,,,,,,,,,,,,
MIR,2024-08-28 19:00:00,19,28,8,0.039,0.001,0.024,0.025,,0.602,64.0,,26.0,24.0,56.0,0.4,333.0,,632.0,,
MIR,2024-08-28 20:00:00,20,28,8,,,,,,,,,,,,,,,,,
MIR,2024-08-28 21:00:00,21,28,8,0.044,0.001,0.014,0.015,,0.32,40.0,,26.0,23.0,68.0,4.3,264.0,,633.0,,
MIR,2024-08-28 22:00:00,22,28,8,0.036,0.001,0.01,0.011,,0.247,20.0,,26.0,22.0,70.0,2.6,262.0,,633.0,,
MIR,2024-08-28 23:00:00,23,28,8,0.032,0.001,0.012,0.012,,0.243,14.0,,26.0,22.0,66.0,1.0,242.0,,633.0,,
MIR,2024-08-29 00:00:00,0,29,8,0.038,0.0,0.007,0.007,,0.196,18.0,,26.0,22.0,64.0,2.9,263.0,,633.0,,
MIR,2024-08-29 01:00:00,1,29,8,0.038,0.0,0.006,0.007,,0.189,16.0,,26.0,21.0,65.0,2.3,268.0,,634.0,,
MIR,2024-08-29 02:00:00,2,29,8,0.034,0.0,0.008,0.008,,0.21,6.0,,26.0,21.0,78.0,0.7,281.0,,634.0,,
MIR,2024-08-29 03:00:00,3,29,8,0.035,0.0,0.009,0.009,,0.241,8.0,,26.0,19.0,90.0,1.2,26.0,,634.0,,
MIR,2024-08-29 04:00:00,4,29,8,0.036,0.0,0.01,0.011,,0.253,16.0,,26.0,17.0,95.0,1.1,75.0,,634.0,,
MIR,2024-08-29 05:00:00,5,29,8,0.024,0.001,0.016,0.017,,0.321,6.0,,26.0,18.0,94.0,0.9,162.0,,634.0,,
MIR,2024-08-29 06:00:00,6,29,8,,,,,,,,,,,,,,,,,
MIR,2024-08-29 07:00:00,7,29,8,0.005,0.017,0.033,0.05,,0.895,13.0,,26.0,19.0,93.0,0.4,42.0,,634.0,,
MIR,2024-08-29 08:00:00,8,29,8,0.015,0.02,0.032,0.052,,0.941,22.0,,26.0,21.0,81.0,1.1,48.0,,634.0,,
MIR,2024-08-29 09:00:00,9,29,8,0.024,0.012,0.028,0.04,,0.75,41.0,,26.0,21.0,80.0,1.5,28.0,,635.0,,
MIR,2024-08-29 10:00:00,10,29,8,0.037,0.006,0.018,0.024,,0.485,36.0,,26.0,22.0,73.0,1.4,53.0,,635.0,,
MIR,2024-08-29 11:00:00,11,29,8,0.044,0.004,0.016,0.02,,0.379,34.0,,26.0,23.0,68.0,1.2,79.0,,634.0,,
MIR,2024-08-29 12:00:00,12,29,8,0.059,0.002,0.013,0.015,,0.344,31.0,,26.0,25.0,60.0,1.0,61.0,,634.0,,
MIR,2024-08-29 13:00:00,13,29,8,0.062,,0.01,0.011,,0.286,23.0,,26.0,27.0,51.0,1.3,179.0,,633.0,,
MIR,2024-08-29 14:00:00,14,29,8,0.069,,0.009,0.01,,0.273,26.0,,26.0,28.0,44.0,1.1,192.0,,633.0,,
MIR,2024-08-29 15:00:00,15,29,8,0.079,,0.014,0.015,,0.354,27.0,,26.0,28.0,44.0,0.8,82.0,,632.0,,
MIR,2024-08-29 16:00:00,16,29,8,0.078,,0.013,0.014,,0.377,37.0,,26.0,27.0,52.0,1.7,241.0,,632.0,,
MIR,2024-08-29 17:00:00,17,29,8,,,,,,,,,,,,,,,,,
MIR,2024-08-29 18:00:00,18,29,8,0.035,0.001,0.018,0.019,,0.623,28.0,,26.0,21.0,93.0,1.3,224.0,,633.0,,
MIR,2024-08-29 19:00:00,19,29,8,0.031,0.001,0.011,0.012,,0.361,24.0,,26.0,21.0,85.0,4.9,259.0,,633.0,,
MIR,2024-08-29 20:00:00,20,29,8,0.025,0.002,0.013,0.015,,0.491,9.0,,26.0,21.0,83.0,2.1,284.0,,634.0,,
MIR,2024-08-29 21:00:00,21,29,8,0.023,0.002,0.013,0.015,,0.431,9.0,,26.0,21.0,81.0,2.3,275.0,,634.0,,
MIR,2024-08-29 22:00:00,22,29,8,0.024,,0.011,0.012,,0.375,12.0,,26.0,21.0,86.0,1.6,262.0,,634.0,,
MIR,2024-08-29 23:00:00,23,29,8,0.027,,0.008,0.008,,0.278,12.0,,26.0,20.0,90.0,2.0,277.0,,634.0,,
MIR,2024-08-30 00:00:00,0,30,8,0.022,,0.009,0.009,,0.229,7.0,,26.0,20.0,91.0,0.5,278.0,,634.0,,
MIR,2024-08-30 01:00:00,1,30,8,0.02,,0.011,0.012,,0.221,9.0,,26.0,20.0,90.0,0.1,297.0,,634.0,,
MIR,2024-08-30 02:00:00,2,30,8,0.02,,0.01,0.011,,0.23,17.0,,26.0,20.0,89.0,0.5,271.0,,634.0,,
MIR,2024-08-30 03:00:00,3,30,8,0.017,0.0,0.011,0.012,,0.234,6.0,,26.0,20.0,90.0,0.1,118.0,,634.0,,
MIR,2024-08-30 04:00:00,4,30,8,0.023,0.001,0.014,0.015,,0.248,9.0,,26.0,19.0,91.0,1.3,85.0,,634.0,,
MIR,2024-08-30 05:00:00,5,30,8,0.031,0.001,0.013,0.014,,0.274,16.0,,26.0,17.0,100.0,0.6,126.0,,634.0,,
MIR,2024-08-30 06:00:00,6,30,8,0.019,0.002,0.024,0.025,,0.465,7.0,,26.0,17.0,100.0,0.3,172.0,,634.0,,
MIR,2024-08-30 07:00:00,7,30,8,0.019,0.003,0.026,0.029,,0.485,8.0,,26.0,18.0,98.0,0.1,200.0,,634.0,,
MIR,2024-08-30 08:00:00,8,30,8,0.024,0.005,0.021,0.026,,0.63,14.0,,26.0,19.0,91.0,0.1,328.0,,635.0,,
MIR,2024-08-30 09:00:00,9,30,8,0.022,0.011,0.031,0.042,,0.753,11.0,,26.0,20.0,84.0,1.1,50.0,,635.0,,
MIR,2024-08-30 10:00:00,10,30,8,0.039,0.005,0.013,0.018,,0.358,36.0,,26.0,22.0,75.0,1.6,86.0,,635.0,,
MIR,2024-08-30 11:00:00,11,30,8,0.046,0.003,0.011,0.014,,0.257,15.0,,26.0,23.0,67.0,1.2,80.0,,635.0,,
MIR,2024-08-30 12:00:00,12,30,8,,,,,,,,,,,,,,,,,
MIR,2024-08-30 13:00:00,13,30,8,0.064,0.002,0.013,0.015,,0.477,16.0,,26.0,26.0,56.0,0.8,196.0,,634.0,,
MIR,2024-08-30 14:00:00,14,30,8,0.075,0.002,0.016,0.018,,0.534,21.0,,26.0,27.0,51.0,0.9,120.0,,633.0,,
MIR,2024-08-30 15:00:00,15,30,8,0.088,,0.015,0.017,,0.545,28.0,,26.0,28.0,48.0,1.2,130.0,,632.0,,
MIR,2024-08-30 16:00:00,16,30,8,0.09,,0.015,0.016,,0.553,29.0,,26.0,28.0,51.0,1.7,237.0,,632.0,,
MIR,2024-08-30 17:00:00,17,30,8,0.052,,,0.014,,0.497,29.0,,26.0,26.0,57.0,2.7,254.0,,632.0,,
MIR,2024-08-30 18:00:00,18,30,8,0.038,,0.001,0.013,,0.511,18.0,,26.0,22.0,78.0,2.5,234.0,,632.0,,
MIR,2024-08-30 19:00:00,19,30,8,0.021,0.006,0.03,0.036,,1.247,21.0,,26.0,19.0,100.0,0.9,87.0,,633.0,,
MIR,2024-08-30 20:00:00,20,30,8,0.003,0.02,0.039,0.059,,1.954,18.0,,26.0,21.0,100.0,0.8,271.0,,633.0,,
MIR,2024-08-30 21:00:00,21,30,8,0.007,0.01,0.028,0.038,,1.166,15.0,,26.0,21.0,97.0,0.8,282.0,,633.0,,
MIR,2024-08-30 22:00:00,22,30,8,0.008,0.004,0.024,0.028,,0.864,13.0,,26.0,20.0,98.0,0.3,300.0,,634.0,,
MIR,2024-08-30 23:00:00,23,30,8,0.01,0.002,0.02,0.022,,0.681,10.0,,26.0,20.0,97.0,0.2,294.0,,634.0,,
MIR,2024-08-31 00:00:00,0,31,8,0.019,0.001,0.013,0.014,,0.361,10.0,,26.0,20.0,96.0,0.6,328.0,,634.0,,
MIR,2024-08-31 01:00:00,1,31,8,0.021,0.001,0.009,0.009,,0.253,6.0,,26.0,20.0,96.0,0.5,316.0,,633.0,,
MIR,2024-08-31 02:00:00,2,31,8,0.018,0.0,0.008,0.009,,0.233,7.0,,26.0,20.0,97.0,0.2,337.0,,633.0,,
MIR,2024-08-31 03:00:00,3,31,8,0.014,0.001,0.011,0.012,,0.289,6.0,,26.0,20.0,98.0,0.1,50.0,,633.0,,
MIR,2024-08-31 04:00:00,4,31,8,0.016,0.001,0.014,0.015,,0.275,9.0,,26.0,19.0,100.0,0.5,67.0,,633.0,,
MIR,2024-08-31 05:00:00,5,31,8,0.011,0.004,0.021,0.025,,0.398,7.0,,26.0,19.0,100.0,0.6,71.0,,633.0,,
MIR,2024-08-31 06:00:00,6,31,8,0.017,0.003,0.024,0.026,,0.469,5.0,,26.0,18.0,96.0,0.7,163.0,,633.0,,
MIR,2024-08-31 07:00:00,7,31,8,0.009,0.01,0.035,0.045,,0.788,10.0,,26.0,18.0,97.0,0.5,93.0,,634.0,,
MIR,2024-08-31 08:00:00,8,31,8,0.015,0.011,0.034,0.045,,0.871,11.0,,26.0,19.0,92.0,0.3,155.0,,634.0,,
MIR,2024-08-31 09:00:00,9,31,8,0.034,0.008,0.021,0.029,,0.54,15.0,,26.0,21.0,80.0,0.9,149.0,,634.0,,
MIR,2024-08-31 10:00:00,10,31,8,0.039,0.004,0.015,0.019,,0.431,17.0,,26.0,22.0,77.0,1.2,166.0,,634.0,,
MIR,2024-08-31 11:00:00,11,31,8,0.044,0.002,0.011,0.014,,0.319,23.0,,26.0,23.0,71.0,1.1,155.0,,634.0,,
MIR,2024-08-31 12:00:00,12,31,8,0.054,0.002,,0.012,,0.336,18.0,,26.0,25.0,65.0,1.0,103.0,,634.0,,
MIR,2024-08-31 13:00:00,13,31,8,0.066,0.002,0.012,0.013,,0.344,17.0,,26.0,26.0,57.0,1.0,149.0,,633.0,,
MIR,2024-08-31 14:00:00,14,31,8,0.06,0.001,0.011,0.013,,0.34,21.0,,26.0,26.0,56.0,1.5,191.0,,632.0,,
MIR,2024-08-31 15:00:00,15,31,8,0.045,0.003,0.013,0.016,,0.368,20.0,,26.0,26.0,60.0,1.9,196.0,,631.0,,
MIR,2024-08-31 16:00:00,16,31,8,0.053,0.001,0.011,0.012,,0.319,22.0,,26.0,26.0,59.0,1.1,241.0,,631.0,,
MIR,2024-08-31 17:00:00,17,31,8,0.045,0.001,0.018,0.02,,0.52,16.0,,26.0,24.0,68.0,1.1,4.0,,631.0,,
MIR,2024-08-31 18:00:00,18,31,8,0.032,0.001,0.019,0.02,,0.47,28.0,,26.0,23.0,75.0,1.7,294.0,,631.0,,
MIR,2024-08-31 19:00:00,19,31,8,0.036,0.001,0.01,0.011,,0.347,19.0,,26.0,22.0,74.0,3.1,267.0,,632.0,,
MIR,2024-08-31 20:00:00,20,31,8,0.031,0.002,,0.013,,0.379,11.0,,26.0,22.0,75.0,2.9,277.0,,632.0,,
MIR,2024-08-31 21:00:00,21,31,8,0.016,0.002,0.022,0.024,,0.682,10.0,,26.0,21.0,79.0,0.5,313.0,,633.0,,
MIR,2024-08-31 22:00:00,22,31,8,0.01,0.004,0.026,0.03,,0.845,19.0,,26.0,21.0,81.0,0.4,288.0,,633.0,,
MIR,2024-08-31 23:00:00,23,31,8,0.019,0.002,0.018,0.02,,0.566,33.0,,26.0,21.0,81.0,1.0,281.0,,633.0,,
MIR,2024-09-01 00:00:00,0,1,9,,,0.012,0.013,,0.382,16.0,,26.0,21.0,84.0,0.3,285.0,,633.0,,
MIR,2024-09-01 01:00:00,1,1,9,,,0.013,0.013,,0.325,11.0,,26.0,21.0,87.0,0.3,92.0,,633.0,,
MIR,2024-09-01 02:00:00,2,1,9,,,0.022,0.023,,0.392,10.0,,26.0,21.0,90.0,0.2,101.0,,632.0,,
MIR,2024-09-01 03:00:00,3,1,9,,,0.018,0.019,,0.408,27.0,,26.0,20.0,92.0,0.5,141.0,,632.0,,
MIR,2024-09-01 04:00:00,4,1,9,,,0.017,0.019,,0.359,25.0,,26.0,20.0,94.0,1.4,156.0,,632.0,,
MIR,2024-09-01 05:00:00,5,1,9,,,0.013,0.014,,0.222,22.0,,26.0,18.0,97.0,1.5,170.0,,633.0,,
MIR,2024-09-01 06:00:00,6,1,9,,,0.017,0.018,,0.378,9.0,,26.0,17.0,98.0,0.2,188.0,,633.0,,
MIR,2024-09-01 07:00:00,7,1,9,,,0.02,0.021,,0.437,9.0,,26.0,18.0,98.0,0.2,30.0,,633.0,,
MIR,2024-09-01 08:00:00,8,1,9,,0.003,0.021,0.024,,0.414,13.0,,26.0,18.0,93.0,0.9,97.0,,633.0,,
MIR,2024-09-01 09:00:00,9,1,9,,0.003,0.016,0.018,,0.364,9.0,,26.0,19.0,88.0,0.7,78.0,,633.0,,
MIR,2024-09-01 10:00:00,10,1,9,,0.003,0.013,0.016,,0.34,15.0,,26.0,21.0,79.0,0.5,151.0,,634.0,,
MIR,2024-09-01 11:00:00,11,1,9,,0.002,0.011,0.013,,0.316,7.0,,26.0,22.0,73.0,1.0,180.0,,633.0,,
MIR,2024-09-01 12:00:00,12,1,9,,0.002,0.01,0.012,,0.265,20.0,,26.0,24.0,62.0,1.3,124.0,,633.0,,
MIR,2024-09-01 13:00:00,13,1,9,,,0.008,0.009,,0.24,13.0,,26.0,26.0,53.0,1.3,176.0,,632.0,,
MIR,2024-09-01 14:00:00,14,1,9,,,0.007,,,0.204,,,,,,,,,,,
MIR,2024-09-01 15:00:00,15,1,9,,,0.007,0.008,,0.231,12.0,,26.0,28.0,42.0,1.5,257.0,,631.0,,
MIR,2024-09-01 16:00:00,16,1,9,,,0.008,,,0.248,,,,,,,,,,,
MIR,2024-09-01 17:00:00,17,1,9,,,0.01,0.011,,0.289,16.0,,26.0,28.0,40.0,1.0,211.0,,630.0,,
MIR,2024-09-01 18:00:00,18,1,9,,0.0,0.011,0.012,,0.312,22.0,,26.0,27.0,42.0,0.8,215.0,,630.0,,
MIR,2024-09-01 19:00:00,19,1,9,,0.001,0.017,,,0.432,,,,,,,,,,,
MIR,2024-09-01 20:00:00,20,1,9,,0.001,0.011,0.012,,0.327,29.0,,26.0,24.0,70.0,3.9,270.0,,631.0,,
MIR,2024-09-01 21:00:00,21,1,9,,0.001,0.011,0.012,,0.318,16.0,,26.0,23.0,73.0,4.4,267.0,,632.0,,
MIR,2024-09-01 22:00:00,22,1,9,,0.001,0.008,0.009,,0.27,18.0,,26.0,22.0,84.0,3.6,271.0,,632.0,,
MIR,2024-09-01 23:00:00,23,1,9,,0.0,0.01,0.01,,0.315,14.0,,26.0,21.0,87.0,0.5,321.0,,632.0,,
MIR,2024-09-02 00:00:00,0,2,9,,0.001,0.01,0.01,,0.298,17.0,,26.0,21.0,86.0,0.9,269.0,,632.0,,
MIR,2024-09-02 01:00:00,1,2,9,,0.0,0.007,0.008,,0.204,14.0,,26.0,21.0,86.0,0.8,262.0,,632.0,,
MIR,2024-09-02 02:00:00,2,2,9,,0.0,0.007,0.007,,0.179,11.0,,26.0,21.0,84.0,1.1,293.0,,632.0,,
MIR,2024-09-02 03:00:00,3,2,9,,0.0,0.006,0.006,,0.171,10.0,,26.0,20.0,88.0,1.4,12.0,,632.0,,
MIR,2024-09-02 04:00:00,4,2,9,,0.0,0.008,0.008,,0.213,8.0,,26.0,17.0,,1.7,22.0,,632.0,,
MIR,2024-09-02 05:00:00,5,2,9,,0.004,0.021,0.025,,0.484,9.0,,26.0,17.0,,0.3,10.0,,632.0,,
MIR,2024-09-02 06:00:00,6,2,9,,0.004,0.026,0.03,,0.518,9.0,,26.0,18.0,,0.1,95.0,,632.0,,
MIR,2024-09-02 07:00:00,7,2,9,,0.004,0.026,0.031,,0.651,10.0,,26.0,18.0,,0.1,186.0,,633.0,,
MIR,2024-09-02 08:00:00,8,2,9,,0.013,0.03,0.043,,0.924,21.0,,26.0,18.0,,0.1,346.0,,633.0,,
MIR,2024-09-02 09:00:00,9,2,9,,0.009,0.022,0.031,,0.6,15.0,,26.0,20.0,92.0,0.4,29.0,,633.0,,
MIR,2024-09-02 10:00:00,10,2,9,,0.005,0.016,0.022,,0.434,10.0,,26.0,22.0,79.0,1.2,116.0,,633.0,,
MIR,2024-09-02 11:00:00,11,2,9,,0.005,0.014,0.019,,0.354,21.0,,26.0,23.0,74.0,1.4,102.0,,633.0,,
MIR,2024-09-02 12:00:00,12,2,9,,0.003,0.013,0.016,,0.339,28.0,,26.0,23.0,74.0,1.5,133.0,,633.0,,
MIR,2024-09-02 13:00:00,13,2,9,,0.002,0.011,0.013,,0.298,29.0,,26.0,24.0,72.0,1.1,178.0,,632.0,,
MIR,2024-09-02 14:00:00,14,2,9,,0.002,0.012,0.013,,0.315,26.0,,26.0,25.0,66.0,0.8,183.0,,631.0,,
MIR,2024-09-02 15:00:00,15,2,9,,0.002,0.011,0.013,,0.321,29.0,,26.0,27.0,59.0,1.2,168.0,,631.0,,
MIR,2024-09-02 16:00:00,16,2,9,,0.002,0.014,0.016,,0.41,31.0,,26.0,27.0,56.0,0.8,151.0,,630.0,,
MIR,2024-09-02 17:00:00,17,2,9,,0.002,0.016,0.018,,0.466,39.0,,26.0,26.0,57.0,1.2,186.0,,630.0,,
MIR,2024-09-02 18:00:00,18,2,9,,0.003,0.024,0.027,,0.545,46.0,,26.0,23.0,75.0,2.9,99.0,,631.0,,
MIR,2024-09-02 19:00:00,19,2,9,,0.005,0.034,0.039,,0.826,39.0,,26.0,21.0,88.0,0.4,11.0,,631.0,,
MIR,2024-09-02 20:00:00,20,2,9,,0.013,0.042,0.055,,1.058,26.0,,26.0,21.0,92.0,0.1,3.0,,632.0,,
MIR,2024-09-02 21:00:00,21,2,9,,0.022,0.042,0.065,,1.453,28.0,,26.0,21.0,93.0,0.2,238.0,,632.0,,
MIR,2024-09-02 22:00:00,22,2,9,,0.026,0.04,0.067,,1.377,41.0,,26.0,21.0,95.0,0.2,21.0,,632.0,,
MIR,2024-09-02 23:00:00,23,2,9,,0.014,0.038,0.052,,1.177,44.0,,26.0,20.0,94.0,0.3,350.0,,633.0,,
MIR,2024-09-03 00:00:00,0,3,9,,0.008,0.037,0.045,,0.825,35.0,,26.0,20.0,92.0,0.3,325.0,,633.0,,
MIR,2024-09-03 01:00:00,1,3,9,,0.003,0.031,0.034,,0.439,27.0,,26.0,20.0,93.0,0.2,336.0,,632.0,,
MIR,2024-09-03 02:00:00,2,3,9,,0.002,0.026,0.028,,0.337,21.0,,26.0,20.0,95.0,0.2,69.0,,632.0,,
MIR,2024-09-03 03:00:00,3,3,9,,0.001,0.019,0.02,,0.263,35.0,,26.0,19.0,97.0,0.2,21.0,,632.0,,
MIR,2024-09-03 04:00:00,4,3,9,,0.001,0.015,0.016,,0.253,21.0,,26.0,19.0,98.0,0.2,23.0,,632.0,,
MIR,2024-09-03 05:00:00,5,3,9,,0.001,0.019,0.02,,0.323,19.0,,26.0,19.0,98.0,0.1,353.0,,632.0,,
MIR,2024-09-03 06:00:00,6,3,9,,0.017,0.032,0.049,,0.661,21.0,,26.0,19.0,96.0,0.4,27.0,,632.0,,
MIR,2024-09-03 07:00:00,7,3,9,,0.014,0.031,0.045,,0.77,60.0,,26.0,20.0,94.0,0.1,43.0,,633.0,,
MIR,2024-09-03 08:00:00,8,3,9,,0.011,0.028,0.039,,0.685,41.0,,26.0,20.0,90.0,0.3,20.0,,633.0,,
MIR,2024-09-03 09:00:00,9,3,9,,0.01,0.026,0.037,,0.719,31.0,,26.0,21.0,86.0,0.5,109.0,,633.0,,
MIR,2024-09-03 10:00:00,10,3,9,,0.006,0.018,0.024,,0.486,40.0,,26.0,23.0,78.0,0.5,147.0,,633.0,,
MIR,2024-09-03 11:00:00,11,3,9,,0.003,0.015,0.019,,0.398,33.0,,26.0,24.0,73.0,0.7,170.0,,633.0,,
MIR,2024-09-03 12:00:00,12,3,9,,0.003,0.015,0.018,,0.381,34.0,,26.0,26.0,65.0,0.9,71.0,,632.0,,
MIR,2024-09-03 13:00:00,13,3,9,,0.002,0.012,0.014,,0.307,38.0,,26.0,27.0,55.0,1.1,101.0,,631.0,,
MIR,2024-09-03 14:00:00,14,3,9,,0.002,0.013,0.015,,0.324,37.0,,26.0,27.0,53.0,1.3,167.0,,631.0,,
MIR,2024-09-03 15:00:00,15,3,9,,0.001,0.013,0.015,,0.333,30.0,,26.0,27.0,51.0,0.7,168.0,,630.0,,
MIR,2024-09-03 16:00:00,16,3,9,,0.002,0.013,0.015,,0.325,33.0,,26.0,28.0,48.0,1.0,125.0,,630.0,,
MIR,2024-09-03 17:00:00,17,3,9,,0.002,0.017,0.019,,0.399,28.0,,26.0,27.0,52.0,1.4,140.0,,630.0,,
MIR,2024-09-03 18:00:00,18,3,9,,0.001,0.018,,,0.437,,,,,,,,,,,
MIR,2024-09-03 19:00:00,19,3,9,,0.002,0.024,0.027,,0.648,32.0,,26.0,23.0,72.0,2.5,282.0,,631.0,,
MIR,2024-09-03 20:00:00,20,3,9,,0.003,0.025,0.028,,0.645,21.0,,26.0,23.0,73.0,1.1,320.0,,632.0,,
MIR,2024-09-03 21:00:00,21,3,9,,0.001,0.01,0.012,,0.245,19.0,,26.0,22.0,80.0,3.1,263.0,,632.0,,
MIR,2024-09-03 22:00:00,22,3,9,,0.002,0.011,0.013,,0.267,15.0,,26.0,22.0,81.0,0.9,307.0,,633.0,,
MIR,2024-09-03 23:00:00,23,3,9,,0.001,0.008,0.009,,0.207,9.0,,26.0,21.0,83.0,2.1,284.0,,633.0,,
MIR,2024-09-04 00:00:00,0,4,9,,0.002,0.022,0.025,,0.497,6.0,,26.0,21.0,90.0,0.3,0.0,,632.0,,
MIR,2024-09-04 01:00:00,1,4,9,,0.001,0.014,0.015,,0.333,20.0,,26.0,21.0,88.0,0.2,354.0,,632.0,,
MIR,2024-09-04 02:00:00,2,4,9,,0.003,0.02,0.023,,0.314,10.0,,26.0,20.0,92.0,0.8,51.0,,632.0,,
MIR,2024-09-04 03:00:00,3,4,9,,0.001,0.013,0.014,,0.255,11.0,,26.0,20.0,93.0,0.2,114.0,,632.0,,
MIR,2024-09-04 04:00:00,4,4,9,,0.002,0.016,0.017,,0.355,13.0,,26.0,20.0,98.0,0.7,136.0,,632.0,,
MIR,2024-09-04 05:00:00,5,4,9,,0.003,0.015,0.017,,0.297,17.0,,26.0,18.0,,1.7,141.0,,633.0,,
MIR,2024-09-04 06:00:00,6,4,9,,0.003,0.023,0.026,,0.468,10.0,,26.0,18.0,,0.2,155.0,,633.0,,
MIR,2024-09-04 07:00:00,7,4,9,,0.007,0.028,0.035,,0.812,5.0,,26.0,18.0,,0.1,287.0,,633.0,,
MIR,2024-09-04 08:00:00,8,4,9,,0.013,0.026,0.039,,0.766,10.0,,26.0,19.0,95.0,0.7,95.0,,633.0,,
MIR,2024-09-04 09:00:00,9,4,9,,0.008,0.017,0.025,,0.514,22.0,,26.0,21.0,87.0,1.2,143.0,,633.0,,
MIR,2024-09-04 10:00:00,10,4,9,,0.006,0.016,0.021,,0.398,15.0,,26.0,23.0,77.0,0.7,102.0,,634.0,,
MIR,2024-09-04 11:00:00,11,4,9,,0.004,0.016,0.021,,0.392,17.0,,26.0,24.0,71.0,0.9,130.0,,633.0,,
MIR,2024-09-04 12:00:00,12,4,9,,0.002,0.013,0.015,,0.341,23.0,,26.0,25.0,65.0,0.9,280.0,,633.0,,
MIR,2024-09-04 13:00:00,13,4,9,,0.003,0.015,0.017,,0.362,21.0,,26.0,26.0,57.0,1.0,41.0,,632.0,,
MIR,2024-09-04 14:00:00,14,4,9,,,0.015,0.017,,0.397,31.0,,26.0,27.0,53.0,1.3,50.0,,632.0,,
MIR,2024-09-04 15:00:00,15,4,9,,,0.014,0.015,,0.378,32.0,,26.0,27.0,50.0,1.1,92.0,,631.0,,
MIR,2024-09-04 16:00:00,16,4,9,,,0.018,0.019,,0.427,30.0,,26.0,27.0,48.0,1.0,96.0,,631.0,,
MIR,2024-09-04 17:00:00,17,4,9,,,0.02,0.022,,0.465,35.0,,26.0,27.0,50.0,1.1,172.0,,631.0,,
MIR,2024-09-04 18:00:00,18,4,9,,,0.017,0.018,,0.402,47.0,,26.0,25.0,69.0,3.1,264.0,,631.0,,
MIR,2024-09-04 19:00:00,19,4,9,,0.002,0.017,0.018,,0.502,31.0,,26.0,24.0,72.0,2.3,273.0,,632.0,,
MIR,2024-09-04 20:00:00,20,4,9,,0.002,0.023,0.025,,0.581,31.0,,26.0,23.0,71.0,1.4,278.0,,632.0,,
MIR,2024-09-04 21:00:00,21,4,9,,0.001,0.022,0.023,,0.559,32.0,,26.0,23.0,76.0,0.6,300.0,,633.0,,
MIR,2024-09-04 22:00:00,22,4,9,,0.012,0.031,0.043,,0.961,28.0,,26.0,22.0,82.0,0.3,223.0,,633.0,,
MIR,2024-09-04 23:00:00,23,4,9,,0.008,0.029,0.037,,0.733,50.0,,26.0,21.0,88.0,0.2,349.0,,633.0,,
MIR,2024-09-05 00:00:00,0,5,9,0.008,0.002,0.02,0.022,,0.511,40.0,,26.0,21.0,91.0,0.1,346.0,,633.0,,
MIR,2024-09-05 01:00:00,1,5,9,0.009,0.002,0.015,0.017,,0.341,21.0,,26.0,20.0,94.0,0.1,221.0,,633.0,,
MIR,2024-09-05 02:00:00,2,5,9,0.011,0.001,0.009,0.01,,0.215,13.0,,26.0,20.0,97.0,0.1,346.0,,632.0,,
MIR,2024-09-05 03:00:00,3,5,9,0.011,0.001,0.008,0.009,,0.196,12.0,,26.0,19.0,99.0,0.2,331.0,,632.0,,
MIR,2024-09-05 04:00:00,4,5,9,0.012,0.001,0.012,0.012,,0.269,9.0,,26.0,20.0,97.0,0.3,349.0,,632.0,,
MIR,2024-09-05 05:00:00,5,5,9,0.011,0.001,0.015,0.016,,0.292,17.0,,26.0,20.0,95.0,0.2,321.0,,632.0,,
MIR,2024-09-05 06:00:00,6,5,9,0.004,0.008,0.024,0.033,,0.515,15.0,,26.0,20.0,94.0,0.3,96.0,,632.0,,
MIR,2024-09-05 07:00:00,7,5,9,0.008,0.011,0.022,0.033,,0.607,27.0,,26.0,21.0,92.0,0.6,94.0,,633.0,,
MIR,2024-09-05 08:00:00,8,5,9,0.015,0.011,0.021,0.031,,0.615,25.0,,26.0,22.0,84.0,1.2,99.0,,633.0,,
MIR,2024-09-05 09:00:00,9,5,9,0.024,0.008,0.017,0.026,,0.464,32.0,,26.0,23.0,78.0,1.1,113.0,,633.0,,
MIR,2024-09-05 10:00:00,10,5,9,0.034,0.004,0.014,0.018,,0.343,36.0,,26.0,24.0,72.0,2.0,127.0,,633.0,,
MIR,2024-09-05 11:00:00,11,5,9,0.041,0.003,0.013,0.016,,0.28,29.0,,26.0,25.0,66.0,2.0,132.0,,633.0,,
MIR,2024-09-05 12:00:00,12,5,9,0.046,0.002,0.011,0.013,,0.29,33.0,,26.0,26.0,60.0,1.6,123.0,,633.0,,
MIR,2024-09-05 13:00:00,13,5,9,0.047,0.002,0.009,0.011,,0.252,34.0,,26.0,27.0,53.0,1.6,169.0,,632.0,,
MIR,2024-09-05 14:00:00,14,5,9,0.053,0.001,0.01,0.012,,0.267,29.0,,26.0,28.0,52.0,1.5,150.0,,631.0,,
MIR,2024-09-05 15:00:00,15,5,9,,0.002,0.019,,,0.455,,,,,,,,,,,
MIR,2024-09-05 16:00:00,16,5,9,0.031,0.004,0.022,0.026,,0.692,28.0,,26.0,23.0,85.0,1.0,313.0,,631.0,,
MIR,2024-09-05 17:00:00,17,5,9,0.015,0.008,0.037,0.045,,1.066,20.0,,26.0,24.0,82.0,0.6,281.0,,631.0,,
MIR,2024-09-05 18:00:00,18,5,9,0.016,0.006,0.032,0.037,,0.862,37.0,,26.0,23.0,79.0,0.4,292.0,,631.0,,
MIR,2024-09-05 19:00:00,19,5,9,0.007,0.014,0.041,0.054,,1.409,37.0,,26.0,23.0,82.0,0.7,316.0,,631.0,,
MIR,2024-09-05 20:00:00,20,5,9,0.017,0.007,0.028,0.035,,0.816,55.0,,26.0,22.0,81.0,1.3,299.0,,632.0,,
MIR,2024-09-05 21:00:00,21,5,9,0.019,0.003,0.028,0.031,,0.738,38.0,,26.0,22.0,84.0,0.6,327.0,,633.0,,
MIR,2024-09-05 22:00:00,22,5,9,0.026,0.001,0.02,0.022,,0.484,34.0,,26.0,21.0,86.0,1.0,334.0,,633.0,,
MIR,2024-09-05 23:00:00,23,5,9,0.026,0.001,0.012,0.012,,0.327,25.0,,26.0,21.0,92.0,0.9,347.0,,633.0,,
MIR,2024-09-06 00:00:00,0,6,9,0.02,0.001,,0.014,,0.302,14.0,,26.0,19.0,,0.5,16.0,,633.0,,
MIR,2024-09-06 01:00:00,1,6,9,0.021,0.0,0.012,0.012,,0.268,19.0,,26.0,19.0,,0.2,309.0,,633.0,,
MIR,2024-09-06 02:00:00,2,6,9,0.018,0.0,0.011,0.011,,0.281,11.0,,26.0,19.0,,0.2,320.0,,632.0,,
MIR,2024-09-06 03:00:00,3,6,9,0.008,0.001,0.019,0.02,,0.336,7.0,,26.0,19.0,99.0,0.2,126.0,,632.0,,
MIR,2024-09-06 04:00:00,4,6,9,0.007,0.002,0.022,0.024,,0.357,14.0,,26.0,19.0,,0.1,21.0,,632.0,,
MIR,2024-09-06 05:00:00,5,6,9,0.007,0.002,0.018,0.02,,0.427,12.0,,26.0,19.0,,0.1,281.0,,632.0,,
MIR,2024-09-06 06:00:00,6,6,9,0.002,0.015,0.023,0.037,,0.859,9.0,,26.0,19.0,,0.1,302.0,,632.0,,
MIR,2024-09-06 07:00:00,7,6,9,0.002,0.031,0.027,0.058,,1.034,17.0,,26.0,19.0,98.0,0.1,9.0,,633.0,,
MIR,2024-09-06 08:00:00,8,6,9,0.01,0.015,0.023,0.038,,0.673,26.0,,26.0,21.0,90.0,0.6,58.0,,633.0,,
MIR,2024-09-06 09:00:00,9,6,9,0.023,0.008,0.016,0.024,,0.499,24.0,,26.0,22.0,79.0,1.7,78.0,,633.0,,
MIR,2024-09-06 10:00:00,10,6,9,0.03,0.006,0.014,0.02,,0.392,29.0,,26.0,24.0,71.0,1.8,97.0,,633.0,,
MIR,2024-09-06 11:00:00,11,6,9,0.034,0.004,0.013,0.017,,0.286,23.0,,26.0,25.0,67.0,1.5,113.0,,633.0,,
MIR,2024-09-06 12:00:00,12,6,9,0.036,0.003,0.012,0.015,,0.263,23.0,,26.0,25.0,64.0,1.6,106.0,,632.0,,
MIR,2024-09-06 13:00:00,13,6,9,0.038,0.003,0.011,0.015,,0.298,21.0,,26.0,27.0,56.0,1.8,101.0,,631.0,,
MIR,2024-09-06 14:00:00,14,6,9,0.044,0.002,0.01,0.012,,0.264,22.0,,26.0,28.0,52.0,1.6,103.0,,631.0,,
MIR,2024-09-06 15:00:00,15,6,9,0.025,0.003,0.016,0.019,,0.395,22.0,,26.0,24.0,76.0,2.0,132.0,,630.0,,
MIR,2024-09-06 16:00:00,16,6,9,0.016,0.008,0.023,0.031,,0.573,21.0,,26.0,24.0,78.0,0.6,268.0,,630.0,,
MIR,2024-09-06 17:00:00,17,6,9,0.015,0.007,0.023,0.031,,0.667,24.0,,26.0,24.0,79.0,1.1,30.0,,630.0,,
MIR,2024-09-06 18:00:00,18,6,9,0.009,0.007,0.028,0.035,,0.662,15.0,,26.0,22.0,86.0,1.3,197.0,,631.0,,
MIR,2024-09-06 19:00:00,19,6,9,0.001,0.041,0.034,0.075,,0.784,44.0,,26.0,21.0,89.0,1.0,179.0,,631.0,,
MIR,2024-09-06 20:00:00,20,6,9,0.003,0.014,0.031,0.045,,0.9,50.0,,26.0,21.0,87.0,1.1,170.0,,632.0,,
MIR,2024-09-06 21:00:00,21,6,9,0.007,0.014,0.027,0.041,,0.741,37.0,,26.0,22.0,81.0,1.5,90.0,,632.0,,
MIR,2024-09-06 22:00:00,22,6,9,0.012,0.005,0.022,0.027,,0.512,24.0,,26.0,22.0,82.0,1.7,116.0,,632.0,,
MIR,2024-09-06 23:00:00,23,6,9,0.006,0.007,0.023,0.03,,0.448,16.0,,26.0,21.0,90.0,0.8,176.0,,632.0,,
MIR,2024-09-07 00:00:00,0,7,9,0.008,0.002,0.021,0.023,,0.4,19.0,,26.0,21.0,92.0,0.4,153.0,,632.0,,
MIR,2024-09-07 01:00:00,1,7,9,0.009,0.002,0.018,0.02,,0.42,25.0,,26.0,20.0,92.0,0.2,147.0,,632.0,,
MIR,2024-09-07 02:00:00,2,7,9,0.009,0.002,0.017,0.019,,0.315,21.0,,26.0,20.0,91.0,0.7,138.0,,631.0,,
MIR,2024-09-07 03:00:00,3,7,9,0.01,0.001,0.015,0.017,,0.311,11.0,,26.0,20.0,92.0,0.6,96.0,,631.0,,
MIR,2024-09-07 04:00:00,4,7,9,,0.003,0.018,,,0.372,,,,,,,,,,,
MIR,2024-09-07 05:00:00,5,7,9,0.006,0.005,0.018,0.023,,0.378,15.0,,26.0,20.0,93.0,0.8,89.0,,631.0,,
MIR,2024-09-07 06:00:00,6,7,9,0.002,0.014,0.02,0.033,,0.563,19.0,,26.0,20.0,89.0,0.8,100.0,,631.0,,
MIR,2024-09-07 07:00:00,7,7,9,0.004,0.016,0.019,0.034,,0.55,23.0,,26.0,20.0,84.0,1.4,110.0,,632.0,,
MIR,2024-09-07 08:00:00,8,7,9,0.011,0.009,0.017,0.026,,0.466,23.0,,26.0,21.0,78.0,1.5,102.0,,632.0,,
MIR,2024-09-07 09:00:00,9,7,9,0.015,0.012,0.018,0.03,,0.462,20.0,,26.0,22.0,74.0,1.9,124.0,,632.0,,
MIR,2024-09-07 10:00:00,10,7,9,0.021,0.009,0.015,0.025,,0.39,30.0,,26.0,23.0,70.0,2.3,118.0,,632.0,,
MIR,2024-09-07 11:00:00,11,7,9,0.031,0.005,0.011,0.016,,0.293,22.0,,26.0,24.0,63.0,2.9,111.0,,632.0,,
MIR,2024-09-07 12:00:00,12,7,9,0.036,0.005,0.012,0.017,,0.324,22.0,,26.0,25.0,57.0,2.8,126.0,,631.0,,
MIR,2024-09-07 13:00:00,13,7,9,0.039,0.003,0.011,0.015,,0.343,21.0,,26.0,26.0,53.0,2.8,124.0,,631.0,,
MIR,2024-09-07 14:00:00,14,7,9,0.037,0.004,0.014,0.018,,0.335,16.0,,26.0,26.0,50.0,2.7,92.0,,630.0,,
MIR,2024-09-07 15:00:00,15,7,9,0.041,0.004,0.011,0.014,,0.29,18.0,,26.0,27.0,47.0,2.7,94.0,,629.0,,
MIR,2024-09-07 16:00:00,16,7,9,0.035,0.003,0.013,0.015,,0.316,20.0,,26.0,25.0,58.0,2.9,59.0,,629.0,,
MIR,2024-09-07 17:00:00,17,7,9,0.034,0.002,0.013,0.015,,0.315,18.0,,26.0,25.0,56.0,2.8,68.0,,629.0,,
MIR,2024-09-07 18:00:00,18,7,9,0.032,0.002,0.012,0.014,,0.354,16.0,,26.0,22.0,76.0,3.8,98.0,,630.0,,
MIR,2024-09-07 19:00:00,19,7,9,0.024,0.002,0.016,0.018,,0.491,21.0,,26.0,20.0,86.0,1.3,150.0,,630.0,,
MIR,2024-09-07 20:00:00,20,7,9,0.008,0.013,0.032,0.045,,0.679,7.0,,26.0,21.0,84.0,0.6,163.0,,631.0,,
MIR,2024-09-07 21:00:00,21,7,9,0.003,0.012,0.034,0.046,,0.946,40.0,,26.0,21.0,86.0,0.3,164.0,,631.0,,
MIR,2024-09-07 22:00:00,22,7,9,0.003,0.008,0.034,0.041,,0.861,46.0,,26.0,20.0,87.0,0.2,144.0,,631.0,,
MIR,2024-09-07 23:00:00,23,7,9,0.0,0.018,0.032,0.05,,1.167,48.0,,26.0,20.0,89.0,0.1,110.0,,631.0,,
MIR,2024-09-08 00:00:00,0,8,9,,0.012,0.028,,,0.782,,,,,,,,,,,
MIR,2024-09-08 01:00:00,1,8,9,0.003,0.007,0.024,0.031,,0.614,25.0,,26.0,20.0,87.0,0.4,91.0,,631.0,,
MIR,2024-09-08 02:00:00,2,8,9,0.012,0.002,0.016,0.018,,0.387,22.0,,26.0,20.0,76.0,0.9,130.0,,630.0,,
MIR,2024-09-08 03:00:00,3,8,9,0.013,0.002,0.016,0.018,,0.387,20.0,,26.0,19.0,78.0,0.6,110.0,,630.0,,
MIR,2024-09-08 04:00:00,4,8,9,0.012,0.001,0.014,0.015,,0.296,24.0,,26.0,19.0,78.0,0.3,100.0,,631.0,,
MIR,2024-09-08 05:00:00,5,8,9,0.008,0.003,0.019,0.022,,0.365,18.0,,26.0,18.0,81.0,0.7,82.0,,631.0,,
MIR,2024-09-08 06:00:00,6,8,9,0.009,0.006,0.019,0.025,,0.395,20.0,,26.0,19.0,79.0,0.9,96.0,,631.0,,
MIR,2024-09-08 07:00:00,7,8,9,0.015,0.006,0.018,0.024,,0.361,23.0,,26.0,19.0,71.0,1.4,96.0,,632.0,,
MIR,2024-09-08 08:00:00,8,8,9,0.028,0.003,0.01,0.013,,0.28,14.0,,26.0,20.0,63.0,2.0,114.0,,632.0,,
MIR,2024-09-08 09:00:00,9,8,9,0.034,0.003,0.01,0.013,,0.268,19.0,,26.0,21.0,55.0,2.4,109.0,,632.0,,
MIR,2024-09-08 10:00:00,10,8,9,0.038,0.003,0.009,0.012,,0.23,19.0,,26.0,22.0,53.0,2.0,88.0,,632.0,,
MIR,2024-09-08 11:00:00,11,8,9,0.04,0.003,0.009,0.012,,0.25,10.0,,25.0,23.0,53.0,2.4,125.0,,632.0,,
MIR,2024-09-08 12:00:00,12,8,9,0.044,,0.008,0.01,,0.235,14.0,,26.0,24.0,50.0,2.1,110.0,,632.0,,
MIR,2024-09-08 13:00:00,13,8,9,0.043,,0.009,0.011,,0.229,10.0,,26.0,25.0,45.0,2.8,110.0,,631.0,,
MIR,2024-09-08 14:00:00,14,8,9,0.042,,0.008,0.011,,0.233,11.0,,26.0,26.0,41.0,3.2,105.0,,630.0,,
MIR,2024-09-08 15:00:00,15,8,9,0.042,,0.008,0.01,,0.228,10.0,,26.0,26.0,41.0,3.1,102.0,,630.0,,
MIR,2024-09-08 16:00:00,16,8,9,0.042,,0.009,0.01,,0.238,9.0,,26.0,26.0,42.0,2.3,81.0,,629.0,,
MIR,2024-09-08 17:00:00,17,8,9,0.04,,0.011,0.013,,0.28,12.0,,26.0,26.0,45.0,1.8,66.0,,629.0,,
MIR,2024-09-08 18:00:00,18,8,9,0.038,0.001,0.011,0.012,,0.281,14.0,,26.0,25.0,47.0,1.8,59.0,,630.0,,
MIR,2024-09-08 19:00:00,19,8,9,0.028,0.001,0.016,0.017,,0.384,16.0,,26.0,24.0,52.0,1.3,53.0,,630.0,,
MIR,2024-09-08 20:00:00,20,8,9,0.013,0.004,0.027,0.031,,0.66,13.0,,26.0,24.0,55.0,0.6,100.0,,631.0,,
MIR,2024-09-08 21:00:00,21,8,9,0.002,0.013,0.038,0.05,,1.079,22.0,,26.0,22.0,61.0,0.2,75.0,,631.0,,
MIR,2024-09-08 22:00:00,22,8,9,0.002,0.013,0.036,0.049,,1.081,41.0,,26.0,22.0,64.0,0.1,42.0,,631.0,,
MIR,2024-09-08 23:00:00,23,8,9,0.002,0.008,0.037,0.045,,0.952,52.0,,26.0,22.0,65.0,0.1,173.0,,631.0,,
MIR,2024-09-09 00:00:00,0,9,9,0.001,0.011,0.033,0.044,,1.032,40.0,,26.0,21.0,72.0,0.1,207.0,,631.0,,
MIR,2024-09-09 01:00:00,1,9,9,0.0,0.018,0.032,0.05,,0.873,38.0,,26.0,20.0,74.0,0.2,221.0,,631.0,,
MIR,2024-09-09 02:00:00,2,9,9,0.0,0.01,0.03,0.04,,0.708,48.0,,26.0,20.0,78.0,0.1,18.0,,631.0,,
MIR,2024-09-09 03:00:00,3,9,9,0.006,0.004,0.026,0.03,,0.45,36.0,,26.0,20.0,72.0,0.6,29.0,,631.0,,
MIR,2024-09-09 04:00:00,4,9,9,0.016,0.001,0.016,0.017,,0.336,20.0,,26.0,20.0,70.0,0.9,49.0,,631.0,,
MIR,2024-09-09 05:00:00,5,9,9,0.008,0.004,0.021,0.025,,0.51,20.0,,26.0,19.0,74.0,0.4,40.0,,631.0,,
MIR,2024-09-09 06:00:00,6,9,9,0.003,0.017,0.028,0.044,,0.886,23.0,,26.0,19.0,75.0,0.3,31.0,,632.0,,
MIR,2024-09-09 07:00:00,7,9,9,0.003,0.039,0.028,0.067,,1.139,38.0,,26.0,20.0,72.0,0.4,131.0,,632.0,,
MIR,2024-09-09 08:00:00,8,9,9,0.02,0.011,0.018,0.029,,0.493,52.0,,26.0,21.0,60.0,1.8,78.0,,632.0,,
MIR,2024-09-09 09:00:00,9,9,9,0.03,0.006,0.014,0.02,,0.345,35.0,,26.0,22.0,55.0,2.1,71.0,,632.0,,
MIR,2024-09-09 10:00:00,10,9,9,0.038,0.004,0.014,0.018,,0.341,30.0,,25.0,23.0,53.0,1.9,82.0,,632.0,,
MIR,2024-09-09 11:00:00,11,9,9,0.046,0.003,0.013,0.016,,0.284,32.0,,25.0,25.0,49.0,1.8,131.0,,632.0,,
MIR,2024-09-09 12:00:00,12,9,9,0.051,0.003,0.012,0.015,,0.282,29.0,,25.0,26.0,44.0,2.0,116.0,,632.0,,
MIR,2024-09-09 13:00:00,13,9,9,0.054,,,0.014,,0.276,42.0,,25.0,26.0,44.0,1.8,90.0,,631.0,,
MIR,2024-09-09 14:00:00,14,9,9,0.055,0.002,0.014,0.016,,0.293,32.0,,26.0,27.0,41.0,1.8,104.0,,631.0,,
MIR,2024-09-09 15:00:00,15,9,9,0.059,0.001,0.011,0.013,,0.271,33.0,,26.0,28.0,41.0,1.1,93.0,,630.0,,
MIR,2024-09-09 16:00:00,16,9,9,0.055,0.002,0.015,0.017,,0.326,26.0,,26.0,28.0,41.0,1.3,84.0,,630.0,,
MIR,2024-09-09 17:00:00,17,9,9,0.042,0.002,0.018,0.02,,0.396,37.0,,26.0,27.0,43.0,1.0,65.0,,630.0,,
MIR,2024-09-09 18:00:00,18,9,9,0.028,0.002,0.027,0.029,,0.565,37.0,,26.0,26.0,46.0,0.7,59.0,,630.0,,
MIR,2024-09-09 19:00:00,19,9,9,0.009,0.012,0.043,0.055,,0.833,54.0,,26.0,25.0,50.0,0.2,52.0,,630.0,,
MIR,2024-09-09 20:00:00,20,9,9,0.0,0.034,0.05,0.084,,1.184,44.0,,26.0,25.0,52.0,0.1,34.0,,631.0,,
MIR,2024-09-09 21:00:00,21,9,9,0.009,0.018,0.041,0.059,,1.011,62.0,,26.0,25.0,54.0,0.3,297.0,,631.0,,
MIR,2024-09-09 22:00:00,22,9,9,,0.002,0.034,,,0.799,,,,,,,,,,,
MIR,2024-09-09 23:00:00,23,9,9,0.022,0.001,0.026,0.027,,0.601,40.0,,26.0,23.0,62.0,0.2,314.0,,631.0,,
MIR,2024-09-10 00:00:00,0,10,9,0.021,0.001,0.02,0.021,,0.455,34.0,,26.0,22.0,68.0,0.1,326.0,,631.0,,
MIR,2024-09-10 01:00:00,1,10,9,0.012,0.002,0.023,0.025,,0.5,26.0,,26.0,21.0,77.0,0.2,328.0,,631.0,,
MIR,2024-09-10 02:00:00,2,10,9,0.01,0.002,0.023,0.025,,0.426,34.0,,26.0,21.0,81.0,0.2,151.0,,630.0,,
MIR,2024-09-10 03:00:00,3,10,9,0.024,0.001,0.009,0.01,,0.256,38.0,,26.0,21.0,85.0,0.3,281.0,,630.0,,
MIR,2024-09-10 04:00:00,4,10,9,0.014,0.001,0.014,0.015,,0.362,12.0,,26.0,20.0,88.0,0.1,59.0,,630.0,,
MIR,2024-09-10 05:00:00,5,10,9,0.015,0.001,0.015,0.016,,0.376,28.0,,26.0,20.0,88.0,0.2,314.0,,631.0,,
MIR,2024-09-10 06:00:00,6,10,9,0.008,0.004,0.024,0.029,,0.591,16.0,,26.0,21.0,88.0,0.3,342.0,,631.0,,
MIR,2024-09-10 07:00:00,7,10,9,0.011,0.008,0.022,0.03,,0.608,31.0,,26.0,21.0,89.0,1.2,38.0,,631.0,,
MIR,2024-09-10 08:00:00,8,10,9,0.018,0.009,0.019,0.028,,0.592,30.0,,26.0,22.0,78.0,1.6,63.0,,631.0,,
MIR,2024-09-10 09:00:00,9,10,9,0.026,0.007,0.016,0.022,,0.422,30.0,,26.0,23.0,66.0,2.2,71.0,,631.0,,
MIR,2024-09-10 10:00:00,10,10,9,0.039,0.004,0.013,0.017,,0.37,41.0,,26.0,24.0,58.0,2.0,76.0,,631.0,,
MIR,2024-09-10 11:00:00,11,10,9,,0.003,0.012,,,0.342,,,,,,,,,,,
MIR,2024-09-10 12:00:00,12,10,9,,,,,,,,,,,,,,,,,
MIR,2024-09-10 13:00:00,13,10,9,,,,,,,,,,,,,,,,,
MIR,2024-09-10 14:00:00,14,10,9,,,,,,,,,,,,,,,,,
MIR,2024-09-10 15:00:00,15,10,9,,,,,,,,,,,,,,,,,
MIR,2024-09-10 16:00:00,16,10,9,,,,,,,,,,,,,,,,,
MIR,2024-09-10 17:00:00,17,10,9,0.019,,0.029,0.033,,0.624,43.0,,26.0,22.0,83.0,1.0,170.0,,629.0,,
MIR,2024-09-10 18:00:00,18,10,9,0.012,0.009,0.036,0.044,,0.93,46.0,,26.0,23.0,74.0,1.0,178.0,,629.0,,
MIR,2024-09-10 19:00:00,19,10,9,0.024,0.003,0.026,0.029,,0.702,56.0,,26.0,23.0,80.0,1.9,140.0,,630.0,,
MIR,2024-09-10 20:00:00,20,10,9,0.019,0.002,0.022,0.024,,0.65,44.0,,26.0,22.0,79.0,1.4,162.0,,630.0,,
MIR,2024-09-10 21:00:00,21,10,9,0.01,0.004,0.03,0.034,,0.812,43.0,,26.0,22.0,83.0,0.9,163.0,,630.0,,
MIR,2024-09-10 22:00:00,22,10,9,0.01,0.005,0.027,0.032,,0.755,50.0,,26.0,22.0,85.0,0.8,137.0,,630.0,,
MIR,2024-09-10 23:00:00,23,10,9,0.016,0.002,0.023,0.025,,0.515,47.0,,26.0,21.0,87.0,1.0,128.0,,630.0,,
MIR,2024-09-11 00:00:00,0,11,9,0.017,0.001,0.016,0.017,,0.421,34.0,,26.0,21.0,89.0,1.0,145.0,,630.0,,
MIR,2024-09-11 01:00:00,1,11,9,0.017,0.001,0.014,0.015,,0.39,26.0,,26.0,21.0,89.0,0.8,112.0,,630.0,,
MIR,2024-09-11 02:00:00,2,11,9,0.013,0.001,0.017,0.019,,0.393,20.0,,26.0,21.0,88.0,0.8,85.0,,630.0,,
MIR,2024-09-11 03:00:00,3,11,9,0.011,0.002,0.018,0.019,,0.364,22.0,,26.0,21.0,89.0,0.5,107.0,,630.0,,
MIR,2024-09-11 04:00:00,4,11,9,0.01,0.002,0.018,0.02,,0.368,18.0,,26.0,20.0,92.0,0.5,90.0,,630.0,,
MIR,2024-09-11 05:00:00,5,11,9,0.006,0.005,0.022,0.027,,0.47,17.0,,26.0,20.0,92.0,1.0,63.0,,630.0,,
MIR,2024-09-11 06:00:00,6,11,9,0.006,0.007,0.02,0.028,,0.589,27.0,,26.0,20.0,91.0,1.3,75.0,,630.0,,
MIR,2024-09-11 07:00:00,7,11,9,0.006,0.012,0.021,0.034,,0.802,25.0,,26.0,21.0,89.0,1.1,74.0,,630.0,,
MIR,2024-09-11 08:00:00,8,11,9,0.006,0.015,0.02,0.036,,0.867,30.0,,26.0,21.0,87.0,1.0,116.0,,630.0,,
MIR,2024-09-11 09:00:00,9,11,9,0.01,0.013,0.016,0.029,,0.576,39.0,,26.0,22.0,83.0,1.4,127.0,,631.0,,
MIR,2024-09-11 10:00:00,10,11,9,0.023,0.006,0.012,0.018,,0.387,29.0,,26.0,24.0,73.0,2.0,131.0,,631.0,,
MIR,2024-09-11 11:00:00,11,11,9,0.025,0.004,0.011,0.015,,0.342,17.0,,26.0,24.0,73.0,2.3,149.0,,630.0,,
MIR,2024-09-11 12:00:00,12,11,9,0.034,0.004,0.012,0.015,,0.338,22.0,,26.0,25.0,67.0,1.9,164.0,,630.0,,
MIR,2024-09-11 13:00:00,13,11,9,0.034,0.003,0.011,0.015,,0.344,25.0,,26.0,26.0,59.0,2.0,158.0,,629.0,,
MIR,2024-09-11 14:00:00,14,11,9,0.032,0.003,0.01,0.013,,0.288,24.0,,26.0,27.0,53.0,2.2,156.0,,629.0,,
MIR,2024-09-11 15:00:00,15,11,9,0.028,0.003,0.009,0.012,,0.28,21.0,,26.0,28.0,47.0,2.1,160.0,,628.0,,
MIR,2024-09-11 16:00:00,16,11,9,0.025,0.003,0.01,0.013,,0.299,17.0,,26.0,28.0,49.0,2.4,171.0,,628.0,,
MIR,2024-09-11 17:00:00,17,11,9,0.016,0.008,0.014,0.022,,0.308,13.0,,26.0,27.0,56.0,2.0,202.0,,628.0,,
MIR,2024-09-11 18:00:00,18,11,9,0.014,0.005,0.012,0.017,,0.338,25.0,,26.0,25.0,62.0,2.2,190.0,,628.0,,
MIR,2024-09-11 19:00:00,19,11,9,0.01,0.005,0.014,0.019,,0.473,37.0,,26.0,24.0,65.0,2.2,180.0,,629.0,,
MIR,2024-09-11 20:00:00,20,11,9,0.006,0.006,0.016,0.022,,0.512,32.0,,26.0,23.0,69.0,2.0,183.0,,629.0,,
MIR,2024-09-11 21:00:00,21,11,9,0.002,0.012,0.021,0.033,,0.628,26.0,,26.0,23.0,73.0,1.5,146.0,,630.0,,
MIR,2024-09-11 22:00:00,22,11,9,0.003,0.007,0.018,0.026,,0.445,38.0,,26.0,22.0,76.0,1.1,135.0,,630.0,,
MIR,2024-09-11 23:00:00,23,11,9,0.002,0.007,0.019,0.026,,0.424,26.0,,26.0,22.0,77.0,0.9,133.0,,630.0,,
MIR,2024-09-12 00:00:00,0,12,9,0.011,0.003,0.012,0.015,,0.258,27.0,,26.0,22.0,77.0,1.5,123.0,,630.0,,
MIR,2024-09-12 01:00:00,1,12,9,0.012,0.001,0.009,0.011,,0.21,11.0,,26.0,21.0,81.0,1.6,125.0,,630.0,,
MIR,2024-09-12 02:00:00,2,12,9,0.009,0.001,0.011,0.012,,0.222,10.0,,26.0,21.0,85.0,1.1,119.0,,630.0,,
MIR,2024-09-12 03:00:00,3,12,9,0.006,0.002,0.013,0.014,,0.263,9.0,,26.0,21.0,87.0,0.8,112.0,,630.0,,
MIR,2024-09-12 04:00:00,4,12,9,0.005,0.002,0.013,0.016,,0.269,11.0,,26.0,20.0,87.0,1.1,77.0,,630.0,,
MIR,2024-09-12 05:00:00,5,12,9,0.003,0.007,0.017,0.024,,0.37,11.0,,26.0,20.0,86.0,1.3,104.0,,630.0,,
MIR,2024-09-12 06:00:00,6,12,9,0.003,0.009,0.017,0.026,,0.456,14.0,,26.0,20.0,86.0,1.6,121.0,,630.0,,
MIR,2024-09-12 07:00:00,7,12,9,0.005,0.017,0.016,0.033,,0.585,9.0,,26.0,21.0,84.0,2.2,120.0,,630.0,,
MIR,2024-09-12 08:00:00,8,12,9,0.01,0.009,0.011,0.02,,0.461,22.0,,26.0,21.0,82.0,2.4,125.0,,631.0,,
MIR,2024-09-12 09:00:00,9,12,9,0.013,0.008,0.009,0.018,,0.334,18.0,,26.0,22.0,78.0,2.2,136.0,,631.0,,
MIR,2024-09-12 10:00:00,10,12,9,0.019,0.005,0.009,0.014,,0.279,20.0,,26.0,24.0,67.0,3.0,150.0,,631.0,,
MIR,2024-09-12 11:00:00,11,12,9,0.019,0.006,0.01,0.016,,0.32,22.0,,26.0,24.0,67.0,2.8,152.0,,631.0,,
MIR,2024-09-12 12:00:00,12,12,9,0.027,0.006,0.01,0.016,,0.306,25.0,,26.0,25.0,65.0,2.6,153.0,,631.0,,
MIR,2024-09-12 13:00:00,13,12,9,0.024,0.005,0.01,0.015,,0.289,23.0,,26.0,25.0,60.0,2.5,150.0,,630.0,,
MIR,2024-09-12 14:00:00,14,12,9,0.024,0.005,0.01,0.014,,0.287,26.0,,26.0,26.0,59.0,2.4,156.0,,630.0,,
MIR,2024-09-12 15:00:00,15,12,9,0.021,0.004,0.01,0.014,,0.304,23.0,,26.0,25.0,60.0,2.5,173.0,,630.0,,
MIR,2024-09-12 16:00:00,16,12,9,,0.004,0.012,,,,,,,,,,,,,,
MIR,2024-09-12 17:00:00,17,12,9,0.015,0.006,0.012,0.018,,0.395,24.0,,26.0,23.0,72.0,2.9,197.0,,630.0,,
MIR,2024-09-12 18:00:00,18,12,9,0.019,0.002,0.009,0.011,,0.391,28.0,,26.0,21.0,78.0,2.9,258.0,,630.0,,
MIR,2024-09-12 19:00:00,19,12,9,0.014,0.003,0.012,0.015,,0.445,9.0,,26.0,22.0,77.0,1.0,249.0,,631.0,,
MIR,2024-09-12 20:00:00,20,12,9,0.003,0.021,0.025,0.046,,0.909,10.0,,26.0,22.0,77.0,0.4,140.0,,631.0,,
MIR,2024-09-12 21:00:00,21,12,9,0.0,0.028,0.027,0.055,,1.032,39.0,,26.0,21.0,79.0,0.2,162.0,,632.0,,
MIR,2024-09-12 22:00:00,22,12,9,,0.022,0.026,0.049,,0.91,60.0,,26.0,21.0,84.0,0.4,37.0,,632.0,,
MIR,2024-09-12 23:00:00,23,12,9,0.0,0.013,0.025,0.038,,0.811,39.0,,26.0,20.0,86.0,0.2,355.0,,632.0,,
MIR,2024-09-13 00:00:00,0,13,9,0.0,0.012,0.025,0.037,,0.675,24.0,,26.0,20.0,89.0,0.2,21.0,,632.0,,
MIR,2024-09-13 01:00:00,1,13,9,0.002,0.005,0.021,0.025,,0.464,22.0,,26.0,19.0,92.0,0.1,17.0,,632.0,,
MIR,2024-09-13 02:00:00,2,13,9,0.001,0.004,0.021,0.025,,0.449,13.0,,26.0,19.0,95.0,0.1,26.0,,631.0,,
MIR,2024-09-13 03:00:00,3,13,9,0.0,0.006,0.021,0.027,,0.429,11.0,,26.0,19.0,96.0,0.1,46.0,,631.0,,
MIR,2024-09-13 04:00:00,4,13,9,0.0,0.015,0.021,0.037,,0.578,19.0,,26.0,18.0,97.0,0.1,60.0,,631.0,,
MIR,2024-09-13 05:00:00,5,13,9,0.0,0.047,0.018,0.065,,0.94,27.0,,26.0,18.0,98.0,0.2,199.0,,632.0,,
MIR,2024-09-13 06:00:00,6,13,9,0.0,0.086,0.016,0.103,,1.658,96.0,,26.0,18.0,99.0,0.1,62.0,,632.0,,
MIR,2024-09-13 07:00:00,7,13,9,0.001,0.086,0.021,0.107,,1.658,89.0,,26.0,19.0,93.0,0.6,161.0,,632.0,,
MIR,2024-09-13 08:00:00,8,13,9,0.007,0.03,0.021,0.051,,0.871,115.0,,26.0,21.0,84.0,0.5,149.0,,633.0,,
MIR,2024-09-13 09:00:00,9,13,9,0.015,0.014,0.019,0.033,,0.536,52.0,,26.0,22.0,77.0,1.3,119.0,,633.0,,
MIR,2024-09-13 10:00:00,10,13,9,0.02,0.009,0.015,0.024,,0.446,46.0,,25.0,23.0,71.0,1.0,128.0,,633.0,,
MIR,2024-09-13 11:00:00,11,13,9,0.028,0.009,0.021,0.03,,,39.0,,25.0,25.0,65.0,1.0,72.0,,633.0,,
MIR,2024-09-13 12:00:00,12,13,9,,,,,,,51.0,,25.0,26.0,55.0,0.9,318.0,,632.0,,
MIR,2024-09-13 13:00:00,13,13,9,,,,,,,49.0,,25.0,27.0,49.0,1.6,277.0,,632.0,,
MIR,2024-09-13 14:00:00,14,13,9,,,,,,,36.0,,25.0,29.0,45.0,1.3,242.0,,631.0,,
MIR,2024-09-13 15:00:00,15,13,9,0.037,0.002,0.009,0.011,,0.348,23.0,,25.0,29.0,45.0,2.7,254.0,,631.0,,
MIR,2024-09-13 16:00:00,16,13,9,0.031,0.002,0.009,0.011,,0.321,21.0,,25.0,28.0,48.0,3.1,258.0,,631.0,,
MIR,2024-09-13 17:00:00,17,13,9,0.028,0.002,0.008,0.011,,0.405,21.0,,26.0,28.0,48.0,2.6,253.0,,631.0,,
MIR,2024-09-13 18:00:00,18,13,9,0.023,0.003,0.012,0.015,,0.495,24.0,,26.0,26.0,53.0,2.5,261.0,,631.0,,
MIR,2024-09-13 19:00:00,19,13,9,0.017,0.004,0.019,0.023,,0.69,31.0,,26.0,25.0,59.0,1.8,291.0,,632.0,,
MIR,2024-09-13 20:00:00,20,13,9,0.015,0.003,0.019,0.021,,0.736,20.0,,26.0,24.0,68.0,1.0,304.0,,632.0,,
MIR,2024-09-13 21:00:00,21,13,9,0.012,0.003,0.019,0.022,,0.735,17.0,,26.0,24.0,73.0,1.3,293.0,,632.0,,
MIR,2024-09-13 22:00:00,22,13,9,0.011,0.002,0.018,0.021,,0.651,22.0,,26.0,23.0,79.0,0.8,306.0,,633.0,,
MIR,2024-09-13 23:00:00,23,13,9,0.014,0.002,0.013,0.015,,0.467,19.0,,26.0,22.0,84.0,0.7,317.0,,633.0,,
MIR,2024-09-14 00:00:00,0,14,9,0.013,0.001,0.011,0.012,,0.409,8.0,,26.0,21.0,88.0,0.4,330.0,,633.0,,
MIR,2024-09-14 01:00:00,1,14,9,0.012,0.001,0.011,0.011,,0.376,11.0,,26.0,21.0,89.0,0.2,315.0,,632.0,,
MIR,2024-09-14 02:00:00,2,14,9,0.005,0.002,0.016,0.018,,0.475,8.0,,26.0,21.0,91.0,0.1,348.0,,632.0,,
MIR,2024-09-14 03:00:00,3,14,9,0.0,0.01,0.02,0.03,,0.622,18.0,,26.0,20.0,95.0,0.1,139.0,,632.0,,
MIR,2024-09-14 04:00:00,4,14,9,0.0,0.035,0.019,0.055,,0.641,28.0,,26.0,20.0,97.0,0.1,91.0,,632.0,,
MIR,2024-09-14 05:00:00,5,14,9,0.005,0.005,0.017,0.022,,0.423,29.0,,26.0,20.0,93.0,0.5,331.0,,632.0,,
MIR,2024-09-14 06:00:00,6,14,9,0.003,0.006,0.023,0.029,,0.551,9.0,,26.0,20.0,94.0,0.2,31.0,,632.0,,
MIR,2024-09-14 07:00:00,7,14,9,0.005,0.007,0.021,0.028,,0.532,23.0,,26.0,20.0,91.0,0.2,15.0,,633.0,,
MIR,2024-09-14 08:00:00,8,14,9,0.005,0.012,0.023,0.036,,0.725,20.0,,26.0,21.0,87.0,0.2,45.0,,633.0,,
MIR,2024-09-14 09:00:00,9,14,9,0.01,0.014,0.024,0.038,,0.702,28.0,,26.0,22.0,80.0,0.4,186.0,,633.0,,
MIR,2024-09-14 10:00:00,10,14,9,0.026,0.008,0.019,0.027,,0.547,47.0,,26.0,24.0,70.0,1.2,149.0,,633.0,,
MIR,2024-09-14 11:00:00,11,14,9,0.041,0.003,0.011,0.014,,0.449,42.0,,26.0,25.0,66.0,1.2,140.0,,633.0,,
MIR,2024-09-14 12:00:00,12,14,9,0.057,0.002,0.015,0.017,,0.512,41.0,,26.0,27.0,58.0,1.1,190.0,,632.0,,
MIR,2024-09-14 13:00:00,13,14,9,0.062,0.002,0.013,0.015,,0.393,51.0,,26.0,28.0,50.0,1.4,216.0,,632.0,,
MIR,2024-09-14 14:00:00,14,14,9,0.055,0.001,0.01,0.011,,0.359,33.0,,26.0,29.0,43.0,1.1,251.0,,631.0,,
MIR,2024-09-14 15:00:00,15,14,9,0.053,0.001,0.01,0.011,,0.367,25.0,,26.0,29.0,47.0,1.6,245.0,,630.0,,
MIR,2024-09-14 16:00:00,16,14,9,0.027,0.002,0.018,0.02,,0.579,31.0,,26.0,25.0,76.0,1.6,346.0,,630.0,,
MIR,2024-09-14 17:00:00,17,14,9,0.008,0.01,0.036,0.046,,0.945,32.0,,26.0,25.0,76.0,0.5,46.0,,630.0,,
MIR,2024-09-14 18:00:00,18,14,9,0.016,0.005,0.022,0.027,,0.603,38.0,,26.0,26.0,69.0,0.9,325.0,,631.0,,
MIR,2024-09-14 19:00:00,19,14,9,0.016,0.002,0.017,0.019,,0.584,23.0,,26.0,24.0,75.0,0.8,312.0,,631.0,,
MIR,2024-09-14 20:00:00,20,14,9,0.009,0.003,0.021,0.024,,0.845,11.0,,26.0,24.0,78.0,0.8,295.0,,631.0,,
MIR,2024-09-14 21:00:00,21,14,9,0.012,0.003,0.017,0.019,,0.603,21.0,,26.0,23.0,80.0,1.7,286.0,,632.0,,
MIR,2024-09-14 22:00:00,22,14,9,0.01,0.002,0.015,0.017,,0.581,21.0,,26.0,22.0,85.0,0.5,315.0,,632.0,,
MIR,2024-09-14 23:00:00,23,14,9,0.003,0.004,0.02,0.024,,0.776,17.0,,26.0,22.0,88.0,0.1,344.0,,632.0,,
MIR,2024-09-15 00:00:00,0,15,9,0.0,0.017,0.021,0.038,,1.01,13.0,,26.0,21.0,91.0,0.1,10.0,,632.0,,
MIR,2024-09-15 01:00:00,1,15,9,0.001,0.015,0.02,0.034,,0.862,23.0,,26.0,21.0,92.0,0.2,350.0,,632.0,,
MIR,2024-09-15 02:00:00,2,15,9,0.004,0.003,0.015,0.018,,0.517,27.0,,26.0,21.0,93.0,0.1,24.0,,632.0,,
MIR,2024-09-15 03:00:00,3,15,9,0.003,0.003,0.017,0.02,,0.419,9.0,,26.0,21.0,94.0,0.1,54.0,,632.0,,
MIR,2024-09-15 04:00:00,4,15,9,0.003,0.003,0.017,0.02,,0.472,11.0,,26.0,21.0,93.0,0.3,120.0,,632.0,,
MIR,2024-09-15 05:00:00,5,15,9,0.008,0.002,0.012,0.015,,0.358,14.0,,26.0,21.0,90.0,0.1,19.0,,632.0,,
MIR,2024-09-15 06:00:00,6,15,9,0.006,0.003,0.014,0.017,,0.471,13.0,,26.0,21.0,91.0,0.2,44.0,,632.0,,
MIR,2024-09-15 07:00:00,7,15,9,0.002,0.01,0.02,0.03,,0.704,11.0,,26.0,21.0,92.0,0.6,96.0,,632.0,,
MIR,2024-09-15 08:00:00,8,15,9,0.008,0.012,0.017,0.03,,0.673,29.0,,26.0,22.0,86.0,0.3,153.0,,633.0,,
MIR,2024-09-15 09:00:00,9,15,9,0.017,0.012,0.022,0.034,,0.674,29.0,,26.0,24.0,78.0,0.7,130.0,,633.0,,
MIR,2024-09-15 10:00:00,10,15,9,0.029,0.006,0.015,0.02,,0.418,47.0,,26.0,25.0,69.0,1.1,166.0,,633.0,,
MIR,2024-09-15 11:00:00,11,15,9,0.037,0.002,0.01,0.012,,0.331,33.0,,26.0,27.0,60.0,1.3,250.0,,632.0,,
MIR,2024-09-15 12:00:00,12,15,9,0.037,0.001,0.007,0.008,,0.311,25.0,,26.0,27.0,56.0,1.9,246.0,,632.0,,
MIR,2024-09-15 13:00:00,13,15,9,0.031,0.001,0.007,0.007,,0.294,14.0,,26.0,28.0,52.0,2.7,257.0,,631.0,,
MIR,2024-09-15 14:00:00,14,15,9,0.028,0.001,0.007,0.009,,0.314,18.0,,26.0,26.0,62.0,2.3,256.0,,631.0,,
MIR,2024-09-15 15:00:00,15,15,9,0.02,0.003,0.015,0.018,,0.642,22.0,,26.0,22.0,87.0,1.2,181.0,,630.0,,
MIR,2024-09-15 16:00:00,16,15,9,0.009,0.009,0.024,0.034,,0.963,18.0,,26.0,24.0,81.0,0.4,39.0,,630.0,,
MIR,2024-09-15 17:00:00,17,15,9,0.02,0.002,0.012,0.014,,0.504,17.0,,26.0,25.0,73.0,0.5,315.0,,630.0,,
MIR,2024-09-15 18:00:00,18,15,9,0.018,0.001,0.014,0.015,,0.616,7.0,,26.0,25.0,75.0,0.6,301.0,,631.0,,
MIR,2024-09-15 19:00:00,19,15,9,0.014,0.002,0.015,0.017,,0.629,16.0,,26.0,24.0,78.0,1.0,297.0,,631.0,,
MIR,2024-09-15 20:00:00,20,15,9,0.012,0.002,0.015,0.017,,0.61,14.0,,26.0,24.0,78.0,0.9,293.0,,631.0,,
MIR,2024-09-15 21:00:00,21,15,9,0.006,0.003,0.019,0.022,,0.721,14.0,,26.0,23.0,83.0,0.5,271.0,,632.0,,
MIR,2024-09-15 22:00:00,22,15,9,0.006,0.003,0.015,0.018,,0.561,23.0,,26.0,22.0,88.0,0.7,267.0,,632.0,,
MIR,2024-09-15 23:00:00,23,15,9,0.002,0.006,0.017,0.022,,0.809,16.0,,26.0,22.0,90.0,0.1,315.0,,632.0,,
MIR,2024-09-16 00:00:00,0,16,9,0.0,0.022,0.019,0.041,,1.033,23.0,5.0,26.0,21.0,92.0,0.2,177.0,,632.0,,
MIR,2024-09-16 01:00:00,1,16,9,0.003,0.006,0.014,0.021,,0.647,39.0,9.0,26.0,21.0,92.0,0.2,150.0,,632.0,,
MIR,2024-09-16 02:00:00,2,16,9,0.005,0.003,0.014,0.017,,0.471,20.0,5.0,26.0,20.0,92.0,0.4,330.0,,632.0,,
MIR,2024-09-16 03:00:00,3,16,9,0.0,0.011,0.017,0.028,,0.733,12.0,3.0,26.0,20.0,98.0,0.1,69.0,,631.0,,
MIR,2024-09-16 04:00:00,4,16,9,0.0,0.016,0.018,0.035,,0.687,23.0,3.0,26.0,19.0,99.0,0.3,85.0,,631.0,,
MIR,2024-09-16 05:00:00,5,16,9,0.001,0.01,0.018,0.028,,0.577,15.0,4.0,26.0,19.0,99.0,0.2,86.0,,632.0,,
MIR,2024-09-16 06:00:00,6,16,9,0.006,0.004,0.012,0.016,,0.475,13.0,3.0,26.0,19.0,96.0,0.4,252.0,,632.0,,
MIR,2024-09-16 07:00:00,7,16,9,0.009,0.002,0.009,0.011,,0.453,15.0,2.0,26.0,20.0,95.0,0.9,275.0,,632.0,,
MIR,2024-09-16 08:00:00,8,16,9,0.015,0.002,0.008,0.01,,0.355,8.0,2.0,26.0,21.0,85.0,1.3,268.0,,633.0,,
MIR,2024-09-16 09:00:00,9,16,9,0.022,0.002,0.007,0.009,,0.324,6.0,3.0,26.0,23.0,72.0,1.3,272.0,,633.0,,
MIR,2024-09-16 10:00:00,10,16,9,0.029,0.002,0.007,0.009,,0.292,10.0,3.0,26.0,25.0,63.0,0.8,321.0,,633.0,,
MIR,2024-09-16 11:00:00,11,16,9,0.043,0.001,0.007,0.009,,0.313,17.0,3.0,26.0,26.0,53.0,0.8,267.0,,633.0,,
MIR,2024-09-16 12:00:00,12,16,9,0.058,0.001,0.009,0.01,,0.353,14.0,6.0,26.0,27.0,46.0,1.2,221.0,,632.0,,
MIR,2024-09-16 13:00:00,13,16,9,0.057,0.001,0.009,0.01,,0.338,15.0,7.0,26.0,28.0,44.0,1.2,264.0,,632.0,,
MIR,2024-09-16 14:00:00,14,16,9,0.044,0.001,0.009,0.01,,0.326,14.0,5.0,26.0,28.0,43.0,1.2,310.0,,631.0,,
MIR,2024-09-16 15:00:00,15,16,9,0.043,0.001,0.008,0.009,,0.361,12.0,4.0,26.0,29.0,40.0,1.6,275.0,,631.0,,
MIR,2024-09-16 16:00:00,16,16,9,0.037,0.001,0.01,0.011,,0.444,16.0,3.0,26.0,29.0,42.0,1.3,255.0,,630.0,,
MIR,2024-09-16 17:00:00,17,16,9,0.035,0.001,0.009,0.01,,0.352,15.0,2.0,26.0,28.0,47.0,1.8,296.0,,630.0,,
MIR,2024-09-16 18:00:00,18,16,9,0.03,0.001,0.01,0.011,,0.379,15.0,2.0,26.0,27.0,47.0,2.9,273.0,,631.0,,
MIR,2024-09-16 19:00:00,19,16,9,0.024,0.001,0.012,0.013,,0.476,17.0,4.0,26.0,25.0,56.0,2.5,279.0,,631.0,,
MIR,2024-09-16 20:00:00,20,16,9,0.019,0.002,0.013,0.015,,0.528,17.0,2.0,26.0,24.0,65.0,1.7,295.0,,632.0,,
MIR,2024-09-16 21:00:00,21,16,9,0.013,0.002,0.017,0.019,,0.65,23.0,4.0,26.0,23.0,67.0,0.8,307.0,,632.0,,
MIR,2024-09-16 22:00:00,22,16,9,0.01,0.003,0.019,0.022,,0.67,20.0,5.0,26.0,22.0,72.0,0.5,295.0,,632.0,,
MIR,2024-09-16 23:00:00,23,16,9,0.001,0.012,0.026,0.038,,0.877,19.0,7.0,26.0,21.0,78.0,0.1,135.0,,632.0,,
MIR,2024-09-17 00:00:00,0,17,9,0.004,0.01,0.022,0.032,,0.631,41.0,7.0,26.0,21.0,83.0,0.4,191.0,,632.0,,
MIR,2024-09-17 01:00:00,1,17,9,0.008,0.002,0.015,0.017,,0.442,28.0,7.0,26.0,20.0,87.0,0.2,72.0,,632.0,,
MIR,2024-09-17 02:00:00,2,17,9,0.008,0.002,0.016,0.018,,0.378,16.0,10.0,26.0,20.0,89.0,0.4,242.0,,632.0,,
MIR,2024-09-17 03:00:00,3,17,9,0.014,0.001,0.008,0.009,,0.303,18.0,8.0,26.0,20.0,92.0,0.6,303.0,,632.0,,
MIR,2024-09-17 04:00:00,4,17,9,0.003,0.007,0.017,0.024,,0.506,11.0,5.0,26.0,19.0,94.0,0.1,76.0,,632.0,,
MIR,2024-09-17 05:00:00,5,17,9,0.0,0.038,0.023,0.061,,0.853,23.0,4.0,26.0,20.0,93.0,0.2,60.0,,632.0,,
MIR,2024-09-17 06:00:00,6,17,9,0.0,0.032,0.024,0.055,,0.995,43.0,13.0,26.0,19.0,92.0,0.3,77.0,,632.0,,
MIR,2024-09-17 07:00:00,7,17,9,0.001,0.051,0.024,0.075,,1.289,30.0,11.0,26.0,20.0,90.0,0.4,134.0,,632.0,,
MIR,2024-09-17 08:00:00,8,17,9,0.007,0.022,0.022,0.043,,0.785,49.0,19.0,26.0,21.0,87.0,0.6,161.0,,633.0,,
MIR,2024-09-17 09:00:00,9,17,9,0.015,0.018,0.024,0.043,,0.68,50.0,18.0,26.0,23.0,77.0,0.8,142.0,,633.0,,
MIR,2024-09-17 10:00:00,10,17,9,0.023,0.014,0.027,0.041,,0.574,59.0,17.0,26.0,24.0,68.0,0.9,153.0,,633.0,,
MIR,2024-09-17 11:00:00,11,17,9,0.041,0.009,0.025,0.034,,0.532,65.0,18.0,26.0,26.0,54.0,1.2,119.0,,632.0,,
MIR,2024-09-17 12:00:00,12,17,9,0.06,0.004,0.019,0.023,,0.477,68.0,13.0,26.0,28.0,47.0,1.3,126.0,,632.0,,
MIR,2024-09-17 13:00:00,13,17,9,0.066,0.002,0.016,0.017,,0.421,66.0,16.0,26.0,28.0,44.0,1.1,192.0,,631.0,,
MIR,2024-09-17 14:00:00,14,17,9,0.066,0.001,0.013,0.014,,0.4,53.0,9.0,26.0,30.0,42.0,1.2,239.0,,630.0,,
MIR,2024-09-17 15:00:00,15,17,9,0.048,0.001,0.01,0.011,,0.391,41.0,8.0,26.0,29.0,43.0,2.4,274.0,,630.0,,
MIR,2024-09-17 16:00:00,16,17,9,0.035,0.002,0.013,0.014,,0.443,38.0,9.0,26.0,24.0,68.0,2.8,191.0,,630.0,,
MIR,2024-09-17 17:00:00,17,17,9,0.013,0.008,0.031,0.04,,1.196,31.0,8.0,26.0,20.0,93.0,0.8,128.0,,631.0,,
MIR,2024-09-17 18:00:00,18,17,9,0.0,0.067,0.041,0.107,,2.305,18.0,8.0,26.0,21.0,93.0,0.2,277.0,,631.0,,
MIR,2024-09-17 19:00:00,19,17,9,0.0,0.122,0.041,0.163,,3.592,27.0,10.0,26.0,22.0,94.0,0.2,328.0,,631.0,,
MIR,2024-09-17 20:00:00,20,17,9,0.0,0.079,0.034,0.113,,2.716,59.0,29.0,26.0,22.0,87.0,0.4,255.0,,631.0,,
MIR,2024-09-17 21:00:00,21,17,9,0.002,0.021,0.025,0.046,,1.035,65.0,19.0,26.0,22.0,80.0,0.6,247.0,,631.0,,
MIR,2024-09-17 22:00:00,22,17,9,0.002,0.009,0.023,0.032,,0.754,33.0,7.0,26.0,22.0,84.0,0.4,256.0,,632.0,,
MIR,2024-09-17 23:00:00,23,17,9,0.003,0.005,0.018,0.023,,0.601,25.0,7.0,26.0,22.0,86.0,0.2,233.0,,632.0,,
MIR,2024-09-18 00:00:00,0,18,9,0.001,0.009,0.02,0.029,,0.579,28.0,8.0,26.0,21.0,90.0,0.1,125.0,,632.0,,
MIR,2024-09-18 01:00:00,1,18,9,0.007,0.005,0.016,0.02,,0.408,32.0,10.0,26.0,21.0,81.0,0.2,205.0,,632.0,,
MIR,2024-09-18 02:00:00,2,18,9,0.001,0.007,0.021,0.028,,0.392,22.0,8.0,26.0,20.0,87.0,0.1,64.0,,631.0,,
MIR,2024-09-18 03:00:00,3,18,9,0.003,0.007,0.018,0.025,,0.427,31.0,8.0,26.0,20.0,90.0,0.2,158.0,,631.0,,
MIR,2024-09-18 04:00:00,4,18,9,0.002,0.003,0.016,0.019,,0.463,26.0,9.0,26.0,19.0,95.0,0.1,309.0,,631.0,,
MIR,2024-09-18 05:00:00,5,18,9,0.0,0.02,0.023,0.043,,0.649,19.0,6.0,26.0,20.0,96.0,0.1,347.0,,631.0,,
MIR,2024-09-18 06:00:00,6,18,9,0.0,0.025,0.023,0.048,,1.015,28.0,13.0,26.0,20.0,94.0,0.2,37.0,,631.0,,
MIR,2024-09-18 07:00:00,7,18,9,0.002,0.028,0.025,0.052,,0.905,37.0,16.0,26.0,20.0,91.0,0.4,50.0,,632.0,,
MIR,2024-09-18 08:00:00,8,18,9,0.003,0.036,0.028,0.064,,1.372,36.0,10.0,26.0,21.0,87.0,0.4,121.0,,632.0,,
MIR,2024-09-18 09:00:00,9,18,9,0.014,0.021,0.028,0.05,,0.941,49.0,20.0,26.0,23.0,77.0,0.6,108.0,,632.0,,
MIR,2024-09-18 10:00:00,10,18,9,0.024,0.014,0.031,0.045,,0.714,43.0,15.0,26.0,24.0,72.0,1.0,164.0,,632.0,,
MIR,2024-09-18 11:00:00,11,18,9,0.033,0.009,0.025,0.033,,0.507,45.0,16.0,26.0,26.0,58.0,0.7,148.0,,632.0,,
MIR,2024-09-18 12:00:00,12,18,9,0.055,0.003,0.017,0.02,,0.466,44.0,17.0,26.0,27.0,50.0,0.9,178.0,,631.0,,
MIR,2024-09-18 13:00:00,13,18,9,0.068,0.002,0.016,0.018,,0.493,35.0,16.0,26.0,28.0,48.0,1.4,154.0,,631.0,,
MIR,2024-09-18 14:00:00,14,18,9,0.071,0.002,0.017,0.019,,0.509,40.0,17.0,26.0,29.0,47.0,1.2,108.0,,630.0,,
MIR,2024-09-18 15:00:00,15,18,9,0.072,0.001,0.015,0.016,,0.508,42.0,16.0,26.0,30.0,42.0,0.8,318.0,,629.0,,
MIR,2024-09-18 16:00:00,16,18,9,0.058,0.001,0.018,0.02,,0.543,43.0,12.0,26.0,30.0,41.0,1.1,112.0,,629.0,,
MIR,2024-09-18 17:00:00,17,18,9,0.047,0.002,0.022,0.024,,0.584,40.0,11.0,26.0,29.0,43.0,0.8,127.0,,629.0,,
MIR,2024-09-18 18:00:00,18,18,9,0.039,0.002,0.027,0.028,,0.689,37.0,11.0,26.0,28.0,52.0,2.0,200.0,,629.0,,
MIR,2024-09-18 19:00:00,19,18,9,0.027,0.002,0.014,0.015,,0.47,54.0,11.0,26.0,25.0,67.0,3.9,265.0,,630.0,,
MIR,2024-09-18 20:00:00,20,18,9,0.022,0.002,0.013,0.015,,0.418,32.0,7.0,26.0,23.0,70.0,3.6,265.0,,630.0,,
MIR,2024-09-18 21:00:00,21,18,9,0.018,0.002,0.011,0.012,,0.373,16.0,6.0,26.0,23.0,77.0,3.5,265.0,,631.0,,
MIR,2024-09-18 22:00:00,22,18,9,0.016,0.001,0.008,0.009,,0.335,15.0,4.0,26.0,22.0,82.0,2.7,278.0,,631.0,,
MIR,2024-09-18 23:00:00,23,18,9,0.017,0.001,0.007,0.008,,0.309,14.0,6.0,26.0,21.0,86.0,2.3,266.0,,631.0,,
MIR,2024-09-19 00:00:00,0,19,9,0.016,0.001,0.006,0.007,,0.321,14.0,4.0,26.0,21.0,87.0,1.9,257.0,,631.0,,
MIR,2024-09-19 01:00:00,1,19,9,0.008,0.002,0.012,0.014,,0.393,9.0,2.0,26.0,20.0,95.0,0.6,8.0,,631.0,,
MIR,2024-09-19 02:00:00,2,19,9,0.003,0.005,0.018,0.023,,0.418,8.0,2.0,26.0,20.0,99.0,0.6,154.0,,631.0,,
MIR,2024-09-19 03:00:00,3,19,9,0.003,0.003,0.017,0.02,,0.397,17.0,5.0,26.0,20.0,100.0,0.1,236.0,,631.0,,
MIR,2024-09-19 04:00:00,4,19,9,0.006,0.002,0.013,0.015,,0.382,11.0,7.0,26.0,20.0,99.0,0.2,235.0,,631.0,,
MIR,2024-09-19 05:00:00,5,19,9,0.002,0.008,0.018,0.026,,0.594,13.0,9.0,26.0,20.0,99.0,0.1,13.0,,631.0,,
MIR,2024-09-19 06:00:00,6,19,9,0.0,0.03,0.022,0.052,,0.96,22.0,7.0,26.0,20.0,100.0,0.4,127.0,,631.0,,
MIR,2024-09-19 07:00:00,7,19,9,0.0,0.035,0.022,0.057,,1.096,32.0,13.0,26.0,20.0,97.0,0.6,176.0,,632.0,,
MIR,2024-09-19 08:00:00,8,19,9,0.005,0.024,0.02,0.043,,0.733,34.0,12.0,26.0,21.0,91.0,1.2,193.0,,632.0,,
MIR,2024-09-19 09:00:00,9,19,9,0.014,0.013,0.018,0.03,,0.584,43.0,16.0,26.0,23.0,83.0,0.9,148.0,,632.0,,
MIR,2024-09-19 10:00:00,10,19,9,0.026,0.008,0.018,0.026,,0.537,28.0,9.0,26.0,24.0,76.0,0.9,126.0,,632.0,,
MIR,2024-09-19 11:00:00,11,19,9,0.033,0.005,0.021,0.026,,0.602,29.0,11.0,26.0,24.0,71.0,0.9,94.0,,632.0,,
MIR,2024-09-19 12:00:00,12,19,9,0.046,0.003,0.016,0.019,,0.487,32.0,12.0,26.0,26.0,63.0,1.0,109.0,,632.0,,
MIR,2024-09-19 13:00:00,13,19,9,0.056,0.002,0.014,0.015,,0.463,23.0,11.0,26.0,26.0,59.0,1.1,115.0,,631.0,,
MIR,2024-09-19 14:00:00,14,19,9,0.053,0.002,0.012,0.014,,0.457,26.0,8.0,26.0,28.0,55.0,1.6,163.0,,631.0,,
MIR,2024-09-19 15:00:00,15,19,9,0.05,0.002,0.014,0.016,,0.412,26.0,8.0,26.0,28.0,51.0,1.2,138.0,,630.0,,
MIR,2024-09-19 16:00:00,16,19,9,0.05,0.002,0.012,0.013,,0.394,23.0,7.0,26.0,28.0,48.0,1.1,144.0,,629.0,,
MIR,2024-09-19 17:00:00,17,19,9,0.046,0.002,0.017,0.019,,0.534,21.0,8.0,26.0,28.0,49.0,1.0,153.0,,629.0,,
MIR,2024-09-19 18:00:00,18,19,9,0.029,0.004,0.033,0.037,,0.858,34.0,11.0,26.0,27.0,52.0,0.7,136.0,,629.0,,
MIR,2024-09-19 19:00:00,19,19,9,0.008,0.012,0.046,0.058,,1.124,46.0,14.0,26.0,26.0,60.0,1.2,157.0,,630.0,,
MIR,2024-09-19 20:00:00,20,19,9,0.002,0.019,0.043,0.063,,1.298,72.0,22.0,26.0,24.0,69.0,1.1,174.0,,630.0,,
MIR,2024-09-19 21:00:00,21,19,9,0.0,0.029,0.041,0.07,,1.348,72.0,24.0,26.0,24.0,75.0,0.8,180.0,,631.0,,
MIR,2024-09-19 22:00:00,22,19,9,0.004,0.016,0.036,0.052,,0.979,79.0,28.0,26.0,23.0,76.0,0.5,187.0,,631.0,,
MIR,2024-09-19 23:00:00,23,19,9,0.026,0.001,0.01,0.011,,0.368,72.0,28.0,26.0,23.0,77.0,3.5,265.0,,631.0,,
MIR,2024-09-20 00:00:00,0,20,9,0.024,0.001,0.007,0.008,,0.276,18.0,11.0,26.0,22.0,83.0,3.1,260.0,,631.0,,
MIR,2024-09-20 01:00:00,1,20,9,0.023,0.0,0.007,0.007,,0.279,18.0,10.0,26.0,22.0,84.0,1.0,290.0,,631.0,,
MIR,2024-09-20 02:00:00,2,20,9,0.016,0.001,0.009,0.01,,0.33,12.0,9.0,26.0,22.0,87.0,0.5,268.0,,631.0,,
MIR,2024-09-20 03:00:00,3,20,9,0.016,0.001,0.012,0.013,,0.303,17.0,6.0,26.0,22.0,87.0,1.1,271.0,,631.0,,
MIR,2024-09-20 04:00:00,4,20,9,0.021,0.001,0.007,0.008,,0.287,14.0,7.0,26.0,21.0,87.0,0.6,273.0,,631.0,,
MIR,2024-09-20 05:00:00,5,20,9,0.007,0.004,0.02,0.024,,0.486,11.0,11.0,26.0,21.0,91.0,0.6,54.0,,631.0,,
MIR,2024-09-20 06:00:00,6,20,9,0.004,0.012,0.024,0.035,,0.768,32.0,15.0,26.0,20.0,99.0,0.6,227.0,,631.0,,
MIR,2024-09-20 07:00:00,7,20,9,0.0,0.037,0.025,0.062,,1.104,29.0,20.0,26.0,20.0,98.0,0.6,164.0,,632.0,,
MIR,2024-09-20 08:00:00,8,20,9,0.004,0.026,0.023,0.049,,0.845,41.0,23.0,26.0,22.0,92.0,0.3,173.0,,632.0,,
MIR,2024-09-20 09:00:00,9,20,9,0.008,0.019,0.025,0.044,,0.811,50.0,21.0,26.0,23.0,84.0,0.3,264.0,,632.0,,
MIR,2024-09-20 10:00:00,10,20,9,0.018,0.012,0.025,0.038,,0.768,40.0,22.0,26.0,24.0,77.0,0.7,336.0,,632.0,,
MIR,2024-09-20 11:00:00,11,20,9,0.032,0.007,0.025,0.032,,0.792,46.0,23.0,26.0,25.0,70.0,0.7,326.0,,632.0,,
MIR,2024-09-20 12:00:00,12,20,9,0.05,0.004,0.022,0.026,,0.663,39.0,21.0,26.0,26.0,65.0,0.9,350.0,,631.0,,
MIR,2024-09-20 13:00:00,13,20,9,0.067,0.002,0.017,0.019,,0.559,41.0,23.0,26.0,28.0,56.0,0.9,351.0,,631.0,,
MIR,2024-09-20 14:00:00,14,20,9,0.076,0.001,0.016,0.016,,0.538,42.0,18.0,26.0,29.0,50.0,0.9,358.0,,630.0,,
MIR,2024-09-20 15:00:00,15,20,9,0.07,0.001,0.016,0.017,,0.495,35.0,22.0,26.0,29.0,46.0,1.2,34.0,,629.0,,
MIR,2024-09-20 16:00:00,16,20,9,0.058,0.001,0.017,0.018,,0.521,35.0,15.0,26.0,29.0,49.0,0.9,331.0,,629.0,,
MIR,2024-09-20 17:00:00,17,20,9,0.051,0.001,0.016,0.017,,0.488,30.0,16.0,26.0,28.0,52.0,0.9,321.0,,629.0,,
MIR,2024-09-20 18:00:00,18,20,9,0.039,0.001,0.015,0.016,,0.518,23.0,7.0,26.0,27.0,58.0,1.8,301.0,,629.0,,
MIR,2024-09-20 19:00:00,19,20,9,0.028,0.001,0.016,0.017,,0.554,15.0,8.0,26.0,25.0,67.0,1.9,305.0,,629.0,,
MIR,2024-09-20 20:00:00,20,20,9,0.019,0.002,0.018,0.02,,0.689,20.0,5.0,26.0,24.0,76.0,1.4,306.0,,630.0,,
MIR,2024-09-20 21:00:00,21,20,9,0.018,0.002,0.016,0.018,,0.588,19.0,3.0,26.0,23.0,83.0,2.0,289.0,,631.0,,
MIR,2024-09-20 22:00:00,22,20,9,0.014,0.002,0.016,0.018,,0.619,21.0,5.0,26.0,23.0,85.0,0.9,285.0,,631.0,,
MIR,2024-09-20 23:00:00,23,20,9,0.013,0.001,0.016,0.017,,0.535,21.0,5.0,26.0,22.0,88.0,0.7,284.0,,631.0,,
MIR,2024-09-21 00:00:00,0,21,9,0.009,0.002,0.016,0.018,,0.59,14.0,5.0,26.0,22.0,89.0,0.2,221.0,,631.0,,
MIR,2024-09-21 01:00:00,1,21,9,0.005,0.004,0.021,0.025,,0.574,30.0,15.0,26.0,21.0,92.0,0.3,338.0,,631.0,,
MIR,2024-09-21 02:00:00,2,21,9,0.003,0.002,0.022,0.024,,0.555,22.0,9.0,26.0,21.0,93.0,0.2,44.0,,630.0,,
MIR,2024-09-21 03:00:00,3,21,9,0.001,0.005,0.026,0.031,,0.549,34.0,13.0,26.0,21.0,92.0,0.4,139.0,,631.0,,
MIR,2024-09-21 04:00:00,4,21,9,0.01,0.005,0.018,0.023,,0.471,46.0,15.0,26.0,21.0,89.0,1.1,124.0,,631.0,,
MIR,2024-09-21 05:00:00,5,21,9,0.016,0.001,0.014,0.016,,0.434,22.0,10.0,26.0,20.0,85.0,0.1,265.0,,631.0,,
MIR,2024-09-21 06:00:00,6,21,9,0.004,0.018,0.027,0.045,,0.848,18.0,6.0,26.0,19.0,88.0,0.8,168.0,,631.0,,
MIR,2024-09-21 07:00:00,7,21,9,0.006,0.011,0.03,0.041,,0.755,32.0,3.0,26.0,20.0,86.0,0.7,146.0,,631.0,,
MIR,2024-09-21 08:00:00,8,21,9,0.009,0.015,0.03,0.044,,0.824,40.0,19.0,26.0,21.0,80.0,1.1,45.0,,631.0,,
MIR,2024-09-21 09:00:00,9,21,9,0.024,0.008,0.018,0.027,,0.566,31.0,7.0,26.0,23.0,73.0,1.2,80.0,,632.0,,
MIR,2024-09-21 10:00:00,10,21,9,0.034,0.005,0.016,0.021,,0.526,32.0,9.0,26.0,24.0,69.0,1.2,120.0,,632.0,,
MIR,2024-09-21 11:00:00,11,21,9,0.042,0.003,0.013,0.016,,0.473,27.0,10.0,26.0,25.0,64.0,1.4,120.0,,631.0,,
MIR,2024-09-21 12:00:00,12,21,9,0.053,0.002,0.012,0.013,,0.45,33.0,13.0,26.0,27.0,56.0,1.0,123.0,,631.0,,
MIR,2024-09-21 13:00:00,13,21,9,0.057,0.001,0.011,0.013,,0.417,30.0,11.0,26.0,28.0,49.0,1.5,119.0,,630.0,,
MIR,2024-09-21 14:00:00,14,21,9,0.059,0.002,0.012,0.014,,0.448,26.0,9.0,26.0,29.0,43.0,1.1,48.0,,630.0,,
MIR,2024-09-21 15:00:00,15,21,9,0.059,0.001,0.018,0.02,,0.562,26.0,13.0,26.0,28.0,44.0,0.8,51.0,,629.0,,
MIR,2024-09-21 16:00:00,16,21,9,0.069,0.001,0.014,0.015,,0.496,34.0,9.0,26.0,29.0,42.0,0.6,46.0,,629.0,,
MIR,2024-09-21 17:00:00,17,21,9,0.065,0.001,0.016,0.017,,0.552,32.0,15.0,26.0,29.0,42.0,0.8,132.0,,629.0,,
MIR,2024-09-21 18:00:00,18,21,9,0.045,0.001,0.023,0.024,,0.738,35.0,15.0,26.0,28.0,48.0,1.0,162.0,,629.0,,
MIR,2024-09-21 19:00:00,19,21,9,0.026,0.001,0.028,0.029,,0.819,44.0,21.0,26.0,26.0,55.0,0.7,270.0,,629.0,,
MIR,2024-09-21 20:00:00,20,21,9,0.017,0.002,0.021,0.024,,0.807,44.0,13.0,26.0,25.0,70.0,1.0,310.0,,630.0,,
MIR,2024-09-21 21:00:00,21,21,9,0.01,0.003,0.024,0.027,,0.922,18.0,7.0,26.0,24.0,77.0,1.4,297.0,,630.0,,
MIR,2024-09-21 22:00:00,22,21,9,0.017,0.002,0.013,0.015,,0.553,25.0,15.0,26.0,23.0,83.0,2.1,284.0,,630.0,,
MIR,2024-09-21 23:00:00,23,21,9,0.013,0.001,0.013,0.014,,0.52,21.0,12.0,26.0,22.0,89.0,0.9,252.0,,630.0,,
MIR,2024-09-22 00:00:00,0,22,9,0.015,0.001,0.011,0.013,,0.432,22.0,11.0,26.0,22.0,90.0,0.9,260.0,,630.0,,
MIR,2024-09-22 01:00:00,1,22,9,0.013,0.001,0.011,0.012,,0.435,15.0,8.0,26.0,22.0,90.0,0.4,323.0,,630.0,,
MIR,2024-09-22 02:00:00,2,22,9,0.011,0.001,0.014,0.015,,0.431,13.0,7.0,26.0,21.0,92.0,0.3,359.0,,630.0,,
MIR,2024-09-22 03:00:00,3,22,9,0.012,0.001,0.013,0.014,,0.389,18.0,8.0,26.0,21.0,93.0,0.3,339.0,,630.0,,
MIR,2024-09-22 04:00:00,4,22,9,0.011,0.001,0.014,0.015,,0.417,9.0,9.0,26.0,21.0,93.0,0.2,330.0,,630.0,,
MIR,2024-09-22 05:00:00,5,22,9,0.015,0.001,0.011,0.012,,0.358,16.0,11.0,26.0,21.0,90.0,0.2,345.0,,630.0,,
MIR,2024-09-22 06:00:00,6,22,9,0.016,0.001,0.012,0.014,,0.413,13.0,8.0,26.0,21.0,87.0,0.8,87.0,,631.0,,
MIR,2024-09-22 07:00:00,7,22,9,0.024,0.002,0.015,0.016,,0.434,16.0,12.0,26.0,20.0,84.0,1.3,183.0,,631.0,,
MIR,2024-09-22 08:00:00,8,22,9,0.021,0.002,0.017,0.019,,0.497,21.0,7.0,27.0,20.0,83.0,0.2,65.0,,631.0,,
MIR,2024-09-22 09:00:00,9,22,9,0.02,0.007,0.019,0.025,,0.57,22.0,3.0,26.0,22.0,79.0,0.9,66.0,,631.0,,
MIR,2024-09-22 10:00:00,10,22,9,0.033,0.003,0.012,0.014,,0.453,24.0,3.0,26.0,24.0,73.0,1.1,62.0,,631.0,,
MIR,2024-09-22 11:00:00,11,22,9,0.041,0.002,0.011,0.013,,0.4,19.0,7.0,26.0,25.0,67.0,1.3,90.0,,631.0,,
MIR,2024-09-22 12:00:00,12,22,9,0.044,0.001,0.009,0.01,,0.344,23.0,7.0,26.0,27.0,57.0,1.2,108.0,,630.0,,
MIR,2024-09-22 13:00:00,13,22,9,0.044,0.001,0.009,0.01,,0.331,18.0,5.0,26.0,28.0,49.0,1.0,102.0,,629.0,,
MIR,2024-09-22 14:00:00,14,22,9,0.042,0.002,0.01,0.012,,0.33,21.0,6.0,26.0,28.0,45.0,1.7,100.0,,629.0,,
MIR,2024-09-22 15:00:00,15,22,9,0.041,0.001,0.009,0.01,,0.346,15.0,10.0,26.0,29.0,42.0,1.3,30.0,,628.0,,
MIR,2024-09-22 16:00:00,16,22,9,0.036,0.002,0.012,0.014,,0.383,20.0,9.0,26.0,27.0,53.0,2.2,105.0,,628.0,,
MIR,2024-09-22 17:00:00,17,22,9,0.015,0.006,0.03,0.035,,0.887,31.0,13.0,26.0,23.0,83.0,0.9,184.0,,628.0,,
MIR,2024-09-22 18:00:00,18,22,9,0.007,0.013,0.039,0.051,,1.417,36.0,21.0,26.0,24.0,78.0,1.2,179.0,,628.0,,
MIR,2024-09-22 19:00:00,19,22,9,0.001,0.032,0.04,0.072,,1.496,49.0,22.0,26.0,24.0,72.0,1.2,191.0,,628.0,,
MIR,2024-09-22 20:00:00,20,22,9,0.004,0.028,0.038,0.067,,1.352,94.0,27.0,26.0,24.0,71.0,0.5,114.0,,629.0,,
MIR,2024-09-22 21:00:00,21,22,9,0.027,0.003,0.016,0.019,,0.505,60.0,17.0,27.0,24.0,64.0,2.7,279.0,,629.0,,
MIR,2024-09-22 22:00:00,22,22,9,0.034,0.001,0.01,0.011,,0.396,21.0,12.0,26.0,23.0,66.0,3.4,277.0,,630.0,,
MIR,2024-09-22 23:00:00,23,22,9,0.029,0.001,0.011,0.012,,0.344,19.0,10.0,26.0,22.0,71.0,2.0,245.0,,630.0,,
MIR,2024-09-23 00:00:00,0,23,9,0.027,0.0,0.009,0.009,,0.313,15.0,9.0,26.0,21.0,79.0,1.4,264.0,,630.0,,
MIR,2024-09-23 01:00:00,1,23,9,0.023,0.001,0.01,0.011,,0.355,11.0,8.0,26.0,20.0,90.0,1.1,297.0,,630.0,,
MIR,2024-09-23 02:00:00,2,23,9,0.024,0.0,0.009,0.009,,0.312,11.0,5.0,26.0,19.0,92.0,0.7,305.0,,630.0,,
MIR,2024-09-23 03:00:00,3,23,9,0.021,0.0,0.009,0.01,,0.335,7.0,3.0,27.0,19.0,93.0,0.1,321.0,,630.0,,
MIR,2024-09-23 04:00:00,4,23,9,0.008,0.001,0.019,0.02,,0.497,9.0,,27.0,19.0,95.0,0.1,54.0,,630.0,,
MIR,2024-09-23 05:00:00,5,23,9,0.001,0.021,0.03,0.05,,0.771,16.0,0.0,26.0,18.0,95.0,0.2,81.0,,630.0,,
MIR,2024-09-23 06:00:00,6,23,9,0.001,0.03,0.031,0.061,,1.366,24.0,8.0,26.0,18.0,95.0,0.1,15.0,,630.0,,
MIR,2024-09-23 07:00:00,7,23,9,0.003,0.023,0.031,0.055,,1.144,39.0,12.0,26.0,19.0,90.0,0.6,332.0,,630.0,,
MIR,2024-09-23 08:00:00,8,23,9,0.011,0.018,0.021,0.039,,0.849,31.0,10.0,27.0,22.0,80.0,1.6,81.0,,631.0,,
MIR,2024-09-23 09:00:00,9,23,9,0.018,0.011,0.017,0.029,,0.572,34.0,11.0,26.0,23.0,68.0,2.0,100.0,,631.0,,
MIR,2024-09-23 10:00:00,10,23,9,0.023,0.008,0.014,0.022,,0.406,40.0,10.0,26.0,24.0,58.0,2.2,118.0,,631.0,,
MIR,2024-09-23 11:00:00,11,23,9,0.03,0.005,0.013,0.017,,0.393,28.0,8.0,26.0,25.0,56.0,1.7,131.0,,631.0,,
MIR,2024-09-23 12:00:00,12,23,9,0.037,0.003,0.012,0.016,,0.36,32.0,10.0,26.0,26.0,48.0,1.7,116.0,,630.0,,
MIR,2024-09-23 13:00:00,13,23,9,0.04,0.004,0.014,0.018,,0.405,28.0,8.0,26.0,27.0,47.0,1.8,114.0,,629.0,,
MIR,2024-09-23 14:00:00,14,23,9,0.042,0.003,0.014,0.016,,0.413,26.0,7.0,26.0,27.0,47.0,1.7,116.0,,628.0,,
MIR,2024-09-23 15:00:00,15,23,9,0.037,0.003,0.016,0.019,,0.463,27.0,10.0,26.0,27.0,46.0,1.7,104.0,,628.0,,
MIR,2024-09-23 16:00:00,16,23,9,0.036,0.003,0.016,0.019,,0.472,30.0,8.0,26.0,28.0,45.0,1.2,99.0,,628.0,,
MIR,2024-09-23 17:00:00,17,23,9,0.035,0.003,0.016,0.019,,0.451,27.0,14.0,26.0,28.0,42.0,1.1,57.0,,627.0,,
MIR,2024-09-23 18:00:00,18,23,9,0.021,0.004,0.032,0.035,,0.778,28.0,10.0,26.0,27.0,45.0,0.7,120.0,,628.0,,
MIR,2024-09-23 19:00:00,19,23,9,0.005,0.015,0.049,0.064,,1.248,42.0,13.0,26.0,26.0,55.0,0.9,184.0,,628.0,,
MIR,2024-09-23 20:00:00,20,23,9,0.016,0.005,0.034,0.04,,0.938,114.0,25.0,26.0,25.0,60.0,0.4,249.0,,629.0,,
MIR,2024-09-23 21:00:00,21,23,9,0.004,0.01,0.042,0.053,,1.323,58.0,17.0,26.0,24.0,66.0,0.3,309.0,,629.0,,
MIR,2024-09-23 22:00:00,22,23,9,0.002,0.033,0.046,0.079,,1.715,58.0,18.0,26.0,23.0,66.0,0.8,16.0,,629.0,,
MIR,2024-09-23 23:00:00,23,23,9,0.013,0.004,0.025,0.029,,0.59,68.0,25.0,26.0,23.0,58.0,1.6,102.0,,630.0,,
MIR,2024-09-24 00:00:00,0,24,9,0.008,0.003,0.023,0.026,,0.476,38.0,13.0,26.0,22.0,57.0,1.0,78.0,,630.0,,
MIR,2024-09-24 01:00:00,1,24,9,0.006,0.003,0.024,0.027,,0.444,33.0,9.0,26.0,22.0,59.0,0.4,43.0,,630.0,,
MIR,2024-09-24 02:00:00,2,24,9,0.017,0.001,0.014,0.015,,0.287,22.0,7.0,26.0,22.0,57.0,1.3,48.0,,630.0,,
MIR,2024-09-24 03:00:00,3,24,9,0.018,0.001,0.011,0.012,,0.275,11.0,6.0,26.0,21.0,58.0,1.7,62.0,,630.0,,
MIR,2024-09-24 04:00:00,4,24,9,0.013,0.002,0.014,0.016,,0.351,13.0,5.0,26.0,21.0,60.0,1.2,67.0,,630.0,,
MIR,2024-09-24 05:00:00,5,24,9,0.008,0.005,0.02,0.026,,0.417,18.0,11.0,26.0,20.0,61.0,0.9,51.0,,630.0,,
MIR,2024-09-24 06:00:00,6,24,9,0.009,0.008,0.023,0.03,,0.517,24.0,6.0,26.0,20.0,60.0,1.2,54.0,,630.0,,
MIR,2024-09-24 07:00:00,7,24,9,0.007,0.016,0.024,0.04,,0.678,17.0,8.0,26.0,20.0,61.0,1.7,65.0,,630.0,,
MIR,2024-09-24 08:00:00,8,24,9,0.016,0.011,0.017,0.028,,0.533,34.0,10.0,26.0,22.0,57.0,2.6,84.0,,630.0,,
MIR,2024-09-24 09:00:00,9,24,9,0.021,0.009,0.016,0.024,,0.431,33.0,9.0,26.0,23.0,55.0,2.6,81.0,,631.0,,
MIR,2024-09-24 10:00:00,10,24,9,0.026,0.007,0.014,0.02,,0.367,38.0,8.0,26.0,24.0,51.0,2.5,94.0,,630.0,,
MIR,2024-09-24 11:00:00,11,24,9,0.029,0.006,0.014,0.02,,0.364,20.0,4.0,26.0,25.0,50.0,3.1,103.0,,630.0,,
MIR,2024-09-24 12:00:00,12,24,9,0.033,0.004,0.014,0.018,,0.37,26.0,3.0,26.0,25.0,50.0,2.4,103.0,,630.0,,
MIR,2024-09-24 13:00:00,13,24,9,0.036,0.005,0.013,0.018,,0.366,23.0,8.0,26.0,27.0,46.0,2.3,113.0,,629.0,,
MIR,2024-09-24 14:00:00,14,24,9,0.034,0.005,0.014,0.019,,0.357,27.0,7.0,26.0,27.0,42.0,2.4,118.0,,628.0,,
MIR,2024-09-24 15:00:00,15,24,9,0.034,0.004,0.015,0.019,,0.392,23.0,5.0,26.0,28.0,42.0,2.1,69.0,,628.0,,
MIR,2024-09-24 16:00:00,16,24,9,0.03,0.005,0.018,0.023,,0.409,42.0,6.0,26.0,28.0,40.0,2.1,80.0,,627.0,,
MIR,2024-09-24 17:00:00,17,24,9,0.028,0.004,0.02,0.025,,0.517,40.0,6.0,26.0,28.0,40.0,1.9,73.0,,627.0,,
MIR,2024-09-24 18:00:00,18,24,9,0.018,0.005,0.034,0.039,,0.845,38.0,9.0,26.0,27.0,43.0,1.0,44.0,,627.0,,
MIR,2024-09-24 19:00:00,19,24,9,0.003,0.014,0.049,0.063,,1.2,43.0,17.0,26.0,26.0,50.0,0.4,92.0,,628.0,,
MIR,2024-09-24 20:00:00,20,24,9,0.001,0.029,0.047,0.075,,1.631,98.0,17.0,26.0,25.0,57.0,0.4,156.0,,628.0,,
MIR,2024-09-24 21:00:00,21,24,9,0.009,0.011,0.034,0.045,,1.038,119.0,28.0,26.0,21.0,84.0,1.4,266.0,,629.0,,
MIR,2024-09-24 22:00:00,22,24,9,0.005,0.004,0.034,0.038,,0.989,42.0,17.0,26.0,19.0,99.0,0.7,314.0,,630.0,,
MIR,2024-09-24 23:00:00,23,24,9,0.002,0.004,0.032,0.037,,1.106,9.0,,26.0,19.0,100.0,0.3,306.0,,630.0,,
MIR,2024-09-25 00:00:00,0,25,9,0.003,0.003,0.027,0.031,,0.836,12.0,9.0,26.0,19.0,96.0,0.3,0.0,,630.0,,
MIR,2024-09-25 01:00:00,1,25,9,0.001,0.005,0.024,0.03,,0.698,19.0,13.0,26.0,19.0,92.0,0.2,154.0,,630.0,,
MIR,2024-09-25 02:00:00,2,25,9,0.0,0.011,0.024,0.036,,0.685,23.0,12.0,26.0,19.0,94.0,0.3,350.0,,630.0,,
MIR,2024-09-25 03:00:00,3,25,9,0.0,0.008,0.023,0.031,,0.505,22.0,10.0,26.0,18.0,89.0,0.7,39.0,,629.0,,
MIR,2024-09-25 04:00:00,4,25,9,0.004,0.003,0.017,0.021,,0.407,13.0,8.0,27.0,18.0,86.0,0.3,343.0,,629.0,,
MIR,2024-09-25 05:00:00,5,25,9,0.001,0.006,0.02,0.026,,0.532,14.0,5.0,26.0,18.0,86.0,0.3,332.0,,629.0,,
MIR,2024-09-25 06:00:00,6,25,9,0.0,0.028,0.024,0.052,,0.866,24.0,12.0,26.0,18.0,84.0,0.4,53.0,,629.0,,
MIR,2024-09-25 07:00:00,7,25,9,0.003,0.028,0.022,0.05,,0.952,32.0,15.0,26.0,19.0,76.0,1.6,58.0,,630.0,,
MIR,2024-09-25 08:00:00,8,25,9,0.01,0.019,0.019,0.039,,0.699,34.0,11.0,26.0,21.0,68.0,1.8,89.0,,630.0,,
MIR,2024-09-25 09:00:00,9,25,9,0.017,0.012,0.014,0.026,,0.446,36.0,11.0,26.0,22.0,63.0,2.9,77.0,,630.0,,
MIR,2024-09-25 10:00:00,10,25,9,0.023,0.008,0.013,0.021,,0.37,26.0,10.0,26.0,24.0,54.0,2.8,90.0,,630.0,,
MIR,2024-09-25 11:00:00,11,25,9,0.029,0.006,0.012,0.018,,0.344,28.0,8.0,26.0,25.0,48.0,3.0,75.0,,630.0,,
MIR,2024-09-25 12:00:00,12,25,9,0.034,0.005,0.012,0.016,,0.396,20.0,8.0,26.0,27.0,43.0,3.2,93.0,,629.0,,
MIR,2024-09-25 13:00:00,13,25,9,0.037,0.004,0.012,0.016,,0.488,29.0,9.0,28.0,28.0,40.0,3.4,82.0,,628.0,,
MIR,2024-09-25 14:00:00,14,25,9,0.037,0.006,0.02,0.026,,0.579,22.0,6.0,,29.0,38.0,3.2,79.0,,628.0,,
MIR,2024-09-25 15:00:00,15,25,9,0.035,0.008,0.021,0.029,,0.405,20.0,2.0,,29.0,35.0,3.2,76.0,,627.0,,
MIR,2024-09-25 16:00:00,16,25,9,0.034,0.013,0.023,0.037,,0.23,29.0,10.0,,29.0,35.0,3.4,90.0,,627.0,,
MIR,2024-09-25 17:00:00,17,25,9,0.023,0.016,0.025,0.041,,0.453,35.0,15.0,25.0,29.0,36.0,2.7,72.0,,627.0,,
MIR,2024-09-25 18:00:00,18,25,9,0.02,0.016,0.026,0.042,,0.492,39.0,14.0,23.0,28.0,40.0,2.4,56.0,,627.0,,
MIR,2024-09-25 19:00:00,19,25,9,0.014,0.018,0.031,0.049,,1.685,33.0,9.0,22.0,27.0,43.0,2.7,83.0,,627.0,,
MIR,2024-09-25 20:00:00,20,25,9,0.012,0.018,0.03,0.048,,1.819,38.0,7.0,22.0,26.0,43.0,2.2,86.0,,628.0,,
MIR,2024-09-25 21:00:00,21,25,9,0.006,0.022,0.036,0.058,,1.923,34.0,8.0,21.0,25.0,47.0,1.4,102.0,,628.0,,
MIR,2024-09-25 22:00:00,22,25,9,0.009,0.019,0.032,0.051,,1.468,30.0,5.0,21.0,24.0,50.0,2.1,102.0,,629.0,,
MIR,2024-09-25 23:00:00,23,25,9,0.013,0.014,0.026,0.041,,2.561,21.0,8.0,20.0,23.0,55.0,2.4,92.0,,629.0,,
MIR,2024-09-26 00:00:00,0,26,9,0.009,0.015,0.029,0.044,,1.772,18.0,7.0,20.0,22.0,59.0,1.5,79.0,,629.0,,
MIR,2024-09-26 01:00:00,1,26,9,0.012,0.014,0.025,0.039,,0.35,34.0,9.0,19.0,21.0,63.0,2.0,66.0,,629.0,,
MIR,2024-09-26 02:00:00,2,26,9,0.011,0.014,0.024,0.037,,0.279,24.0,7.0,19.0,21.0,66.0,1.3,62.0,,629.0,,
MIR,2024-09-26 03:00:00,3,26,9,0.008,0.015,0.027,0.042,,0.781,14.0,3.0,20.0,20.0,69.0,1.0,66.0,,629.0,,
MIR,2024-09-26 04:00:00,4,26,9,0.008,0.016,0.028,0.044,,0.946,18.0,6.0,19.0,19.0,70.0,1.0,69.0,,629.0,,
MIR,2024-09-26 05:00:00,5,26,9,0.005,0.018,0.03,0.048,,0.405,18.0,7.0,19.0,19.0,73.0,0.8,36.0,,629.0,,
MIR,2024-09-26 06:00:00,6,26,9,0.004,0.022,0.031,0.053,,0.6,16.0,5.0,20.0,19.0,73.0,0.6,13.0,,629.0,,
MIR,2024-09-26 07:00:00,7,26,9,0.005,0.032,0.035,0.067,,0.717,21.0,5.0,19.0,20.0,70.0,1.2,39.0,,630.0,,
MIR,2024-09-26 08:00:00,8,26,9,0.013,0.025,0.028,0.053,,0.45,28.0,4.0,19.0,20.0,66.0,2.5,47.0,,630.0,,
MIR,2024-09-26 09:00:00,9,26,9,0.02,0.021,0.023,0.044,,0.54,28.0,5.0,20.0,22.0,61.0,2.9,62.0,,630.0,,
MIR,2024-09-26 10:00:00,10,26,9,0.023,0.018,0.022,0.04,,0.395,25.0,4.0,20.0,22.0,58.0,3.1,62.0,,630.0,,
MIR,2024-09-26 11:00:00,11,26,9,0.028,0.018,,0.04,,0.394,25.0,2.0,20.0,24.0,52.0,3.4,61.0,,630.0,,
MIR,2024-09-26 12:00:00,12,26,9,0.031,0.016,0.023,0.039,,0.555,26.0,3.0,21.0,24.0,51.0,3.3,60.0,,630.0,,
MIR,2024-09-26 13:00:00,13,26,9,0.035,0.015,0.023,0.038,,0.925,30.0,4.0,21.0,25.0,47.0,2.9,69.0,,629.0,,
MIR,2024-09-26 14:00:00,14,26,9,0.032,0.016,0.03,0.046,,0.578,34.0,2.0,21.0,26.0,43.0,2.4,58.0,,628.0,,
MIR,2024-09-26 15:00:00,15,26,9,0.036,0.008,0.02,0.029,,0.609,37.0,6.0,22.0,27.0,38.0,3.1,70.0,,628.0,,
MIR,2024-09-26 16:00:00,16,26,9,0.036,0.004,0.021,0.025,,0.422,,,24.0,26.0,35.0,2.9,67.0,,628.0,,
MIR,2024-09-26 17:00:00,17,26,9,0.034,0.004,0.023,0.027,,0.443,39.0,8.0,25.0,26.0,37.0,2.5,78.0,,628.0,,
MIR,2024-09-26 18:00:00,18,26,9,0.016,0.007,0.034,0.041,,0.749,38.0,6.0,26.0,26.0,42.0,2.2,92.0,,628.0,,
MIR,2024-09-26 19:00:00,19,26,9,0.012,0.009,0.034,0.043,,0.985,45.0,7.0,26.0,25.0,45.0,2.1,105.0,,629.0,,
MIR,2024-09-26 20:00:00,20,26,9,0.014,0.006,0.02,0.026,,0.532,41.0,10.0,26.0,23.0,57.0,2.3,119.0,,629.0,,
MIR,2024-09-26 21:00:00,21,26,9,0.014,0.004,0.019,0.023,,0.453,28.0,7.0,26.0,22.0,59.0,1.9,106.0,,630.0,,
MIR,2024-09-26 22:00:00,22,26,9,0.011,0.005,0.022,0.027,,0.451,38.0,4.0,26.0,22.0,59.0,1.7,113.0,,630.0,,
MIR,2024-09-26 23:00:00,23,26,9,0.013,0.004,0.02,0.024,,0.437,27.0,7.0,26.0,22.0,60.0,1.7,91.0,,630.0,,
MIR,2024-09-27 00:00:00,0,27,9,0.024,0.002,0.013,0.015,,0.324,25.0,6.0,26.0,21.0,59.0,2.9,102.0,,629.0,,
MIR,2024-09-27 01:00:00,1,27,9,0.024,0.001,0.012,0.013,,0.301,24.0,3.0,26.0,21.0,61.0,2.5,94.0,,629.0,,
MIR,2024-09-27 02:00:00,2,27,9,0.024,0.001,0.012,0.013,,0.298,14.0,4.0,26.0,20.0,62.0,1.8,85.0,,629.0,,
MIR,2024-09-27 03:00:00,3,27,9,0.024,0.001,0.012,0.013,,0.311,10.0,6.0,26.0,20.0,61.0,1.4,66.0,,629.0,,
MIR,2024-09-27 04:00:00,4,27,9,0.026,0.001,0.012,0.013,,0.311,7.0,3.0,26.0,20.0,57.0,2.3,49.0,,629.0,,
MIR,2024-09-27 05:00:00,5,27,9,0.025,0.002,0.014,0.015,,0.318,9.0,4.0,26.0,20.0,57.0,2.3,62.0,,629.0,,
MIR,2024-09-27 06:00:00,6,27,9,0.022,0.003,0.019,0.022,,0.432,13.0,6.0,26.0,19.0,59.0,2.4,58.0,,629.0,,
MIR,2024-09-27 07:00:00,7,27,9,0.018,0.006,0.023,0.029,,0.563,17.0,6.0,26.0,19.0,60.0,2.2,63.0,,629.0,,
MIR,2024-09-27 08:00:00,8,27,9,0.021,0.006,0.018,0.024,,0.556,31.0,7.0,26.0,20.0,60.0,2.3,64.0,,629.0,,
MIR,2024-09-27 09:00:00,9,27,9,0.022,0.007,0.019,0.026,,0.671,25.0,8.0,26.0,21.0,58.0,2.3,78.0,,630.0,,
MIR,2024-09-27 10:00:00,10,27,9,0.026,0.007,0.018,0.024,,0.577,33.0,6.0,26.0,22.0,55.0,3.0,91.0,,630.0,,
MIR,2024-09-27 11:00:00,11,27,9,0.031,0.006,0.014,0.02,,0.502,39.0,6.0,26.0,22.0,55.0,3.8,93.0,,629.0,,
MIR,2024-09-27 12:00:00,12,27,9,0.026,0.006,0.018,0.024,,0.67,27.0,3.0,26.0,22.0,60.0,3.0,96.0,,629.0,,
MIR,2024-09-27 13:00:00,13,27,9,0.025,0.009,0.023,0.032,,0.72,24.0,1.0,26.0,21.0,64.0,2.2,77.0,,628.0,,
MIR,2024-09-27 14:00:00,14,27,9,0.021,0.007,0.028,0.035,,0.9,32.0,6.0,26.0,20.0,77.0,1.6,89.0,,628.0,,
MIR,2024-09-27 15:00:00,15,27,9,0.009,0.014,0.038,0.052,,1.015,22.0,8.0,26.0,19.0,90.0,0.9,63.0,,628.0,,
MIR,2024-09-27 16:00:00,16,27,9,0.009,0.012,0.035,0.046,,0.812,20.0,9.0,26.0,18.0,94.0,1.2,41.0,,628.0,,
MIR,2024-09-27 17:00:00,17,27,9,0.007,0.012,0.032,0.044,,0.887,18.0,7.0,26.0,18.0,97.0,1.2,25.0,,628.0,,
MIR,2024-09-27 18:00:00,18,27,9,0.005,0.011,0.03,0.042,,0.91,22.0,8.0,26.0,18.0,100.0,1.3,26.0,,629.0,,
MIR,2024-09-27 19:00:00,19,27,9,0.003,0.014,0.031,0.044,,0.963,19.0,8.0,26.0,18.0,100.0,1.4,34.0,,629.0,,
MIR,2024-09-27 20:00:00,20,27,9,0.009,0.005,0.023,0.028,,0.672,18.0,14.0,26.0,18.0,100.0,1.8,43.0,,630.0,,
MIR,2024-09-27 21:00:00,21,27,9,0.006,0.008,0.027,0.035,,0.734,6.0,7.0,26.0,18.0,100.0,1.0,53.0,,630.0,,
MIR,2024-09-27 22:00:00,22,27,9,0.007,0.006,0.024,0.03,,0.644,11.0,7.0,26.0,18.0,100.0,1.3,23.0,,630.0,,
MIR,2024-09-27 23:00:00,23,27,9,0.01,0.003,0.019,0.022,,0.509,11.0,10.0,26.0,18.0,100.0,1.5,39.0,,630.0,,
MIR,2024-09-28 00:00:00,0,28,9,0.012,0.002,0.015,0.016,,0.398,10.0,7.0,26.0,17.0,100.0,1.5,44.0,,630.0,,
MIR,2024-09-28 01:00:00,1,28,9,0.009,0.002,0.015,0.017,,0.385,8.0,5.0,27.0,17.0,100.0,1.1,64.0,,630.0,,
MIR,2024-09-28 02:00:00,2,28,9,0.009,0.002,0.015,0.017,,0.374,7.0,3.0,27.0,17.0,100.0,1.3,64.0,,629.0,,
MIR,2024-09-28 03:00:00,3,28,9,0.008,0.003,0.016,0.019,,0.36,9.0,4.0,26.0,17.0,100.0,1.6,71.0,,629.0,,
MIR,2024-09-28 04:00:00,4,28,9,0.008,0.004,0.014,0.018,,0.393,6.0,4.0,26.0,18.0,100.0,1.6,86.0,,629.0,,
MIR,2024-09-28 05:00:00,5,28,9,0.007,0.005,0.016,0.021,,0.51,10.0,2.0,26.0,18.0,99.0,1.8,98.0,,629.0,,
MIR,2024-09-28 06:00:00,6,28,9,0.007,0.008,0.019,0.028,,0.688,14.0,3.0,26.0,18.0,99.0,1.7,99.0,,630.0,,
MIR,2024-09-28 07:00:00,7,28,9,0.005,0.014,0.023,0.038,,0.828,14.0,3.0,26.0,18.0,96.0,1.5,96.0,,630.0,,
MIR,2024-09-28 08:00:00,8,28,9,0.003,0.017,0.023,0.04,,0.956,11.0,5.0,26.0,18.0,95.0,1.3,92.0,,631.0,,
MIR,2024-09-28 09:00:00,9,28,9,0.004,0.019,0.022,0.041,,0.896,16.0,6.0,26.0,19.0,93.0,1.3,105.0,,631.0,,
MIR,2024-09-28 10:00:00,10,28,9,0.009,0.013,0.019,0.031,,0.615,19.0,5.0,26.0,20.0,87.0,2.6,119.0,,631.0,,
MIR,2024-09-28 11:00:00,11,28,9,0.016,0.01,0.017,0.026,,0.637,15.0,4.0,26.0,21.0,79.0,3.0,113.0,,631.0,,
MIR,2024-09-28 12:00:00,12,28,9,0.02,0.007,0.013,0.02,,0.561,17.0,6.0,26.0,22.0,78.0,2.6,136.0,,631.0,,
MIR,2024-09-28 13:00:00,13,28,9,0.022,0.007,0.016,0.022,,0.567,21.0,6.0,26.0,23.0,73.0,2.4,143.0,,630.0,,
MIR,2024-09-28 14:00:00,14,28,9,0.025,0.005,0.012,0.017,,0.467,16.0,4.0,26.0,24.0,69.0,3.0,133.0,,630.0,,
MIR,2024-09-28 15:00:00,15,28,9,0.025,0.004,0.011,0.016,,0.447,9.0,1.0,26.0,24.0,65.0,3.1,162.0,,630.0,,
MIR,2024-09-28 16:00:00,16,28,9,0.025,0.004,0.011,0.014,,0.405,11.0,0.0,26.0,24.0,63.0,2.5,182.0,,630.0,,
MIR,2024-09-28 17:00:00,17,28,9,0.02,0.004,0.012,0.015,,0.401,10.0,1.0,26.0,24.0,65.0,1.7,194.0,,630.0,,
MIR,2024-09-28 18:00:00,18,28,9,0.013,0.005,0.018,0.022,,0.525,18.0,2.0,26.0,23.0,70.0,1.2,192.0,,630.0,,
MIR,2024-09-28 19:00:00,19,28,9,0.008,0.009,0.023,0.032,,0.69,20.0,1.0,26.0,21.0,75.0,1.3,180.0,,630.0,,
MIR,2024-09-28 20:00:00,20,28,9,0.004,0.013,0.026,0.039,,0.914,34.0,7.0,26.0,20.0,79.0,1.1,152.0,,631.0,,
MIR,2024-09-28 21:00:00,21,28,9,0.001,0.021,0.028,0.048,,1.065,29.0,10.0,26.0,20.0,83.0,0.7,147.0,,632.0,,
MIR,2024-09-28 22:00:00,22,28,9,0.003,0.011,0.026,0.038,,0.95,38.0,17.0,26.0,19.0,85.0,0.6,160.0,,632.0,,
MIR,2024-09-28 23:00:00,23,28,9,0.011,0.004,0.019,0.023,,0.595,28.0,15.0,26.0,19.0,84.0,1.0,140.0,,632.0,,
MIR,2024-09-29 00:00:00,0,29,9,0.006,0.004,0.021,0.025,,0.673,18.0,8.0,26.0,19.0,87.0,0.7,147.0,,632.0,,
MIR,2024-09-29 01:00:00,1,29,9,0.006,0.003,0.019,0.022,,0.59,22.0,10.0,26.0,18.0,92.0,0.3,191.0,,632.0,,
MIR,2024-09-29 02:00:00,2,29,9,0.002,0.006,0.022,0.027,,0.643,22.0,8.0,26.0,17.0,93.0,0.2,121.0,,631.0,,
MIR,2024-09-29 03:00:00,3,29,9,0.003,0.004,0.021,0.026,,0.644,23.0,8.0,26.0,17.0,94.0,0.1,156.0,,631.0,,
MIR,2024-09-29 04:00:00,4,29,9,0.001,0.007,0.019,0.027,,0.795,18.0,12.0,26.0,17.0,98.0,0.3,297.0,,631.0,,
MIR,2024-09-29 05:00:00,5,29,9,0.0,0.018,0.02,0.037,,0.875,19.0,10.0,26.0,17.0,98.0,0.1,261.0,,631.0,,
MIR,2024-09-29 06:00:00,6,29,9,0.0,0.041,0.02,0.061,,1.105,19.0,7.0,26.0,17.0,98.0,0.1,211.0,,632.0,,
MIR,2024-09-29 07:00:00,7,29,9,0.002,0.04,0.022,0.062,,1.222,40.0,13.0,26.0,18.0,93.0,0.1,56.0,,632.0,,
MIR,2024-09-29 08:00:00,8,29,9,0.006,0.022,0.027,0.049,,1.031,34.0,16.0,26.0,19.0,86.0,0.2,107.0,,632.0,,
MIR,2024-09-29 09:00:00,9,29,9,0.018,0.011,0.018,0.029,,0.659,35.0,20.0,26.0,21.0,77.0,0.8,158.0,,633.0,,
MIR,2024-09-29 10:00:00,10,29,9,0.03,0.003,0.01,0.013,,0.423,23.0,13.0,26.0,22.0,70.0,1.4,129.0,,633.0,,
MIR,2024-09-29 11:00:00,11,29,9,0.034,0.002,0.009,0.012,,0.337,14.0,7.0,25.0,23.0,67.0,1.8,127.0,,632.0,,
MIR,2024-09-29 12:00:00,12,29,9,0.036,0.002,0.009,0.011,,0.312,10.0,3.0,25.0,25.0,59.0,1.9,116.0,,632.0,,
MIR,2024-09-29 13:00:00,13,29,9,0.038,0.002,0.009,0.011,,0.336,13.0,5.0,26.0,25.0,57.0,1.8,74.0,,631.0,,
MIR,2024-09-29 14:00:00,14,29,9,0.037,0.002,0.01,0.012,,0.381,15.0,7.0,25.0,26.0,52.0,1.5,95.0,,630.0,,
MIR,2024-09-29 15:00:00,15,29,9,0.037,0.003,0.01,0.013,,0.344,14.0,7.0,25.0,27.0,49.0,1.8,95.0,,630.0,,
MIR,2024-09-29 16:00:00,16,29,9,0.035,0.002,0.011,0.013,,0.373,16.0,15.0,26.0,26.0,49.0,2.0,93.0,,629.0,,
MIR,2024-09-29 17:00:00,17,29,9,0.031,0.002,0.013,0.015,,0.412,15.0,14.0,26.0,26.0,53.0,1.8,79.0,,630.0,,
MIR,2024-09-29 18:00:00,18,29,9,0.021,0.002,0.021,0.023,,0.62,13.0,11.0,26.0,24.0,60.0,1.2,127.0,,630.0,,
MIR,2024-09-29 19:00:00,19,29,9,0.015,0.003,0.027,0.03,,0.761,25.0,12.0,26.0,23.0,67.0,1.3,174.0,,631.0,,
MIR,2024-09-29 20:00:00,20,29,9,0.018,0.003,0.022,0.025,,0.667,36.0,20.0,26.0,21.0,86.0,1.6,160.0,,631.0,,
MIR,2024-09-29 21:00:00,21,29,9,0.008,0.011,0.03,0.04,,0.807,26.0,12.0,26.0,20.0,93.0,1.0,198.0,,632.0,,
MIR,2024-09-29 22:00:00,22,29,9,0.004,0.006,0.03,0.037,,0.924,29.0,15.0,26.0,20.0,95.0,0.2,136.0,,632.0,,
MIR,2024-09-29 23:00:00,23,29,9,0.0,0.016,0.031,0.047,,1.157,30.0,14.0,26.0,20.0,96.0,0.1,66.0,,632.0,,
MIR,2024-09-30 00:00:00,0,30,9,0.002,0.012,0.03,0.042,,0.931,24.0,13.0,26.0,20.0,92.0,0.4,111.0,,632.0,,
MIR,2024-09-30 01:00:00,1,30,9,0.003,0.004,0.026,0.03,,0.655,31.0,20.0,26.0,19.0,91.0,0.3,113.0,,632.0,,
MIR,2024-09-30 02:00:00,2,30,9,0.01,0.002,0.02,0.022,,0.551,33.0,13.0,26.0,19.0,88.0,0.7,151.0,,631.0,,
MIR,2024-09-30 03:00:00,3,30,9,0.011,0.001,0.017,0.018,,0.444,31.0,15.0,26.0,19.0,82.0,0.5,126.0,,631.0,,
MIR,2024-09-30 04:00:00,4,30,9,0.009,0.001,0.018,0.02,,0.397,17.0,16.0,26.0,19.0,81.0,0.5,112.0,,631.0,,
MIR,2024-09-30 05:00:00,5,30,9,0.002,0.017,0.028,0.045,,0.804,19.0,6.0,26.0,17.0,84.0,0.2,53.0,,631.0,,
MIR,2024-09-30 06:00:00,6,30,9,0.0,0.058,0.03,0.088,,1.442,24.0,11.0,26.0,17.0,88.0,0.2,127.0,,632.0,,
MIR,2024-09-30 07:00:00,7,30,9,0.004,0.048,0.026,0.075,,1.278,46.0,16.0,26.0,18.0,78.0,1.1,127.0,,632.0,,
MIR,2024-09-30 08:00:00,8,30,9,0.014,0.017,0.022,0.039,,0.71,40.0,12.0,26.0,20.0,67.0,1.8,92.0,,632.0,,
MIR,2024-09-30 09:00:00,9,30,9,0.025,0.009,0.018,0.027,,0.468,40.0,10.0,25.0,21.0,52.0,2.1,112.0,,633.0,,
MIR,2024-09-30 10:00:00,10,30,9,0.034,0.005,0.015,0.02,,0.372,26.0,10.0,25.0,22.0,47.0,2.5,119.0,,633.0,,
MIR,2024-09-30 11:00:00,11,30,9,0.04,0.004,0.014,0.018,,0.371,22.0,6.0,25.0,23.0,47.0,2.1,104.0,,633.0,,
MIR,2024-09-30 12:00:00,12,30,9,0.05,0.003,0.012,0.015,,0.366,19.0,9.0,25.0,24.0,45.0,1.7,120.0,,632.0,,
MIR,2024-09-30 13:00:00,13,30,9,0.049,0.002,0.012,0.014,,0.383,19.0,7.0,25.0,25.0,43.0,1.7,135.0,,631.0,,
MIR,2024-09-30 14:00:00,14,30,9,0.05,0.002,0.013,0.015,,0.378,22.0,7.0,25.0,26.0,44.0,1.6,135.0,,631.0,,
MIR,2024-09-30 15:00:00,15,30,9,0.052,0.002,0.013,0.014,,0.402,20.0,9.0,25.0,26.0,45.0,1.6,138.0,,630.0,,
MIR,2024-09-30 16:00:00,16,30,9,0.043,0.003,0.017,0.02,,0.468,22.0,9.0,26.0,27.0,42.0,1.7,113.0,,630.0,,
MIR,2024-09-30 17:00:00,17,30,9,0.038,0.003,0.018,0.021,,0.483,28.0,12.0,26.0,26.0,41.0,1.5,102.0,,630.0,,
MIR,2024-09-30 18:00:00,18,30,9,0.027,0.002,0.029,0.031,,0.727,28.0,8.0,26.0,25.0,45.0,0.3,161.0,,630.0,,
MIR,2024-09-30 19:00:00,19,30,9,0.007,0.011,0.045,0.056,,1.359,29.0,10.0,26.0,24.0,53.0,0.5,248.0,,631.0,,
MIR,2024-09-30 20:00:00,20,30,9,0.02,0.004,0.041,0.044,,1.067,46.0,19.0,26.0,23.0,58.0,1.6,290.0,,631.0,,
MIR,2024-09-30 21:00:00,21,30,9,0.011,0.01,0.047,0.057,,1.173,52.0,13.0,26.0,22.0,64.0,0.3,254.0,,631.0,,
MIR,2024-09-30 22:00:00,22,30,9,0.026,0.002,0.024,0.026,,0.615,56.0,24.0,26.0,22.0,65.0,1.6,244.0,,632.0,,
MIR,2024-09-30 23:00:00,23,30,9,0.032,0.001,0.012,0.012,,0.413,31.0,10.0,26.0,22.0,69.0,1.8,294.0,,632.0,,
MIR,2024-10-01 00:00:00,0,1,10,0.025,0.001,0.019,0.02,,0.549,23.0,11.0,26.0,21.0,71.0,0.5,11.0,,632.0,,
MIR,2024-10-01 01:00:00,1,1,10,0.009,0.006,0.031,0.037,,0.836,25.0,17.0,26.0,20.0,76.0,0.4,225.0,,632.0,,
MIR,2024-10-01 02:00:00,2,1,10,0.007,0.004,0.028,0.031,,0.688,54.0,21.0,26.0,19.0,79.0,0.3,225.0,,632.0,,
MIR,2024-10-01 03:00:00,3,1,10,0.0,0.014,0.031,0.045,,0.834,36.0,13.0,26.0,19.0,91.0,0.2,40.0,,632.0,,
MIR,2024-10-01 04:00:00,4,1,10,0.011,0.004,0.02,0.024,,0.425,56.0,25.0,26.0,19.0,77.0,0.6,57.0,,632.0,,
MIR,2024-10-01 05:00:00,5,1,10,0.015,0.002,0.017,0.019,,0.358,22.0,12.0,26.0,19.0,73.0,1.1,59.0,,632.0,,
MIR,2024-10-01 06:00:00,6,1,10,0.006,0.004,0.023,0.026,,0.509,24.0,10.0,26.0,18.0,80.0,0.3,51.0,,632.0,,
MIR,2024-10-01 07:00:00,7,1,10,0.007,0.014,0.025,0.039,,0.699,23.0,10.0,26.0,19.0,74.0,0.6,94.0,,632.0,,
MIR,2024-10-01 08:00:00,8,1,10,0.018,0.009,0.018,0.027,,0.605,39.0,15.0,26.0,20.0,64.0,2.1,70.0,,632.0,,
MIR,2024-10-01 09:00:00,9,1,10,0.029,0.005,0.013,0.018,,0.366,28.0,11.0,26.0,22.0,51.0,2.7,95.0,,633.0,,
MIR,2024-10-01 10:00:00,10,1,10,0.033,0.004,0.011,0.015,,0.329,23.0,7.0,25.0,23.0,50.0,2.5,80.0,,633.0,,
MIR,2024-10-01 11:00:00,11,1,10,0.039,0.003,0.011,0.014,,0.318,14.0,8.0,25.0,25.0,46.0,2.4,84.0,,633.0,,
MIR,2024-10-01 12:00:00,12,1,10,0.044,0.002,0.01,0.013,,0.296,16.0,8.0,25.0,25.0,44.0,2.1,102.0,,632.0,,
MIR,2024-10-01 13:00:00,13,1,10,0.039,0.002,0.011,0.013,,0.338,14.0,6.0,25.0,26.0,44.0,2.2,110.0,,631.0,,
MIR,2024-10-01 14:00:00,14,1,10,0.037,0.003,0.012,0.015,,0.338,16.0,5.0,25.0,26.0,43.0,2.6,111.0,,631.0,,
MIR,2024-10-01 15:00:00,15,1,10,0.034,0.003,0.014,0.017,,0.35,19.0,3.0,26.0,26.0,43.0,2.2,106.0,,631.0,,
MIR,2024-10-01 16:00:00,16,1,10,0.035,0.002,0.013,0.015,,0.385,16.0,3.0,25.0,26.0,42.0,1.8,97.0,,630.0,,
MIR,2024-10-01 17:00:00,17,1,10,0.031,0.003,0.015,0.018,,0.417,26.0,8.0,26.0,26.0,42.0,2.3,95.0,,630.0,,
MIR,2024-10-01 18:00:00,18,1,10,0.027,0.002,0.019,0.021,,0.527,22.0,7.0,26.0,25.0,44.0,2.1,89.0,,631.0,,
MIR,2024-10-01 19:00:00,19,1,10,0.016,0.004,0.029,0.033,,0.698,26.0,7.0,26.0,25.0,48.0,1.7,85.0,,631.0,,
MIR,2024-10-01 20:00:00,20,1,10,0.015,0.005,0.029,0.034,,0.636,59.0,13.0,26.0,23.0,51.0,1.7,95.0,,632.0,,
MIR,2024-10-01 21:00:00,21,1,10,0.015,0.005,0.026,0.031,,0.558,33.0,10.0,26.0,23.0,51.0,1.9,96.0,,632.0,,
MIR,2024-10-01 22:00:00,22,1,10,0.014,0.004,0.023,0.027,,0.526,24.0,7.0,26.0,22.0,56.0,1.7,106.0,,632.0,,
MIR,2024-10-01 23:00:00,23,1,10,0.017,0.002,0.019,0.022,,0.429,25.0,7.0,26.0,21.0,60.0,1.3,100.0,,632.0,,
MIR,2024-10-02 00:00:00,0,2,10,0.021,0.001,0.016,0.017,,0.328,24.0,6.0,26.0,20.0,61.0,1.9,101.0,,632.0,,
MIR,2024-10-02 01:00:00,1,2,10,0.021,0.001,0.015,0.016,,0.299,16.0,4.0,26.0,19.0,63.0,1.4,81.0,,632.0,,
MIR,2024-10-02 02:00:00,2,2,10,0.024,0.001,0.013,0.014,,0.277,17.0,5.0,26.0,18.0,61.0,1.4,91.0,,632.0,,
MIR,2024-10-02 03:00:00,3,2,10,0.019,0.001,0.016,0.017,,0.323,20.0,8.0,26.0,17.0,63.0,0.9,89.0,,632.0,,
MIR,2024-10-02 04:00:00,4,2,10,0.01,0.003,0.024,0.027,,0.414,23.0,10.0,26.0,17.0,67.0,0.8,86.0,,632.0,,
MIR,2024-10-02 05:00:00,5,2,10,0.003,0.013,0.032,0.045,,0.467,37.0,9.0,26.0,16.0,69.0,1.0,84.0,,632.0,,
MIR,2024-10-02 06:00:00,6,2,10,0.002,0.023,0.033,0.056,,0.771,44.0,15.0,26.0,15.0,69.0,1.0,75.0,,632.0,,
MIR,2024-10-02 07:00:00,7,2,10,0.006,0.028,0.032,0.06,,0.946,35.0,7.0,26.0,16.0,66.0,1.6,72.0,,632.0,,
MIR,2024-10-02 08:00:00,8,2,10,0.016,0.017,0.028,0.045,,0.786,40.0,15.0,26.0,18.0,58.0,2.0,77.0,,633.0,,
MIR,2024-10-02 09:00:00,9,2,10,0.027,0.009,0.018,0.027,,0.408,42.0,11.0,25.0,20.0,53.0,2.7,93.0,,633.0,,
MIR,2024-10-02 10:00:00,10,2,10,0.034,0.005,0.014,0.02,,0.339,28.0,8.0,25.0,21.0,52.0,2.9,92.0,,633.0,,
MIR,2024-10-02 11:00:00,11,2,10,0.04,0.004,0.013,0.017,,0.319,36.0,9.0,25.0,23.0,47.0,3.0,94.0,,632.0,,
MIR,2024-10-02 12:00:00,12,2,10,0.044,0.003,0.012,0.016,,0.294,24.0,8.0,25.0,24.0,44.0,2.2,87.0,,632.0,,
MIR,2024-10-02 13:00:00,13,2,10,0.044,0.003,0.014,0.017,,0.293,21.0,4.0,25.0,26.0,39.0,2.3,100.0,,631.0,,
MIR,2024-10-02 14:00:00,14,2,10,0.043,0.003,0.013,0.017,,0.285,25.0,2.0,25.0,27.0,32.0,2.4,84.0,,630.0,,
MIR,2024-10-02 15:00:00,15,2,10,0.044,0.004,0.015,0.019,,0.298,23.0,3.0,25.0,27.0,31.0,2.5,83.0,,630.0,,
MIR,2024-10-02 16:00:00,16,2,10,0.044,0.004,0.016,0.019,,0.358,19.0,2.0,26.0,27.0,32.0,2.6,91.0,,630.0,,
MIR,2024-10-02 17:00:00,17,2,10,0.042,0.003,0.019,0.022,,0.422,20.0,3.0,26.0,26.0,34.0,1.8,81.0,,630.0,,
MIR,2024-10-02 18:00:00,18,2,10,0.033,0.003,0.029,0.032,,0.653,26.0,10.0,26.0,25.0,38.0,1.6,58.0,,630.0,,
MIR,2024-10-02 19:00:00,19,2,10,0.008,0.008,0.056,0.064,,1.096,36.0,11.0,26.0,24.0,43.0,0.5,118.0,,630.0,,
MIR,2024-10-02 20:00:00,20,2,10,0.001,0.034,0.059,0.093,,1.529,60.0,20.0,26.0,23.0,49.0,0.8,176.0,,631.0,,
MIR,2024-10-02 21:00:00,21,2,10,0.002,0.024,0.056,0.08,,1.201,130.0,31.0,26.0,22.0,52.0,0.5,213.0,,631.0,,
MIR,2024-10-02 22:00:00,22,2,10,0.0,0.057,0.057,0.114,,1.886,92.0,30.0,26.0,21.0,56.0,0.3,163.0,,631.0,,
MIR,2024-10-02 23:00:00,23,2,10,0.0,0.036,0.051,0.088,,1.313,147.0,52.0,26.0,20.0,59.0,0.4,178.0,,631.0,,
MIR,2024-10-03 00:00:00,0,3,10,0.0,0.035,0.045,0.081,,1.216,99.0,38.0,26.0,19.0,65.0,0.1,194.0,,631.0,,
MIR,2024-10-03 01:00:00,1,3,10,0.003,0.018,0.037,0.055,,0.994,89.0,34.0,26.0,18.0,63.0,0.4,193.0,,631.0,,
MIR,2024-10-03 02:00:00,2,3,10,0.011,0.001,0.023,0.024,,0.438,81.0,36.0,26.0,17.0,60.0,0.3,168.0,,631.0,,
MIR,2024-10-03 03:00:00,3,3,10,0.006,0.004,0.031,0.035,,0.477,29.0,14.0,26.0,17.0,61.0,0.2,96.0,,631.0,,
MIR,2024-10-03 04:00:00,4,3,10,0.003,0.007,0.034,0.042,,0.506,35.0,15.0,26.0,16.0,62.0,0.2,115.0,,631.0,,
MIR,2024-10-03 05:00:00,5,3,10,0.002,0.015,0.035,0.05,,0.594,32.0,10.0,26.0,16.0,64.0,0.9,166.0,,631.0,,
MIR,2024-10-03 06:00:00,6,3,10,0.001,0.024,0.035,0.06,,0.794,43.0,20.0,26.0,15.0,67.0,0.8,157.0,,631.0,,
MIR,2024-10-03 07:00:00,7,3,10,0.004,0.041,0.036,0.077,,1.169,46.0,20.0,26.0,17.0,58.0,0.9,107.0,,632.0,,
MIR,2024-10-03 08:00:00,8,3,10,0.014,0.022,0.032,0.054,,0.966,47.0,13.0,26.0,19.0,53.0,1.2,126.0,,632.0,,
MIR,2024-10-03 09:00:00,9,3,10,0.026,0.011,0.022,0.033,,0.537,73.0,17.0,26.0,20.0,45.0,1.7,141.0,,632.0,,
MIR,2024-10-03 10:00:00,10,3,10,0.038,0.006,0.017,0.023,,0.39,39.0,5.0,25.0,22.0,39.0,1.6,138.0,,632.0,,
MIR,2024-10-03 11:00:00,11,3,10,0.045,0.004,0.015,0.019,,0.349,33.0,8.0,25.0,23.0,36.0,1.9,130.0,,632.0,,
MIR,2024-10-03 12:00:00,12,3,10,0.052,0.003,0.016,0.019,,0.336,31.0,6.0,25.0,24.0,36.0,1.8,100.0,,631.0,,
MIR,2024-10-03 13:00:00,13,3,10,0.058,0.003,0.016,0.018,,0.352,29.0,11.0,25.0,26.0,35.0,1.7,114.0,,630.0,,
MIR,2024-10-03 14:00:00,14,3,10,0.061,0.002,0.014,0.016,,0.38,29.0,11.0,26.0,27.0,35.0,1.7,119.0,,630.0,,
MIR,2024-10-03 15:00:00,15,3,10,0.052,0.002,0.013,0.014,,0.361,28.0,9.0,26.0,28.0,33.0,1.3,29.0,,629.0,,
MIR,2024-10-03 16:00:00,16,3,10,0.045,0.002,0.017,0.02,,0.41,23.0,6.0,26.0,28.0,32.0,1.6,80.0,,629.0,,
MIR,2024-10-03 17:00:00,17,3,10,0.04,0.002,0.018,0.021,,0.566,30.0,7.0,26.0,27.0,32.0,1.2,70.0,,629.0,,
MIR,2024-10-03 18:00:00,18,3,10,0.022,0.004,0.045,0.049,,0.936,32.0,7.0,26.0,26.0,40.0,1.1,134.0,,630.0,,
MIR,2024-10-03 19:00:00,19,3,10,0.01,0.01,0.061,0.071,,1.341,67.0,20.0,26.0,24.0,48.0,1.2,179.0,,630.0,,
MIR,2024-10-03 20:00:00,20,3,10,0.001,0.04,0.066,0.106,,1.88,125.0,26.0,26.0,23.0,51.0,0.2,122.0,,630.0,,
MIR,2024-10-03 21:00:00,21,3,10,0.003,0.041,0.063,0.104,,1.745,111.0,29.0,26.0,22.0,54.0,0.2,10.0,,631.0,,
MIR,2024-10-03 22:00:00,22,3,10,0.008,0.006,0.06,0.066,,1.586,98.0,29.0,26.0,21.0,55.0,0.3,293.0,,631.0,,
MIR,2024-10-03 23:00:00,23,3,10,0.0,0.043,0.061,0.104,,2.061,56.0,15.0,26.0,21.0,61.0,0.2,195.0,,631.0,,
MIR,2024-10-04 00:00:00,0,4,10,0.0,0.065,0.059,0.124,,1.919,119.0,37.0,26.0,20.0,66.0,0.1,215.0,,631.0,,
MIR,2024-10-04 01:00:00,1,4,10,0.0,0.05,0.055,0.105,,1.686,151.0,46.0,26.0,19.0,70.0,0.2,190.0,,631.0,,
MIR,2024-10-04 02:00:00,2,4,10,0.0,0.068,0.049,0.117,,1.907,124.0,46.0,26.0,19.0,74.0,0.2,199.0,,631.0,,
MIR,2024-10-04 03:00:00,3,4,10,0.0,0.062,0.043,0.105,,1.856,166.0,81.0,26.0,18.0,79.0,0.9,183.0,,631.0,,
MIR,2024-10-04 04:00:00,4,4,10,0.0,0.048,0.04,0.088,,1.48,163.0,86.0,26.0,17.0,83.0,0.5,172.0,,631.0,,
MIR,2024-10-04 05:00:00,5,4,10,0.0,0.054,0.039,0.093,,1.367,140.0,91.0,26.0,17.0,83.0,0.5,244.0,,632.0,,
MIR,2024-10-04 06:00:00,6,4,10,0.0,0.072,0.04,0.112,,1.433,132.0,75.0,26.0,17.0,84.0,1.2,186.0,,632.0,,
MIR,2024-10-04 07:00:00,7,4,10,0.0,0.096,0.042,0.138,,1.958,110.0,53.0,26.0,17.0,84.0,0.9,181.0,,632.0,,
MIR,2024-10-04 08:00:00,8,4,10,0.004,0.049,0.045,0.094,,1.515,138.0,58.0,26.0,19.0,77.0,0.5,134.0,,633.0,,
MIR,2024-10-04 09:00:00,9,4,10,0.021,0.02,0.037,0.057,,0.995,98.0,43.0,26.0,21.0,69.0,0.5,105.0,,633.0,,
MIR,2024-10-04 10:00:00,10,4,10,0.038,0.008,0.031,0.038,,0.73,75.0,30.0,25.0,23.0,63.0,1.0,146.0,,633.0,,
MIR,2024-10-04 11:00:00,11,4,10,0.06,0.004,0.022,0.026,,0.557,69.0,26.0,25.0,24.0,58.0,1.4,116.0,,633.0,,
MIR,2024-10-04 12:00:00,12,4,10,0.076,0.002,0.016,0.018,,0.49,66.0,26.0,25.0,25.0,52.0,1.4,131.0,,632.0,,
MIR,2024-10-04 13:00:00,13,4,10,0.082,0.001,0.017,0.018,,0.463,53.0,27.0,26.0,27.0,44.0,1.5,123.0,,632.0,,
MIR,2024-10-04 14:00:00,14,4,10,0.064,0.002,0.016,0.018,,0.397,55.0,22.0,25.0,28.0,33.0,1.5,85.0,,631.0,,
MIR,2024-10-04 15:00:00,15,4,10,0.059,0.001,0.013,0.015,,0.372,32.0,8.0,25.0,28.0,31.0,1.3,43.0,,631.0,,
MIR,2024-10-04 16:00:00,16,4,10,0.052,0.002,0.018,0.02,,0.415,28.0,12.0,26.0,29.0,30.0,1.3,103.0,,630.0,,
MIR,2024-10-04 17:00:00,17,4,10,0.041,0.003,0.023,0.026,,0.511,32.0,7.0,26.0,28.0,32.0,1.3,93.0,,630.0,,
MIR,2024-10-04 18:00:00,18,4,10,0.033,0.002,0.04,0.042,,0.865,39.0,11.0,26.0,26.0,42.0,1.0,139.0,,631.0,,
MIR,2024-10-04 19:00:00,19,4,10,0.022,0.003,0.052,0.055,,1.085,71.0,23.0,26.0,25.0,47.0,1.4,177.0,,631.0,,
MIR,2024-10-04 20:00:00,20,4,10,0.004,0.023,0.067,0.09,,1.656,87.0,30.0,26.0,24.0,51.0,0.6,165.0,,632.0,,
MIR,2024-10-04 21:00:00,21,4,10,0.001,0.046,0.071,0.117,,2.122,149.0,43.0,26.0,23.0,56.0,0.1,125.0,,632.0,,
MIR,2024-10-04 22:00:00,22,4,10,0.0,0.043,0.069,0.112,,2.292,137.0,42.0,26.0,22.0,62.0,0.2,323.0,,632.0,,
MIR,2024-10-04 23:00:00,23,4,10,0.0,0.044,0.065,0.109,,2.432,121.0,36.0,26.0,22.0,65.0,0.3,194.0,,632.0,,
MIR,2024-10-05 00:00:00,0,5,10,0.0,0.045,0.059,0.103,,2.113,155.0,56.0,26.0,21.0,66.0,0.3,187.0,,632.0,,
MIR,2024-10-05 01:00:00,1,5,10,0.0,0.03,0.052,0.081,,1.926,213.0,84.0,26.0,20.0,72.0,1.1,186.0,,632.0,,
MIR,2024-10-05 02:00:00,2,5,10,0.0,0.04,0.047,0.086,,1.701,194.0,90.0,26.0,19.0,79.0,0.2,157.0,,632.0,,
MIR,2024-10-05 03:00:00,3,5,10,0.0,0.02,0.043,0.063,,1.085,181.0,77.0,26.0,18.0,81.0,0.5,190.0,,632.0,,
MIR,2024-10-05 04:00:00,4,5,10,0.0,0.032,0.038,0.07,,1.271,93.0,45.0,26.0,18.0,88.0,0.1,19.0,,632.0,,
MIR,2024-10-05 05:00:00,5,5,10,,0.057,0.036,0.094,,1.331,108.0,43.0,26.0,18.0,89.0,0.3,162.0,,632.0,,
MIR,2024-10-05 06:00:00,6,5,10,0.0,0.051,0.033,0.083,,1.438,110.0,59.0,26.0,17.0,87.0,0.2,242.0,,632.0,,
MIR,2024-10-05 07:00:00,7,5,10,0.0,0.043,0.037,0.08,,1.22,108.0,57.0,26.0,18.0,77.0,0.2,6.0,,633.0,,
MIR,2024-10-05 08:00:00,8,5,10,0.011,0.018,0.032,0.05,,0.828,63.0,29.0,26.0,21.0,63.0,0.6,53.0,,633.0,,
MIR,2024-10-05 09:00:00,9,5,10,0.027,0.009,0.022,0.031,,0.613,55.0,20.0,26.0,22.0,50.0,1.8,80.0,,633.0,,
MIR,2024-10-05 10:00:00,10,5,10,0.036,0.005,0.016,0.02,,0.42,50.0,14.0,25.0,23.0,48.0,2.0,60.0,,634.0,,
MIR,2024-10-05 11:00:00,11,5,10,0.041,0.003,0.013,0.016,,0.371,41.0,12.0,25.0,23.0,45.0,2.3,58.0,,626.0,,
MIR,2024-10-05 12:00:00,12,5,10,0.047,0.002,0.011,0.014,,0.361,30.0,11.0,25.0,26.0,42.0,2.2,79.0,,632.0,,
MIR,2024-10-05 13:00:00,13,5,10,0.048,0.002,0.012,0.014,,0.376,29.0,14.0,25.0,27.0,40.0,1.4,104.0,,632.0,,
MIR,2024-10-05 14:00:00,14,5,10,0.046,0.002,0.012,0.014,,0.391,25.0,11.0,25.0,28.0,35.0,1.8,91.0,,631.0,,
MIR,2024-10-05 15:00:00,15,5,10,0.043,0.002,0.012,0.015,,0.394,29.0,12.0,26.0,28.0,36.0,1.9,58.0,,631.0,,
MIR,2024-10-05 16:00:00,16,5,10,0.042,0.002,0.015,0.017,,0.429,26.0,9.0,25.0,27.0,36.0,1.7,72.0,,630.0,,
MIR,2024-10-05 17:00:00,17,5,10,0.043,0.002,0.015,0.017,,0.454,32.0,10.0,26.0,27.0,39.0,1.7,58.0,,630.0,,
MIR,2024-10-05 18:00:00,18,5,10,0.036,0.001,0.019,0.02,,0.582,33.0,13.0,26.0,26.0,43.0,1.1,41.0,,631.0,,
MIR,2024-10-05 19:00:00,19,5,10,0.013,0.002,0.037,0.039,,0.911,33.0,10.0,26.0,25.0,48.0,0.2,25.0,,631.0,,
MIR,2024-10-05 20:00:00,20,5,10,0.002,0.026,0.05,0.076,,1.5,40.0,17.0,26.0,25.0,50.0,0.1,335.0,,632.0,,
MIR,2024-10-05 21:00:00,21,5,10,0.0,0.04,0.052,0.092,,1.871,65.0,23.0,26.0,24.0,53.0,0.2,143.0,,632.0,,
MIR,2024-10-05 22:00:00,22,5,10,0.009,0.032,0.046,0.077,,1.558,109.0,31.0,26.0,24.0,55.0,0.4,128.0,,632.0,,
MIR,2024-10-05 23:00:00,23,5,10,0.038,0.001,0.018,0.019,,0.518,73.0,32.0,26.0,23.0,57.0,2.0,271.0,,632.0,,
MIR,2024-10-06 00:00:00,0,6,10,0.037,0.0,0.013,0.013,,0.397,40.0,17.0,26.0,22.0,66.0,1.1,269.0,,632.0,,
MIR,2024-10-06 01:00:00,1,6,10,0.027,0.0,0.01,0.01,,0.351,28.0,12.0,26.0,21.0,82.0,1.9,281.0,,632.0,,
MIR,2024-10-06 02:00:00,2,6,10,0.025,0.0,0.009,0.01,,0.347,21.0,7.0,26.0,21.0,84.0,1.4,260.0,,632.0,,
MIR,2024-10-06 03:00:00,3,6,10,0.024,0.0,0.007,0.008,,0.304,21.0,10.0,26.0,20.0,89.0,1.8,283.0,,632.0,,
MIR,2024-10-06 04:00:00,4,6,10,0.02,0.0,0.01,0.01,,0.368,16.0,10.0,26.0,20.0,86.0,0.5,313.0,,632.0,,
MIR,2024-10-06 05:00:00,5,6,10,0.021,0.001,0.01,0.011,,0.37,15.0,9.0,26.0,20.0,86.0,0.5,294.0,,632.0,,
MIR,2024-10-06 06:00:00,6,6,10,0.017,0.001,0.012,0.013,,0.432,13.0,8.0,26.0,20.0,87.0,0.2,351.0,,632.0,,
MIR,2024-10-06 07:00:00,7,6,10,0.018,0.001,0.015,0.016,,0.434,17.0,6.0,26.0,20.0,86.0,0.5,338.0,,632.0,,
MIR,2024-10-06 08:00:00,8,6,10,0.021,0.003,0.013,0.016,,0.447,22.0,8.0,26.0,21.0,78.0,1.1,22.0,,633.0,,
MIR,2024-10-06 09:00:00,9,6,10,0.028,0.003,0.013,0.016,,0.437,28.0,12.0,26.0,22.0,71.0,1.6,76.0,,633.0,,
MIR,2024-10-06 10:00:00,10,6,10,0.04,0.002,0.013,0.015,,0.429,36.0,14.0,25.0,24.0,66.0,1.7,100.0,,633.0,,
MIR,2024-10-06 11:00:00,11,6,10,0.045,0.002,0.011,0.013,,0.416,32.0,16.0,26.0,25.0,61.0,2.1,133.0,,633.0,,
MIR,2024-10-06 12:00:00,12,6,10,0.042,0.002,0.012,0.014,,0.43,36.0,11.0,25.0,25.0,59.0,1.9,154.0,,632.0,,
MIR,2024-10-06 13:00:00,13,6,10,0.045,0.002,0.011,0.013,,0.391,33.0,17.0,26.0,26.0,56.0,1.8,155.0,,631.0,,
MIR,2024-10-06 14:00:00,14,6,10,0.041,0.001,0.01,0.012,,0.42,36.0,15.0,26.0,26.0,52.0,1.6,159.0,,631.0,,
MIR,2024-10-06 15:00:00,15,6,10,0.03,0.003,0.017,0.02,,0.532,29.0,12.0,26.0,25.0,62.0,2.3,186.0,,631.0,,
MIR,2024-10-06 16:00:00,16,6,10,0.013,0.015,0.025,0.04,,0.58,54.0,17.0,26.0,23.0,65.0,1.7,188.0,,630.0,,
MIR,2024-10-06 17:00:00,17,6,10,0.016,0.008,0.026,0.034,,0.653,61.0,12.0,26.0,24.0,59.0,1.0,185.0,,630.0,,
MIR,2024-10-06 18:00:00,18,6,10,0.011,0.003,0.03,0.033,,0.728,42.0,11.0,26.0,24.0,63.0,0.2,259.0,,631.0,,
MIR,2024-10-06 19:00:00,19,6,10,,,,,,,,16.0,,,,,,,,,
MIR,2024-10-06 20:00:00,20,6,10,,,,,,,,11.0,,,,,,,,,
MIR,2024-10-06 21:00:00,21,6,10,,,,,,,,9.0,,,,,,,,,
MIR,2024-10-06 22:00:00,22,6,10,,,,,,,,10.0,,,,,,,,,
MIR,2024-10-06 23:00:00,23,6,10,,,,,,,,10.0,,,,,,,,,
MIR,2024-10-07 00:00:00,0,7,10,,,,,,,,13.0,,,,,,,,,
MIR,2024-10-07 01:00:00,1,7,10,,,,,,,,7.0,,,,,,,,,
MIR,2024-10-07 02:00:00,2,7,10,,,,,,,,8.0,,,,,,,,,
MIR,2024-10-07 03:00:00,3,7,10,,,,,,,,8.0,,,,,,,,,
MIR,2024-10-07 04:00:00,4,7,10,,,,,,,,4.0,,,,,,,,,
MIR,2024-10-07 05:00:00,5,7,10,,,,,,,,3.0,,,,,,,,,
MIR,2024-10-07 06:00:00,6,7,10,,,,,,,,9.0,,,,,,,,,
MIR,2024-10-07 07:00:00,7,7,10,,,,,,,,9.0,,,,,,,,,
MIR,2024-10-07 08:00:00,8,7,10,,,,,,,,9.0,,,,,,,,,
MIR,2024-10-07 09:00:00,9,7,10,,,,,,,,7.0,,,,,,,,,
MIR,2024-10-07 10:00:00,10,7,10,,,,,,,,3.0,,,,,,,,,
MIR,2024-10-07 11:00:00,11,7,10,0.028,0.005,0.011,0.017,,0.408,22.0,3.0,26.0,23.0,61.0,2.6,133.0,,633.0,,
MIR,2024-10-07 12:00:00,12,7,10,0.03,0.004,0.012,0.016,,0.408,26.0,4.0,26.0,24.0,57.0,2.2,141.0,,632.0,,
MIR,2024-10-07 13:00:00,13,7,10,0.032,0.003,0.013,0.016,,0.419,26.0,3.0,26.0,24.0,55.0,2.2,132.0,,631.0,,
MIR,2024-10-07 14:00:00,14,7,10,0.033,0.004,0.014,0.018,,0.404,22.0,3.0,25.0,25.0,55.0,1.9,153.0,,631.0,,
MIR,2024-10-07 15:00:00,15,7,10,0.031,0.004,0.014,0.018,,0.419,23.0,7.0,26.0,25.0,55.0,2.0,145.0,,630.0,,
MIR,2024-10-07 16:00:00,16,7,10,0.027,0.003,0.018,0.021,,0.522,17.0,6.0,26.0,23.0,63.0,2.3,191.0,,630.0,,
MIR,2024-10-07 17:00:00,17,7,10,0.02,0.004,0.021,0.025,,0.59,37.0,7.0,26.0,22.0,68.0,2.6,167.0,,631.0,,
MIR,2024-10-07 18:00:00,18,7,10,0.015,0.004,0.024,0.028,,0.709,42.0,12.0,26.0,21.0,77.0,1.6,162.0,,631.0,,
MIR,2024-10-07 19:00:00,19,7,10,0.01,0.006,0.024,0.03,,0.671,33.0,10.0,26.0,20.0,77.0,1.9,170.0,,631.0,,
MIR,2024-10-07 20:00:00,20,7,10,0.007,0.007,0.025,0.032,,0.701,33.0,13.0,26.0,20.0,83.0,1.3,153.0,,631.0,,
MIR,2024-10-07 21:00:00,21,7,10,0.005,0.009,0.028,0.037,,0.732,30.0,9.0,26.0,20.0,82.0,1.1,143.0,,632.0,,
MIR,2024-10-07 22:00:00,22,7,10,0.01,0.005,0.021,0.026,,0.566,40.0,10.0,26.0,20.0,84.0,0.5,144.0,,632.0,,
MIR,2024-10-07 23:00:00,23,7,10,0.009,0.002,0.02,0.022,,0.538,17.0,7.0,26.0,19.0,86.0,0.4,104.0,,632.0,,
MIR,2024-10-08 00:00:00,0,8,10,0.005,0.004,0.025,0.028,,0.564,25.0,9.0,26.0,20.0,84.0,0.2,29.0,,632.0,,
MIR,2024-10-08 01:00:00,1,8,10,0.007,0.002,0.022,0.024,,0.501,29.0,11.0,26.0,20.0,84.0,0.7,67.0,,632.0,,
MIR,2024-10-08 02:00:00,2,8,10,0.012,0.002,0.018,0.019,,0.369,26.0,11.0,26.0,19.0,85.0,0.5,56.0,,631.0,,
MIR,2024-10-08 03:00:00,3,8,10,0.011,0.001,0.016,0.017,,0.377,15.0,8.0,26.0,19.0,85.0,0.1,178.0,,631.0,,
MIR,2024-10-08 04:00:00,4,8,10,0.003,0.002,0.022,0.024,,0.451,20.0,8.0,26.0,19.0,88.0,0.5,167.0,,631.0,,
MIR,2024-10-08 05:00:00,5,8,10,0.001,0.017,0.024,0.041,,0.651,31.0,11.0,26.0,19.0,90.0,0.3,133.0,,631.0,,
MIR,2024-10-08 06:00:00,6,8,10,0.001,0.015,0.023,0.038,,0.658,41.0,20.0,26.0,19.0,92.0,1.0,59.0,,631.0,,
MIR,2024-10-08 07:00:00,7,8,10,0.003,0.018,0.022,0.04,,0.836,26.0,8.0,26.0,19.0,92.0,1.3,84.0,,632.0,,
MIR,2024-10-08 08:00:00,8,8,10,0.005,0.017,0.021,0.038,,0.844,18.0,11.0,26.0,20.0,87.0,1.5,78.0,,632.0,,
MIR,2024-10-08 09:00:00,9,8,10,0.009,0.014,0.016,0.03,,0.592,30.0,10.0,26.0,21.0,82.0,1.8,114.0,,632.0,,
MIR,2024-10-08 10:00:00,10,8,10,0.014,0.008,0.016,0.025,,0.497,35.0,10.0,26.0,21.0,75.0,1.8,122.0,,632.0,,
MIR,2024-10-08 11:00:00,11,8,10,0.024,0.004,0.011,0.015,,0.412,29.0,9.0,25.0,22.0,69.0,1.2,162.0,,632.0,,
MIR,2024-10-08 12:00:00,12,8,10,0.03,0.003,0.012,0.015,,0.384,24.0,9.0,26.0,23.0,63.0,1.1,125.0,,632.0,,
MIR,2024-10-08 13:00:00,13,8,10,0.029,0.003,0.016,0.019,,0.427,26.0,10.0,25.0,24.0,61.0,1.3,70.0,,631.0,,
MIR,2024-10-08 14:00:00,14,8,10,0.024,0.005,0.021,0.027,,0.583,30.0,10.0,25.0,23.0,67.0,1.8,57.0,,630.0,,
MIR,2024-10-08 15:00:00,15,8,10,0.025,0.005,0.019,0.024,,0.582,32.0,16.0,26.0,23.0,69.0,1.4,45.0,,630.0,,
MIR,2024-10-08 16:00:00,16,8,10,0.022,0.003,0.021,0.024,,0.598,31.0,10.0,26.0,23.0,67.0,0.7,39.0,,630.0,,
MIR,2024-10-08 17:00:00,17,8,10,0.01,0.005,0.03,0.035,,0.807,35.0,12.0,26.0,22.0,76.0,0.4,2.0,,630.0,,
MIR,2024-10-08 18:00:00,18,8,10,0.002,0.017,0.034,0.051,,1.286,34.0,14.0,26.0,21.0,91.0,0.2,3.0,,631.0,,
MIR,2024-10-08 19:00:00,19,8,10,,0.043,0.038,0.081,,1.475,25.0,16.0,26.0,21.0,90.0,0.2,8.0,,631.0,,
MIR,2024-10-08 20:00:00,20,8,10,0.001,0.016,0.035,0.051,,1.242,33.0,13.0,26.0,20.0,90.0,0.6,295.0,,632.0,,
MIR,2024-10-08 21:00:00,21,8,10,0.002,0.008,0.028,0.036,,0.94,27.0,14.0,26.0,20.0,93.0,0.2,251.0,,632.0,,
MIR,2024-10-08 22:00:00,22,8,10,0.007,0.003,0.021,0.024,,0.627,14.0,11.0,26.0,20.0,91.0,0.2,279.0,,632.0,,
MIR,2024-10-08 23:00:00,23,8,10,0.013,0.001,0.014,0.016,,0.484,9.0,10.0,26.0,19.0,91.0,0.9,261.0,,632.0,,
MIR,2024-10-09 00:00:00,0,9,10,0.008,0.004,0.017,0.021,,0.563,11.0,7.0,26.0,19.0,91.0,0.4,78.0,,632.0,,
MIR,2024-10-09 01:00:00,1,9,10,0.01,0.003,0.017,0.02,,0.429,15.0,13.0,26.0,18.0,96.0,1.5,166.0,,633.0,,
MIR,2024-10-09 02:00:00,2,9,10,0.022,0.001,0.01,0.011,,0.359,15.0,7.0,26.0,18.0,94.0,1.3,141.0,,633.0,,
MIR,2024-10-09 03:00:00,3,9,10,0.019,0.001,0.012,0.012,,0.375,11.0,7.0,26.0,17.0,95.0,1.2,127.0,,632.0,,
MIR,2024-10-09 04:00:00,4,9,10,0.015,0.001,0.015,0.017,,0.428,15.0,5.0,26.0,17.0,96.0,0.8,85.0,,632.0,,
MIR,2024-10-09 05:00:00,5,9,10,0.013,0.002,0.017,0.019,,0.48,11.0,6.0,26.0,17.0,97.0,0.6,56.0,,632.0,,
MIR,2024-10-09 06:00:00,6,9,10,0.003,0.01,0.025,0.036,,0.809,11.0,7.0,26.0,17.0,96.0,0.2,48.0,,633.0,,
MIR,2024-10-09 07:00:00,7,9,10,0.002,0.031,0.029,0.06,,1.134,22.0,11.0,26.0,18.0,91.0,0.7,72.0,,633.0,,
MIR,2024-10-09 08:00:00,8,9,10,0.01,0.014,0.024,0.039,,0.89,37.0,9.0,26.0,19.0,83.0,1.2,66.0,,633.0,,
MIR,2024-10-09 09:00:00,9,9,10,0.015,0.012,0.022,0.034,,0.726,29.0,13.0,26.0,20.0,79.0,1.3,71.0,,634.0,,
MIR,2024-10-09 10:00:00,10,9,10,0.022,0.008,0.017,0.025,,0.564,31.0,9.0,25.0,21.0,70.0,1.9,109.0,,634.0,,
MIR,2024-10-09 11:00:00,11,9,10,0.029,0.006,0.014,0.02,,0.504,33.0,12.0,25.0,22.0,66.0,2.2,101.0,,634.0,,
MIR,2024-10-09 12:00:00,12,9,10,0.034,0.004,0.015,0.019,,0.515,27.0,7.0,23.0,23.0,63.0,1.6,100.0,,633.0,,
MIR,2024-10-09 13:00:00,13,9,10,0.037,0.004,0.019,0.023,,0.525,27.0,9.0,23.0,24.0,56.0,1.8,97.0,,632.0,,
MIR,2024-10-09 14:00:00,14,9,10,0.04,0.003,0.016,0.019,,0.543,26.0,9.0,24.0,25.0,53.0,1.4,98.0,,632.0,,
MIR,2024-10-09 15:00:00,15,9,10,0.038,0.003,0.015,0.018,,0.525,26.0,9.0,24.0,26.0,49.0,1.5,68.0,,631.0,,
MIR,2024-10-09 16:00:00,16,9,10,0.033,0.002,0.017,0.02,,0.613,21.0,6.0,24.0,25.0,51.0,1.3,63.0,,631.0,,
MIR,2024-10-09 17:00:00,17,9,10,0.021,0.006,0.03,0.036,,0.842,24.0,13.0,24.0,25.0,51.0,1.0,78.0,,631.0,,
MIR,2024-10-09 18:00:00,18,9,10,0.004,0.014,0.043,0.057,,1.211,39.0,16.0,24.0,24.0,61.0,0.3,23.0,,632.0,,
MIR,2024-10-09 19:00:00,19,9,10,0.001,0.026,0.044,0.07,,1.516,47.0,13.0,24.0,23.0,66.0,0.3,15.0,,632.0,,
MIR,2024-10-09 20:00:00,20,9,10,0.0,0.039,0.043,0.082,,2.003,77.0,55.0,24.0,22.0,69.0,0.1,314.0,,632.0,,
MIR,2024-10-09 21:00:00,21,9,10,0.0,0.091,0.04,0.131,,2.891,54.0,28.0,24.0,21.0,75.0,0.1,155.0,,633.0,,
MIR,2024-10-09 22:00:00,22,9,10,0.001,0.065,0.036,0.101,,2.261,89.0,26.0,24.0,21.0,77.0,0.4,222.0,,633.0,,
MIR,2024-10-09 23:00:00,23,9,10,0.007,0.015,0.032,0.047,,1.276,110.0,34.0,24.0,21.0,75.0,0.5,357.0,,633.0,,
MIR,2024-10-10 00:00:00,0,10,10,,0.063,0.036,0.099,,1.902,36.0,18.0,24.0,20.0,84.0,0.1,51.0,,633.0,,
MIR,2024-10-10 01:00:00,1,10,10,,0.039,0.037,0.076,,1.249,55.0,22.0,24.0,19.0,84.0,0.3,54.0,,633.0,,
MIR,2024-10-10 02:00:00,2,10,10,0.003,0.007,0.031,0.037,,0.568,58.0,29.0,24.0,19.0,80.0,0.5,63.0,,633.0,,
MIR,2024-10-10 03:00:00,3,10,10,0.005,0.004,0.027,0.031,,0.528,47.0,16.0,24.0,19.0,71.0,0.3,66.0,,633.0,,
MIR,2024-10-10 04:00:00,4,10,10,0.006,0.005,0.028,0.032,,0.511,33.0,11.0,24.0,19.0,60.0,0.5,55.0,,633.0,,
MIR,2024-10-10 05:00:00,5,10,10,0.002,0.014,0.031,0.045,,0.585,33.0,13.0,24.0,19.0,58.0,0.3,91.0,,634.0,,
MIR,2024-10-10 06:00:00,6,10,10,0.003,0.019,0.036,0.054,,0.836,39.0,13.0,23.0,18.0,47.0,0.8,137.0,,634.0,,
MIR,2024-10-10 07:00:00,7,10,10,0.004,0.032,0.034,0.067,,1.134,39.0,13.0,23.0,18.0,44.0,0.6,107.0,,634.0,,
MIR,2024-10-10 08:00:00,8,10,10,0.014,0.02,0.027,0.047,,0.824,50.0,18.0,23.0,20.0,41.0,1.3,104.0,,635.0,,
MIR,2024-10-10 09:00:00,9,10,10,0.022,0.011,0.022,0.033,,0.527,51.0,13.0,23.0,21.0,37.0,1.9,89.0,,635.0,,
MIR,2024-10-10 10:00:00,10,10,10,0.031,0.007,0.017,0.025,,0.403,37.0,10.0,23.0,22.0,28.0,2.4,94.0,,635.0,,
MIR,2024-10-10 11:00:00,11,10,10,0.037,0.006,0.015,0.021,,0.351,37.0,9.0,23.0,23.0,30.0,2.3,112.0,,635.0,,
MIR,2024-10-10 12:00:00,12,10,10,0.045,0.004,0.015,0.019,,0.317,29.0,6.0,23.0,25.0,24.0,2.4,107.0,,634.0,,
MIR,2024-10-10 13:00:00,13,10,10,0.049,0.004,0.015,0.019,,0.331,29.0,4.0,23.0,26.0,22.0,2.1,103.0,,634.0,,
MIR,2024-10-10 14:00:00,14,10,10,0.052,0.002,0.014,0.016,,0.316,23.0,4.0,23.0,27.0,22.0,1.7,121.0,,633.0,,
MIR,2024-10-10 15:00:00,15,10,10,0.054,0.002,0.014,0.016,,0.353,27.0,4.0,23.0,27.0,22.0,2.0,109.0,,633.0,,
MIR,2024-10-10 16:00:00,16,10,10,0.05,0.002,0.014,0.017,,0.374,22.0,10.0,23.0,28.0,20.0,1.8,78.0,,632.0,,
MIR,2024-10-10 17:00:00,17,10,10,0.042,0.003,0.019,0.022,,0.419,18.0,6.0,23.0,27.0,20.0,1.8,76.0,,633.0,,
MIR,2024-10-10 18:00:00,18,10,10,0.031,0.002,0.031,0.033,,0.687,24.0,2.0,23.0,25.0,28.0,1.0,169.0,,633.0,,
MIR,2024-10-10 19:00:00,19,10,10,0.017,0.003,0.046,0.049,,1.043,46.0,13.0,23.0,24.0,32.0,0.8,195.0,,633.0,,
MIR,2024-10-10 20:00:00,20,10,10,0.014,0.01,0.045,0.055,,1.155,72.0,20.0,23.0,22.0,37.0,0.2,241.0,,633.0,,
MIR,2024-10-10 21:00:00,21,10,10,0.002,0.051,0.059,0.11,,1.967,41.0,16.0,23.0,21.0,42.0,0.1,188.0,,634.0,,
MIR,2024-10-10 22:00:00,22,10,10,0.0,0.135,0.059,0.194,,3.4,90.0,26.0,23.0,20.0,51.0,0.1,231.0,,634.0,,
MIR,2024-10-10 23:00:00,23,10,10,0.0,0.106,0.058,0.164,,2.583,239.0,78.0,23.0,19.0,50.0,0.2,346.0,,634.0,,
MIR,2024-10-11 00:00:00,0,11,10,0.001,0.032,0.049,0.081,,1.256,112.0,38.0,23.0,19.0,50.0,0.4,117.0,,635.0,,
MIR,2024-10-11 01:00:00,1,11,10,0.001,0.01,0.042,0.052,,0.694,86.0,34.0,23.0,17.0,52.0,0.3,219.0,,635.0,,
MIR,2024-10-11 02:00:00,2,11,10,0.004,0.004,0.036,0.04,,0.555,77.0,26.0,23.0,17.0,50.0,0.1,343.0,,635.0,,
MIR,2024-10-11 03:00:00,3,11,10,0.006,0.002,0.032,0.034,,0.461,39.0,19.0,23.0,16.0,51.0,0.1,10.0,,635.0,,
MIR,2024-10-11 04:00:00,4,11,10,0.004,0.003,0.033,0.036,,0.494,34.0,14.0,23.0,15.0,53.0,0.1,326.0,,635.0,,
MIR,2024-10-11 05:00:00,5,11,10,0.0,0.027,0.038,0.064,,0.637,32.0,17.0,23.0,15.0,54.0,0.3,180.0,,635.0,,
MIR,2024-10-11 06:00:00,6,11,10,0.0,0.045,0.039,0.085,,0.997,78.0,22.0,23.0,14.0,56.0,0.1,112.0,,635.0,,
MIR,2024-10-11 07:00:00,7,11,10,0.002,0.051,0.04,0.091,,1.358,56.0,23.0,23.0,16.0,50.0,0.6,104.0,,636.0,,
MIR,2024-10-11 08:00:00,8,11,10,0.016,0.019,0.03,0.049,,0.742,52.0,10.0,23.0,18.0,44.0,1.6,73.0,,636.0,,
MIR,2024-10-11 09:00:00,9,11,10,,,,,,,,8.0,,,,,,,,,
MIR,2024-10-11 10:00:00,10,11,10,0.038,0.006,0.016,0.022,,0.378,43.0,8.0,23.0,21.0,34.0,2.3,93.0,,636.0,,
MIR,2024-10-11 11:00:00,11,11,10,0.032,0.005,0.016,0.021,,0.345,30.0,10.0,22.0,22.0,33.0,2.0,92.0,,636.0,,
MIR,2024-10-11 12:00:00,12,11,10,0.048,0.003,0.015,0.018,,0.316,36.0,9.0,23.0,24.0,32.0,1.7,93.0,,635.0,,
MIR,2024-10-11 13:00:00,13,11,10,0.051,0.003,0.014,0.017,,0.325,30.0,9.0,23.0,25.0,29.0,1.6,88.0,,634.0,,
MIR,2024-10-11 14:00:00,14,11,10,0.05,0.003,0.014,0.017,,0.318,33.0,9.0,23.0,26.0,27.0,2.0,88.0,,633.0,,
MIR,2024-10-11 15:00:00,15,11,10,0.049,0.003,0.014,0.017,,0.312,21.0,9.0,23.0,27.0,24.0,3.0,63.0,,633.0,,
MIR,2024-10-11 16:00:00,16,11,10,0.049,0.003,0.018,0.02,,0.378,36.0,6.0,23.0,27.0,24.0,2.8,91.0,,632.0,,
MIR,2024-10-11 17:00:00,17,11,10,0.044,0.003,0.023,0.026,,0.477,33.0,9.0,23.0,27.0,25.0,2.0,99.0,,632.0,,
MIR,2024-10-11 18:00:00,18,11,10,0.018,0.01,0.054,0.064,,1.235,34.0,8.0,23.0,25.0,35.0,0.5,146.0,,632.0,,
MIR,2024-10-11 19:00:00,19,11,10,0.003,0.026,0.067,0.093,,1.756,102.0,26.0,23.0,23.0,42.0,0.9,178.0,,633.0,,
MIR,2024-10-11 20:00:00,20,11,10,0.0,0.081,0.07,0.151,,2.61,158.0,40.0,23.0,22.0,46.0,1.0,179.0,,633.0,,
MIR,2024-10-11 21:00:00,21,11,10,0.0,0.1,0.065,0.165,,2.718,256.0,69.0,23.0,21.0,52.0,0.2,60.0,,634.0,,
MIR,2024-10-11 22:00:00,22,11,10,0.0,0.054,0.059,0.112,,2.254,211.0,65.0,23.0,20.0,54.0,0.8,182.0,,634.0,,
MIR,2024-10-11 23:00:00,23,11,10,0.002,0.016,0.052,0.068,,1.323,193.0,64.0,23.0,19.0,51.0,0.2,160.0,,634.0,,
MIR,2024-10-12 00:00:00,0,12,10,0.0,0.046,0.053,0.098,,1.586,88.0,30.0,23.0,18.0,60.0,0.8,173.0,,635.0,,
MIR,2024-10-12 01:00:00,1,12,10,0.0,0.029,0.046,0.076,,1.11,148.0,58.0,23.0,17.0,60.0,0.5,179.0,,635.0,,
MIR,2024-10-12 02:00:00,2,12,10,0.0,0.013,0.045,0.058,,0.861,116.0,50.0,23.0,17.0,58.0,0.2,178.0,,635.0,,
MIR,2024-10-12 03:00:00,3,12,10,0.003,0.005,0.035,0.04,,0.747,77.0,47.0,23.0,16.0,57.0,0.8,172.0,,635.0,,
MIR,2024-10-12 04:00:00,4,12,10,0.004,0.006,0.034,0.04,,0.55,64.0,39.0,23.0,15.0,53.0,0.3,147.0,,635.0,,
MIR,2024-10-12 05:00:00,5,12,10,0.006,0.01,0.036,0.045,,0.49,50.0,24.0,23.0,15.0,49.0,0.5,113.0,,635.0,,
MIR,2024-10-12 06:00:00,6,12,10,0.001,0.031,0.04,0.07,,0.927,40.0,19.0,23.0,14.0,52.0,0.4,143.0,,635.0,,
MIR,2024-10-12 07:00:00,7,12,10,0.009,0.013,0.034,0.048,,0.645,63.0,33.0,23.0,16.0,45.0,1.2,77.0,,635.0,,
MIR,2024-10-12 08:00:00,8,12,10,0.021,0.01,0.023,0.033,,0.503,34.0,11.0,23.0,17.0,43.0,1.8,87.0,,636.0,,
MIR,2024-10-12 09:00:00,9,12,10,0.028,0.008,0.021,0.028,,0.437,41.0,13.0,23.0,19.0,39.0,2.1,105.0,,636.0,,
MIR,2024-10-12 10:00:00,10,12,10,0.036,0.006,0.016,0.023,,0.335,53.0,16.0,23.0,20.0,35.0,2.3,120.0,,636.0,,
MIR,2024-10-12 11:00:00,11,12,10,0.044,0.003,0.014,0.017,,0.316,33.0,11.0,23.0,21.0,36.0,1.9,114.0,,636.0,,
MIR,2024-10-12 12:00:00,12,12,10,0.05,0.003,0.015,0.017,,0.335,33.0,11.0,23.0,23.0,34.0,1.6,89.0,,635.0,,
MIR,2024-10-12 13:00:00,13,12,10,0.053,0.003,0.015,0.018,,0.347,31.0,12.0,23.0,24.0,31.0,1.7,94.0,,634.0,,
MIR,2024-10-12 14:00:00,14,12,10,0.052,0.002,0.012,0.014,,0.314,35.0,12.0,23.0,25.0,30.0,1.8,71.0,,633.0,,
MIR,2024-10-12 15:00:00,15,12,10,0.046,0.002,0.013,0.015,,0.316,26.0,11.0,23.0,26.0,28.0,2.3,84.0,,633.0,,
MIR,2024-10-12 16:00:00,16,12,10,0.044,0.003,0.014,0.017,,0.322,21.0,12.0,23.0,26.0,28.0,2.4,85.0,,632.0,,
MIR,2024-10-12 17:00:00,17,12,10,0.044,0.002,0.016,0.019,,0.392,26.0,11.0,23.0,25.0,28.0,2.1,89.0,,632.0,,
MIR,2024-10-12 18:00:00,18,12,10,0.029,0.003,0.034,0.037,,0.701,29.0,9.0,23.0,24.0,36.0,1.4,129.0,,632.0,,
MIR,2024-10-12 19:00:00,19,12,10,0.015,0.004,0.048,0.052,,0.971,62.0,20.0,23.0,22.0,48.0,1.4,179.0,,633.0,,
MIR,2024-10-12 20:00:00,20,12,10,0.009,0.006,0.049,0.055,,1.062,95.0,34.0,23.0,20.0,51.0,1.4,181.0,,633.0,,
MIR,2024-10-12 21:00:00,21,12,10,0.013,0.004,0.044,0.048,,0.932,101.0,33.0,23.0,20.0,52.0,0.5,197.0,,634.0,,
MIR,2024-10-12 22:00:00,22,12,10,0.0,0.045,0.056,0.101,,2.022,107.0,33.0,23.0,19.0,58.0,0.2,329.0,,634.0,,
MIR,2024-10-12 23:00:00,23,12,10,0.0,0.07,0.052,0.121,,2.741,110.0,39.0,23.0,18.0,61.0,0.1,311.0,,634.0,,
MIR,2024-10-13 00:00:00,0,13,10,0.004,0.031,0.045,0.076,,1.598,109.0,42.0,23.0,18.0,57.0,0.3,36.0,,634.0,,
MIR,2024-10-13 01:00:00,1,13,10,0.012,0.003,0.03,0.033,,0.711,63.0,25.0,23.0,17.0,55.0,0.1,69.0,,635.0,,
MIR,2024-10-13 02:00:00,2,13,10,0.009,0.004,0.03,0.034,,0.536,45.0,16.0,23.0,16.0,60.0,0.2,15.0,,635.0,,
MIR,2024-10-13 03:00:00,3,13,10,0.019,0.001,0.019,0.02,,0.399,37.0,16.0,23.0,16.0,59.0,0.5,34.0,,634.0,,
MIR,2024-10-13 04:00:00,4,13,10,0.017,0.001,0.019,0.02,,0.381,36.0,26.0,23.0,15.0,61.0,0.3,70.0,,635.0,,
MIR,2024-10-13 05:00:00,5,13,10,0.013,0.001,0.024,0.025,,0.408,35.0,11.0,23.0,15.0,65.0,0.4,78.0,,635.0,,
MIR,2024-10-13 06:00:00,6,13,10,0.002,0.007,0.03,0.037,,0.741,32.0,20.0,23.0,14.0,71.0,0.4,173.0,,635.0,,
MIR,2024-10-13 07:00:00,7,13,10,0.007,0.009,0.031,0.04,,0.691,52.0,27.0,23.0,15.0,64.0,0.3,74.0,,636.0,,
MIR,2024-10-13 08:00:00,8,13,10,0.026,0.004,0.014,0.018,,0.399,40.0,17.0,23.0,17.0,59.0,1.6,71.0,,636.0,,
MIR,2024-10-13 09:00:00,9,13,10,0.031,0.003,0.013,0.016,,0.389,26.0,15.0,23.0,18.0,55.0,1.9,85.0,,636.0,,
MIR,2024-10-13 10:00:00,10,13,10,0.038,0.003,0.011,0.014,,0.32,29.0,10.0,23.0,20.0,50.0,1.8,91.0,,636.0,,
MIR,2024-10-13 11:00:00,11,13,10,0.044,0.002,0.011,0.013,,0.345,28.0,10.0,23.0,21.0,48.0,1.8,114.0,,636.0,,
MIR,2024-10-13 12:00:00,12,13,10,0.051,0.002,0.011,0.013,,0.343,26.0,15.0,23.0,23.0,44.0,1.6,102.0,,635.0,,
MIR,2024-10-13 13:00:00,13,13,10,0.056,0.001,0.011,0.013,,0.338,29.0,8.0,23.0,25.0,38.0,1.2,112.0,,634.0,,
MIR,2024-10-13 14:00:00,14,13,10,0.062,0.001,0.011,0.012,,0.338,35.0,15.0,23.0,25.0,35.0,1.1,96.0,,633.0,,
MIR,2024-10-13 15:00:00,15,13,10,0.064,0.001,0.011,0.012,,0.362,27.0,11.0,23.0,26.0,32.0,1.3,117.0,,633.0,,
MIR,2024-10-13 16:00:00,16,13,10,0.062,0.001,0.011,0.012,,0.369,31.0,13.0,23.0,26.0,30.0,1.1,164.0,,633.0,,
MIR,2024-10-13 17:00:00,17,13,10,0.058,0.001,0.014,0.014,,0.412,32.0,12.0,23.0,26.0,30.0,0.5,164.0,,633.0,,
MIR,2024-10-13 18:00:00,18,13,10,0.039,0.001,0.03,0.031,,0.785,32.0,13.0,23.0,25.0,35.0,0.2,153.0,,633.0,,
MIR,2024-10-13 19:00:00,19,13,10,0.014,0.003,0.052,0.055,,1.335,60.0,27.0,23.0,23.0,42.0,0.3,229.0,,634.0,,
MIR,2024-10-13 20:00:00,20,13,10,0.012,0.005,0.051,0.056,,1.533,76.0,30.0,23.0,21.0,47.0,0.4,292.0,,634.0,,
MIR,2024-10-13 21:00:00,21,13,10,0.0,0.038,0.063,0.102,,2.657,66.0,31.0,23.0,20.0,53.0,0.3,267.0,,635.0,,
MIR,2024-10-13 22:00:00,22,13,10,0.0,0.096,0.057,0.153,,3.508,109.0,37.0,23.0,20.0,57.0,0.3,176.0,,635.0,,
MIR,2024-10-13 23:00:00,23,13,10,0.0,0.061,0.054,0.115,,2.926,254.0,88.0,23.0,19.0,60.0,0.3,224.0,,635.0,,
MIR,2024-10-14 00:00:00,0,14,10,,0.078,0.048,0.126,,2.879,195.0,68.0,23.0,18.0,67.0,0.7,180.0,,635.0,,
MIR,2024-10-14 01:00:00,1,14,10,0.0,0.057,0.044,0.102,,2.085,240.0,99.0,23.0,17.0,70.0,0.1,146.0,,635.0,,
MIR,2024-10-14 02:00:00,2,14,10,0.0,0.047,0.043,0.09,,1.841,141.0,69.0,23.0,17.0,71.0,0.5,157.0,,635.0,,
MIR,2024-10-14 03:00:00,3,14,10,0.0,0.029,0.042,0.072,,1.476,140.0,80.0,23.0,17.0,72.0,0.2,194.0,,635.0,,
MIR,2024-10-14 04:00:00,4,14,10,,0.019,0.036,0.055,,1.03,106.0,61.0,23.0,16.0,77.0,0.1,7.0,,635.0,,
MIR,2024-10-14 05:00:00,5,14,10,,0.082,0.038,0.12,,1.732,69.0,51.0,23.0,16.0,80.0,0.1,354.0,,635.0,,
MIR,2024-10-14 06:00:00,6,14,10,,0.118,0.037,0.155,,2.438,101.0,54.0,23.0,15.0,82.0,0.1,329.0,,635.0,,
MIR,2024-10-14 07:00:00,7,14,10,0.0,0.094,0.04,0.134,,2.171,110.0,54.0,23.0,17.0,74.0,0.1,319.0,,636.0,,
MIR,2024-10-14 08:00:00,8,14,10,0.003,0.052,0.042,0.095,,1.379,78.0,37.0,23.0,18.0,65.0,0.6,169.0,,636.0,,
MIR,2024-10-14 09:00:00,9,14,10,0.012,0.026,0.037,0.063,,0.983,114.0,41.0,23.0,20.0,58.0,0.6,168.0,,636.0,,
MIR,2024-10-14 10:00:00,10,14,10,0.028,0.008,0.02,0.028,,0.413,88.0,25.0,23.0,22.0,51.0,1.6,140.0,,636.0,,
MIR,2024-10-14 11:00:00,11,14,10,0.042,0.003,0.013,0.016,,0.307,50.0,14.0,23.0,23.0,47.0,1.4,130.0,,636.0,,
MIR,2024-10-14 12:00:00,12,14,10,0.054,0.002,0.014,0.016,,0.309,40.0,13.0,23.0,24.0,45.0,1.3,105.0,,635.0,,
MIR,2024-10-14 13:00:00,13,14,10,0.063,0.002,0.015,0.016,,0.34,42.0,16.0,23.0,26.0,40.0,1.3,103.0,,635.0,,
MIR,2024-10-14 14:00:00,14,14,10,0.061,0.002,0.018,0.021,,0.378,43.0,9.0,23.0,26.0,37.0,1.1,48.0,,634.0,,
MIR,2024-10-14 15:00:00,15,14,10,0.065,0.002,0.016,0.018,,0.402,46.0,9.0,23.0,27.0,35.0,1.0,75.0,,633.0,,
MIR,2024-10-14 16:00:00,16,14,10,0.062,0.001,0.02,0.022,,0.551,40.0,18.0,23.0,26.0,36.0,0.5,333.0,,633.0,,
MIR,2024-10-14 17:00:00,17,14,10,0.059,0.001,0.027,0.028,,0.627,38.0,17.0,24.0,26.0,36.0,0.4,281.0,,633.0,,
MIR,2024-10-14 18:00:00,18,14,10,0.022,0.011,0.052,0.064,,1.372,45.0,15.0,23.0,25.0,38.0,0.1,318.0,,633.0,,
MIR,2024-10-14 19:00:00,19,14,10,0.002,0.03,0.072,0.102,,2.399,60.0,21.0,24.0,23.0,45.0,0.5,282.0,,634.0,,
MIR,2024-10-14 20:00:00,20,14,10,0.001,0.026,0.07,0.096,,2.116,77.0,25.0,24.0,22.0,52.0,0.2,226.0,,634.0,,
MIR,2024-10-14 21:00:00,21,14,10,0.022,0.005,0.046,0.051,,1.124,88.0,31.0,24.0,22.0,48.0,1.1,284.0,,634.0,,
MIR,2024-10-14 22:00:00,22,14,10,0.009,0.015,0.061,0.076,,1.331,46.0,21.0,24.0,21.0,54.0,0.5,191.0,,635.0,,
MIR,2024-10-14 23:00:00,23,14,10,0.005,0.023,0.058,0.08,,1.388,76.0,30.0,24.0,20.0,62.0,0.1,293.0,,635.0,,
MIR,2024-10-15 00:00:00,0,15,10,0.009,0.005,0.046,0.051,,1.034,76.0,30.0,24.0,19.0,66.0,0.1,339.0,,634.0,,
MIR,2024-10-15 01:00:00,1,15,10,0.01,0.002,0.038,0.04,,0.777,53.0,29.0,24.0,19.0,71.0,0.2,201.0,,634.0,,
MIR,2024-10-15 02:00:00,2,15,10,0.003,0.007,0.041,0.048,,0.822,50.0,22.0,24.0,18.0,74.0,0.1,212.0,,634.0,,
MIR,2024-10-15 03:00:00,3,15,10,0.002,0.009,0.04,0.049,,0.696,68.0,26.0,24.0,18.0,77.0,0.2,170.0,,634.0,,
MIR,2024-10-15 04:00:00,4,15,10,0.004,0.004,0.038,0.043,,0.62,66.0,31.0,24.0,18.0,86.0,0.2,219.0,,634.0,,
MIR,2024-10-15 05:00:00,5,15,10,0.005,0.005,0.029,0.035,,0.669,80.0,40.0,24.0,18.0,93.0,0.2,13.0,,634.0,,
MIR,2024-10-15 06:00:00,6,15,10,0.0,0.067,0.036,0.102,,1.647,35.0,23.0,24.0,17.0,92.0,0.2,171.0,,634.0,,
MIR,2024-10-15 07:00:00,7,15,10,0.0,0.105,0.043,0.148,,2.358,154.0,66.0,24.0,18.0,86.0,0.1,107.0,,635.0,,
MIR,2024-10-15 08:00:00,8,15,10,0.004,0.065,0.052,0.117,,1.878,156.0,76.0,24.0,19.0,80.0,0.6,65.0,,635.0,,
MIR,2024-10-15 09:00:00,9,15,10,0.018,0.022,0.047,0.069,,1.244,113.0,47.0,24.0,20.0,71.0,0.6,59.0,,635.0,,
MIR,2024-10-15 10:00:00,10,15,10,0.037,0.009,0.037,0.046,,0.881,85.0,41.0,24.0,22.0,59.0,0.4,168.0,,635.0,,
MIR,2024-10-15 11:00:00,11,15,10,0.056,0.005,0.03,0.035,,0.708,64.0,33.0,24.0,24.0,49.0,0.7,147.0,,635.0,,
MIR,2024-10-15 12:00:00,12,15,10,0.076,0.003,0.022,0.024,,0.548,60.0,27.0,23.0,26.0,38.0,0.8,101.0,,634.0,,
MIR,2024-10-15 13:00:00,13,15,10,0.067,0.001,0.016,0.017,,0.399,50.0,19.0,23.0,27.0,30.0,0.7,325.0,,633.0,,
MIR,2024-10-15 14:00:00,14,15,10,0.056,0.001,0.018,0.019,,0.431,24.0,12.0,23.0,27.0,30.0,0.7,352.0,,633.0,,
MIR,2024-10-15 15:00:00,15,15,10,0.054,0.002,0.018,0.02,,0.405,26.0,12.0,23.0,28.0,27.0,0.5,228.0,,632.0,,
MIR,2024-10-15 16:00:00,16,15,10,0.061,0.001,0.015,0.016,,0.378,32.0,14.0,24.0,28.0,29.0,1.2,290.0,,632.0,,
MIR,2024-10-15 17:00:00,17,15,10,0.033,0.002,0.016,0.018,,0.42,30.0,11.0,24.0,28.0,29.0,1.3,311.0,,632.0,,
MIR,2024-10-15 18:00:00,18,15,10,0.027,0.002,0.023,0.025,,0.702,23.0,7.0,24.0,25.0,38.0,1.5,297.0,,632.0,,
MIR,2024-10-15 19:00:00,19,15,10,0.01,0.005,0.041,0.046,,1.105,33.0,13.0,23.0,24.0,44.0,1.0,289.0,,633.0,,
MIR,2024-10-15 20:00:00,20,15,10,0.012,0.006,0.037,0.042,,0.957,50.0,15.0,24.0,23.0,48.0,1.2,293.0,,633.0,,
MIR,2024-10-15 21:00:00,21,15,10,0.011,0.004,0.034,0.038,,0.863,38.0,13.0,24.0,22.0,52.0,1.0,273.0,,634.0,,
MIR,2024-10-15 22:00:00,22,15,10,0.001,0.046,0.044,0.09,,1.542,50.0,12.0,24.0,21.0,58.0,0.3,161.0,,634.0,,
MIR,2024-10-15 23:00:00,23,15,10,0.019,0.004,0.02,0.024,,0.51,119.0,31.0,24.0,20.0,69.0,0.6,232.0,,634.0,,
MIR,2024-10-16 00:00:00,0,16,10,0.01,0.001,0.024,0.026,,0.504,27.0,9.0,19.0,19.0,77.0,0.4,167.0,,634.0,,
MIR,2024-10-16 01:00:00,1,16,10,0.022,0.001,0.011,0.012,,0.366,49.0,14.0,19.0,19.0,84.0,0.8,343.0,,633.0,,
MIR,2024-10-16 02:00:00,2,16,10,0.007,0.001,0.019,0.02,,0.455,22.0,12.0,18.0,18.0,90.0,0.1,328.0,,633.0,,
MIR,2024-10-16 03:00:00,3,16,10,0.004,0.002,0.019,0.021,,0.472,24.0,14.0,17.0,17.0,88.0,0.1,245.0,,633.0,,
MIR,2024-10-16 04:00:00,4,16,10,0.001,0.015,0.024,0.039,,0.661,21.0,11.0,16.0,16.0,91.0,0.1,206.0,,633.0,,
MIR,2024-10-16 05:00:00,5,16,10,0.001,0.019,0.024,0.043,,0.826,33.0,16.0,16.0,16.0,91.0,0.1,230.0,,633.0,,
MIR,2024-10-16 06:00:00,6,16,10,0.0,0.07,0.027,0.096,,1.626,38.0,16.0,16.0,16.0,92.0,0.2,209.0,,633.0,,
MIR,2024-10-16 07:00:00,7,16,10,0.0,0.178,0.033,0.211,,3.089,59.0,23.0,16.0,16.0,92.0,0.2,175.0,,634.0,,
MIR,2024-10-16 08:00:00,8,16,10,0.002,0.102,0.045,0.147,,2.529,171.0,63.0,18.0,18.0,87.0,0.4,144.0,,634.0,,
MIR,2024-10-16 09:00:00,9,16,10,0.013,0.042,0.05,0.092,,1.632,150.0,64.0,20.0,20.0,77.0,0.5,147.0,,634.0,,
MIR,2024-10-16 10:00:00,10,16,10,0.033,0.016,0.046,0.062,,1.189,106.0,44.0,22.0,22.0,64.0,0.7,171.0,,634.0,,
MIR,2024-10-16 11:00:00,11,16,10,0.057,0.006,0.026,0.031,,0.7,90.0,39.0,25.0,25.0,47.0,0.9,101.0,,634.0,,
MIR,2024-10-16 12:00:00,12,16,10,0.07,0.002,0.02,0.022,,0.538,45.0,16.0,26.0,26.0,36.0,1.1,318.0,,633.0,,
MIR,2024-10-16 13:00:00,13,16,10,0.06,0.002,0.015,0.017,,0.367,43.0,7.0,28.0,28.0,26.0,1.0,11.0,,632.0,,
MIR,2024-10-16 14:00:00,14,16,10,0.051,0.002,0.016,0.018,,0.388,23.0,6.0,27.0,27.0,27.0,1.2,326.0,,631.0,,
MIR,2024-10-16 15:00:00,15,16,10,0.046,0.001,0.016,0.017,,0.371,16.0,8.0,28.0,28.0,25.0,0.8,292.0,,631.0,,
MIR,2024-10-16 16:00:00,16,16,10,0.045,0.002,0.013,0.014,,0.348,15.0,6.0,28.0,28.0,22.0,1.0,253.0,,631.0,,
MIR,2024-10-16 17:00:00,17,16,10,0.043,0.001,0.017,0.018,,0.45,17.0,5.0,28.0,28.0,27.0,1.3,299.0,,631.0,,
MIR,2024-10-16 18:00:00,18,16,10,0.014,0.006,0.037,0.043,,1.058,28.0,6.0,26.0,26.0,32.0,0.9,293.0,,631.0,,
MIR,2024-10-16 19:00:00,19,16,10,0.001,0.031,0.043,0.074,,1.67,34.0,9.0,24.0,24.0,35.0,1.2,290.0,,631.0,,
MIR,2024-10-16 20:00:00,20,16,10,0.005,0.014,0.037,0.051,,1.136,51.0,10.0,23.0,23.0,38.0,1.3,295.0,,631.0,,
MIR,2024-10-16 21:00:00,21,16,10,0.001,0.043,0.039,0.082,,1.462,42.0,8.0,22.0,22.0,44.0,0.6,238.0,,632.0,,
MIR,2024-10-16 22:00:00,22,16,10,0.001,0.054,0.038,0.092,,1.452,108.0,32.0,21.0,21.0,50.0,0.4,231.0,,632.0,,
MIR,2024-10-16 23:00:00,23,16,10,0.0,0.074,0.038,0.113,,1.495,103.0,26.0,20.0,20.0,54.0,0.2,233.0,,632.0,,
MIR,2024-10-17 00:00:00,0,17,10,0.0,0.057,0.036,0.092,,1.194,114.0,34.0,19.0,19.0,58.0,0.9,114.0,,633.0,,
MIR,2024-10-17 01:00:00,1,17,10,0.005,0.005,0.032,0.037,,0.544,92.0,30.0,19.0,19.0,57.0,0.5,185.0,,633.0,,
MIR,2024-10-17 02:00:00,2,17,10,0.001,0.017,0.035,0.052,,0.708,74.0,23.0,18.0,18.0,64.0,0.6,106.0,,632.0,,
MIR,2024-10-17 03:00:00,3,17,10,0.004,0.015,0.031,0.046,,0.546,79.0,38.0,18.0,18.0,66.0,0.7,73.0,,632.0,,
MIR,2024-10-17 04:00:00,4,17,10,0.01,0.003,0.025,0.028,,0.411,49.0,22.0,18.0,18.0,64.0,0.7,89.0,,632.0,,
MIR,2024-10-17 05:00:00,5,17,10,0.003,0.01,0.03,0.04,,0.504,41.0,13.0,17.0,17.0,68.0,0.5,85.0,,633.0,,
MIR,2024-10-17 06:00:00,6,17,10,0.001,0.025,0.034,0.058,,0.997,36.0,16.0,16.0,16.0,71.0,0.4,73.0,,633.0,,
MIR,2024-10-17 07:00:00,7,17,10,0.001,0.055,0.034,0.089,,1.481,40.0,25.0,17.0,17.0,69.0,0.4,19.0,,634.0,,
MIR,2024-10-17 08:00:00,8,17,10,0.014,0.021,0.028,0.048,,0.869,71.0,29.0,18.0,18.0,61.0,1.9,112.0,,634.0,,
MIR,2024-10-17 09:00:00,9,17,10,0.024,0.009,0.02,0.029,,0.445,72.0,28.0,20.0,20.0,56.0,2.5,111.0,,634.0,,
MIR,2024-10-17 10:00:00,10,17,10,0.033,0.006,0.015,0.021,,0.366,62.0,18.0,21.0,21.0,52.0,2.2,118.0,,634.0,,
MIR,2024-10-17 11:00:00,11,17,10,0.042,0.003,0.013,0.016,,0.285,48.0,11.0,23.0,23.0,47.0,2.0,125.0,,634.0,,
MIR,2024-10-17 12:00:00,12,17,10,0.047,0.002,0.012,0.014,,0.293,42.0,17.0,24.0,24.0,43.0,2.0,131.0,,633.0,,
MIR,2024-10-17 13:00:00,13,17,10,0.051,0.002,0.012,0.014,,0.303,39.0,11.0,25.0,25.0,39.0,1.5,140.0,,632.0,,
MIR,2024-10-17 14:00:00,14,17,10,0.053,0.002,0.012,0.014,,0.284,39.0,12.0,26.0,26.0,33.0,1.3,67.0,,631.0,,
MIR,2024-10-17 15:00:00,15,17,10,0.054,0.002,0.014,0.016,,0.356,34.0,10.0,26.0,26.0,33.0,0.7,309.0,,631.0,,
MIR,2024-10-17 16:00:00,16,17,10,0.051,0.002,0.021,0.023,,0.454,32.0,9.0,26.0,26.0,34.0,0.7,21.0,,631.0,,
MIR,2024-10-17 17:00:00,17,17,10,0.044,0.001,0.022,0.023,,0.525,39.0,8.0,26.0,26.0,33.0,0.6,331.0,,631.0,,
MIR,2024-10-17 18:00:00,18,17,10,0.027,0.002,0.032,0.034,,0.854,33.0,11.0,24.0,24.0,36.0,0.6,308.0,,631.0,,
MIR,2024-10-17 19:00:00,19,17,10,0.007,0.006,0.039,0.045,,1.078,39.0,13.0,24.0,24.0,36.0,0.9,297.0,,632.0,,
MIR,2024-10-17 20:00:00,20,17,10,0.002,0.011,0.04,0.051,,1.232,34.0,12.0,23.0,23.0,36.0,0.3,297.0,,632.0,,
MIR,2024-10-17 21:00:00,21,17,10,0.001,0.026,0.039,0.065,,1.157,46.0,16.0,22.0,22.0,39.0,0.2,196.0,,632.0,,
MIR,2024-10-17 22:00:00,22,17,10,0.0,0.051,0.044,0.095,,1.57,69.0,20.0,21.0,21.0,43.0,0.4,225.0,,633.0,,
MIR,2024-10-17 23:00:00,23,17,10,0.001,0.032,0.043,0.076,,1.406,71.0,18.0,21.0,21.0,46.0,0.1,209.0,,633.0,,
MIR,2024-10-18 00:00:00,0,18,10,0.011,0.003,0.03,0.033,,0.665,93.0,29.0,20.0,20.0,49.0,0.1,317.0,,632.0,,
MIR,2024-10-18 01:00:00,1,18,10,0.005,0.004,0.032,0.036,,,28.0,11.0,19.0,19.0,56.0,0.2,324.0,,632.0,,
MIR,2024-10-18 02:00:00,2,18,10,,0.027,0.041,0.068,,0.999,46.0,22.0,19.0,19.0,62.0,0.7,161.0,,632.0,,
MIR,2024-10-18 03:00:00,3,18,10,0.001,0.016,0.035,0.051,,0.815,105.0,47.0,18.0,18.0,67.0,0.2,205.0,,632.0,,
MIR,2024-10-18 04:00:00,4,18,10,0.0,0.021,0.037,0.058,,0.855,90.0,39.0,18.0,18.0,71.0,0.4,102.0,,632.0,,
MIR,2024-10-18 05:00:00,5,18,10,0.0,0.033,0.038,0.071,,0.845,84.0,48.0,17.0,17.0,74.0,0.2,220.0,,633.0,,
MIR,2024-10-18 06:00:00,6,18,10,0.0,0.063,0.033,0.096,,1.344,67.0,36.0,17.0,17.0,77.0,0.2,101.0,,633.0,,
MIR,2024-10-18 07:00:00,7,18,10,0.002,0.065,0.03,0.095,,1.492,84.0,30.0,17.0,17.0,72.0,0.8,103.0,,634.0,,
MIR,2024-10-18 08:00:00,8,18,10,0.014,0.012,0.021,0.033,,0.568,85.0,32.0,19.0,19.0,61.0,2.1,105.0,,634.0,,
MIR,2024-10-18 09:00:00,9,18,10,0.022,0.01,0.018,0.028,,0.454,42.0,14.0,20.0,20.0,55.0,2.1,107.0,,634.0,,
MIR,2024-10-18 10:00:00,10,18,10,0.031,0.006,0.016,0.022,,0.358,42.0,9.0,22.0,22.0,52.0,1.5,111.0,,634.0,,
MIR,2024-10-18 11:00:00,11,18,10,0.04,0.004,0.015,0.019,,0.334,35.0,13.0,24.0,24.0,47.0,1.6,108.0,,634.0,,
MIR,2024-10-18 12:00:00,12,18,10,0.05,0.003,0.016,0.019,,0.321,42.0,12.0,25.0,25.0,43.0,1.4,88.0,,634.0,,
MIR,2024-10-18 13:00:00,13,18,10,0.057,0.002,0.015,0.017,,0.331,45.0,10.0,26.0,26.0,38.0,1.2,82.0,,633.0,,
MIR,2024-10-18 14:00:00,14,18,10,0.055,0.002,0.014,0.016,,0.317,38.0,11.0,27.0,27.0,33.0,1.1,13.0,,632.0,,
MIR,2024-10-18 15:00:00,15,18,10,0.053,0.002,0.014,0.016,,0.3,31.0,9.0,28.0,28.0,30.0,1.0,88.0,,632.0,,
MIR,2024-10-18 16:00:00,16,18,10,0.049,0.002,0.015,0.017,,0.356,24.0,10.0,28.0,28.0,29.0,1.2,53.0,,632.0,,
MIR,2024-10-18 17:00:00,17,18,10,0.04,0.002,0.021,0.022,,0.425,25.0,8.0,27.0,27.0,31.0,0.6,345.0,,632.0,,
MIR,2024-10-18 18:00:00,18,18,10,0.013,0.007,0.045,0.052,,0.877,20.0,13.0,26.0,26.0,34.0,0.3,23.0,,632.0,,
MIR,2024-10-18 19:00:00,19,18,10,0.0,0.055,0.054,0.109,,2.301,40.0,20.0,24.0,24.0,40.0,0.4,257.0,,632.0,,
MIR,2024-10-18 20:00:00,20,18,10,0.0,0.058,0.053,0.11,,2.591,81.0,25.0,23.0,23.0,44.0,0.4,297.0,,633.0,,
MIR,2024-10-18 21:00:00,21,18,10,0.0,0.066,0.051,0.117,,2.367,75.0,25.0,22.0,22.0,47.0,0.2,309.0,,633.0,,
MIR,2024-10-18 22:00:00,22,18,10,0.009,0.017,0.037,0.054,,1.117,72.0,23.0,22.0,22.0,46.0,0.8,297.0,,633.0,,
MIR,2024-10-18 23:00:00,23,18,10,0.003,0.01,0.04,0.05,,1.083,40.0,12.0,20.0,20.0,55.0,0.1,331.0,,633.0,,
MIR,2024-10-19 00:00:00,0,19,10,0.0,0.054,0.045,0.1,,1.842,44.0,15.0,20.0,20.0,58.0,0.2,170.0,,633.0,,
MIR,2024-10-19 01:00:00,1,19,10,0.0,0.042,0.041,0.083,,1.403,110.0,32.0,19.0,19.0,67.0,0.3,114.0,,634.0,,
MIR,2024-10-19 02:00:00,2,19,10,0.011,0.004,0.021,0.025,,0.535,100.0,28.0,19.0,19.0,82.0,0.5,305.0,,633.0,,
MIR,2024-10-19 03:00:00,3,19,10,0.0,0.029,0.035,0.064,,1.194,26.0,10.0,18.0,18.0,80.0,0.7,182.0,,633.0,,
MIR,2024-10-19 04:00:00,4,19,10,0.0,0.025,0.036,0.061,,0.907,124.0,60.0,17.0,17.0,81.0,0.1,182.0,,633.0,,
MIR,2024-10-19 05:00:00,5,19,10,,0.04,0.036,0.077,,1.059,88.0,41.0,17.0,17.0,83.0,0.2,44.0,,634.0,,
MIR,2024-10-19 06:00:00,6,19,10,0.001,0.03,0.032,0.062,,0.932,84.0,38.0,17.0,17.0,77.0,0.8,70.0,,634.0,,
MIR,2024-10-19 07:00:00,7,19,10,0.002,0.02,0.029,0.049,,0.725,54.0,17.0,17.0,17.0,73.0,0.5,68.0,,635.0,,
MIR,2024-10-19 08:00:00,8,19,10,0.011,0.015,0.023,0.038,,0.562,49.0,22.0,18.0,18.0,65.0,1.5,76.0,,635.0,,
MIR,2024-10-19 09:00:00,9,19,10,0.021,0.01,0.018,0.028,,0.433,36.0,15.0,20.0,20.0,58.0,2.5,85.0,,635.0,,
MIR,2024-10-19 10:00:00,10,19,10,0.029,0.007,0.017,0.024,,0.371,31.0,9.0,22.0,22.0,52.0,2.3,99.0,,635.0,,
MIR,2024-10-19 11:00:00,11,19,10,0.038,0.004,0.014,0.019,,0.311,39.0,7.0,23.0,23.0,48.0,2.0,105.0,,635.0,,
MIR,2024-10-19 12:00:00,12,19,10,0.045,0.003,0.013,0.016,,0.286,39.0,10.0,25.0,25.0,42.0,1.9,85.0,,634.0,,
MIR,2024-10-19 13:00:00,13,19,10,0.05,0.002,0.013,0.015,,0.305,31.0,6.0,27.0,27.0,38.0,1.8,94.0,,633.0,,
MIR,2024-10-19 14:00:00,14,19,10,0.05,0.002,0.013,0.015,,0.313,28.0,4.0,28.0,28.0,35.0,2.1,107.0,,633.0,,
MIR,2024-10-19 15:00:00,15,19,10,0.05,0.002,0.013,0.015,,0.32,33.0,5.0,28.0,28.0,33.0,1.7,78.0,,632.0,,
MIR,2024-10-19 16:00:00,16,19,10,0.043,0.002,0.017,0.019,,0.321,28.0,7.0,28.0,28.0,31.0,2.4,75.0,,632.0,,
MIR,2024-10-19 17:00:00,17,19,10,0.035,0.003,0.023,0.026,,0.527,28.0,8.0,28.0,28.0,31.0,2.0,108.0,,632.0,,
MIR,2024-10-19 18:00:00,18,19,10,0.021,0.003,0.035,0.038,,0.904,36.0,8.0,26.0,26.0,43.0,1.0,151.0,,633.0,,
MIR,2024-10-19 19:00:00,19,19,10,0.004,0.01,0.054,0.064,,,77.0,13.0,25.0,25.0,48.0,0.9,166.0,,633.0,,
MIR,2024-10-19 20:00:00,20,19,10,0.007,0.017,0.046,0.064,,,147.0,34.0,24.0,24.0,50.0,1.1,156.0,,633.0,,
MIR,2024-10-19 21:00:00,21,19,10,0.015,0.006,0.035,0.041,,,129.0,34.0,24.0,24.0,50.0,1.8,123.0,,634.0,,
MIR,2024-10-19 22:00:00,22,19,10,0.021,0.003,0.02,0.023,,,71.0,24.0,23.0,23.0,48.0,2.9,103.0,,635.0,,
MIR,2024-10-19 23:00:00,23,19,10,0.019,,,,,,50.0,6.0,22.0,22.0,50.0,2.1,96.0,,635.0,,
MIR,2024-10-20 00:00:00,0,20,10,0.02,,,,,,33.0,5.0,21.0,21.0,52.0,1.9,103.0,,635.0,,
MIR,2024-10-20 01:00:00,1,20,10,0.018,,,,,,17.0,12.0,20.0,20.0,55.0,1.8,95.0,,635.0,,
MIR,2024-10-20 02:00:00,2,20,10,0.02,,,,,,16.0,7.0,19.0,19.0,58.0,2.2,98.0,,635.0,,
MIR,2024-10-20 03:00:00,3,20,10,0.02,,,,,,15.0,4.0,18.0,18.0,62.0,2.1,104.0,,635.0,,
MIR,2024-10-20 04:00:00,4,20,10,0.02,,,,,,14.0,4.0,18.0,18.0,65.0,2.0,94.0,,635.0,,
MIR,2024-10-20 05:00:00,5,20,10,0.014,,,,,,11.0,8.0,17.0,17.0,67.0,1.3,111.0,,635.0,,
MIR,2024-10-20 06:00:00,6,20,10,0.011,0.003,0.019,0.021,,,17.0,6.0,17.0,17.0,71.0,1.5,108.0,,635.0,,
MIR,2024-10-20 07:00:00,7,20,10,,,,,,,,,,,,,,,,,
MIR,2024-10-20 08:00:00,8,20,10,0.02,,,,,,23.0,7.0,18.0,18.0,64.0,2.1,81.0,,636.0,,
MIR,2024-10-20 09:00:00,9,20,10,0.024,,,,,,11.0,5.0,20.0,20.0,58.0,2.4,80.0,,636.0,,
MIR,2024-10-20 10:00:00,10,20,10,0.029,,,,,,10.0,6.0,21.0,21.0,51.0,2.7,82.0,,636.0,,
MIR,2024-10-20 11:00:00,11,20,10,0.034,,,,,,28.0,6.0,23.0,23.0,44.0,2.8,106.0,,636.0,,
MIR,2024-10-20 12:00:00,12,20,10,,0.001,0.013,0.015,,,17.0,5.0,25.0,25.0,40.0,2.9,77.0,,635.0,,
MIR,2024-10-20 13:00:00,13,20,10,,,,,,,23.0,5.0,27.0,27.0,37.0,3.2,107.0,,634.0,,
MIR,2024-10-20 14:00:00,14,20,10,,,,,,,24.0,5.0,27.0,27.0,37.0,3.0,106.0,,633.0,,
MIR,2024-10-20 15:00:00,15,20,10,,,,,,,22.0,9.0,28.0,28.0,35.0,2.7,95.0,,633.0,,
MIR,2024-10-20 16:00:00,16,20,10,,,,,,,16.0,6.0,28.0,28.0,35.0,2.7,84.0,,633.0,,
MIR,2024-10-20 17:00:00,17,20,10,,,,,,,16.0,5.0,28.0,28.0,35.0,2.4,103.0,,633.0,,
MIR,2024-10-20 18:00:00,18,20,10,,,,,,,19.0,7.0,27.0,27.0,37.0,2.4,109.0,,633.0,,
MIR,2024-10-20 19:00:00,19,20,10,,,,,,,26.0,7.0,25.0,25.0,40.0,3.0,113.0,,633.0,,
MIR,2024-10-20 20:00:00,20,20,10,,,,,,,32.0,5.0,24.0,24.0,43.0,3.0,97.0,,634.0,,
MIR,2024-10-20 21:00:00,21,20,10,,,,,,,31.0,8.0,23.0,23.0,47.0,2.3,91.0,,634.0,,
MIR,2024-10-20 22:00:00,22,20,10,,,,,,,36.0,10.0,22.0,22.0,48.0,2.2,98.0,,635.0,,
MIR,2024-10-20 23:00:00,23,20,10,,,,,,,26.0,7.0,22.0,22.0,51.0,2.2,89.0,,635.0,,
MIR,2024-10-21 00:00:00,0,21,10,0.018,,,,,,14.0,6.0,21.0,21.0,54.0,1.8,92.0,,634.0,,
MIR,2024-10-21 01:00:00,1,21,10,0.016,,,,,,13.0,14.0,20.0,20.0,57.0,1.4,90.0,,634.0,,
MIR,2024-10-21 02:00:00,2,21,10,0.008,,,,,,13.0,7.0,20.0,20.0,61.0,0.5,133.0,,634.0,,
MIR,2024-10-21 03:00:00,3,21,10,0.003,,,,,,27.0,6.0,19.0,19.0,65.0,0.3,121.0,,634.0,,
MIR,2024-10-21 04:00:00,4,21,10,0.009,,,,,,23.0,5.0,19.0,19.0,68.0,0.4,77.0,,634.0,,
MIR,2024-10-21 05:00:00,5,21,10,0.006,,,,,,13.0,9.0,18.0,18.0,71.0,0.5,63.0,,634.0,,
MIR,2024-10-21 06:00:00,6,21,10,0.001,,,,,,23.0,6.0,18.0,18.0,74.0,0.4,82.0,,634.0,,
MIR,2024-10-21 07:00:00,7,21,10,0.001,,,,,,26.0,5.0,19.0,19.0,73.0,0.9,116.0,,635.0,,
MIR,2024-10-21 08:00:00,8,21,10,0.009,,,,,,49.0,11.0,20.0,20.0,68.0,2.0,85.0,,635.0,,
MIR,2024-10-21 09:00:00,9,21,10,0.012,,,,,,29.0,8.0,21.0,21.0,65.0,2.4,88.0,,635.0,,
MIR,2024-10-21 10:00:00,10,21,10,0.023,0.005,0.012,0.017,,,30.0,3.0,22.0,22.0,60.0,2.6,85.0,,635.0,,
MIR,2024-10-21 11:00:00,11,21,10,0.023,0.005,0.011,0.017,,,35.0,10.0,24.0,24.0,56.0,2.8,91.0,,635.0,,
MIR,2024-10-21 12:00:00,12,21,10,0.027,0.005,0.012,0.017,,,33.0,8.0,25.0,25.0,51.0,3.2,110.0,,634.0,,
MIR,2024-10-21 13:00:00,13,21,10,0.027,0.006,0.012,0.018,,,32.0,6.0,25.0,25.0,47.0,,116.0,,633.0,,
MIR,2024-10-21 14:00:00,14,21,10,0.024,0.006,0.014,0.02,,,79.0,5.0,24.0,24.0,51.0,3.5,104.0,,633.0,,
MIR,2024-10-21 15:00:00,15,21,10,,,,,,,,5.0,,,,,,,,,
MIR,2024-10-21 16:00:00,16,21,10,0.021,0.006,0.021,0.027,,,29.0,5.0,25.0,25.0,50.0,2.6,91.0,,632.0,,
MIR,2024-10-21 17:00:00,17,21,10,0.02,0.006,0.021,0.027,,,33.0,5.0,25.0,25.0,50.0,2.5,97.0,,632.0,,
MIR,2024-10-21 18:00:00,18,21,10,0.018,0.005,0.023,0.027,,,36.0,7.0,24.0,24.0,49.0,2.9,116.0,,633.0,,
MIR,2024-10-21 19:00:00,19,21,10,,0.005,0.025,0.029,,,53.0,7.0,23.0,23.0,55.0,2.1,141.0,,633.0,,
MIR,2024-10-21 20:00:00,20,21,10,0.013,0.006,0.027,0.033,,,51.0,11.0,22.0,22.0,58.0,1.6,151.0,,634.0,,
MIR,2024-10-21 21:00:00,21,21,10,0.008,0.007,0.029,0.036,,,47.0,14.0,21.0,21.0,64.0,1.2,156.0,,634.0,,
MIR,2024-10-21 22:00:00,22,21,10,0.009,0.005,0.024,0.029,,,45.0,11.0,21.0,21.0,69.0,0.5,149.0,,634.0,,
MIR,2024-10-21 23:00:00,23,21,10,0.004,0.006,0.029,0.035,,,34.0,8.0,20.0,20.0,72.0,0.5,142.0,,634.0,,
MIR,2024-10-22 00:00:00,0,22,10,0.004,0.003,0.027,0.03,,,38.0,16.0,20.0,20.0,75.0,0.4,95.0,,634.0,,
MIR,2024-10-22 01:00:00,1,22,10,0.008,0.003,0.021,0.024,,,28.0,12.0,20.0,20.0,73.0,0.9,120.0,,634.0,,
MIR,2024-10-22 02:00:00,2,22,10,0.006,0.003,0.021,0.023,,,36.0,14.0,20.0,20.0,75.0,0.8,73.0,,634.0,,
MIR,2024-10-22 03:00:00,3,22,10,0.006,0.003,0.019,0.022,,,15.0,10.0,19.0,19.0,77.0,0.5,77.0,,634.0,,
MIR,2024-10-22 04:00:00,4,22,10,0.005,0.003,0.019,0.022,,,14.0,4.0,19.0,19.0,78.0,0.6,89.0,,634.0,,
MIR,2024-10-22 05:00:00,5,22,10,0.0,0.021,0.024,0.045,,,19.0,4.0,19.0,19.0,81.0,0.5,137.0,,634.0,,
MIR,2024-10-22 06:00:00,6,22,10,0.0,0.029,0.023,0.052,,,39.0,18.0,18.0,18.0,81.0,0.9,89.0,,634.0,,
MIR,2024-10-22 07:00:00,7,22,10,0.002,0.024,0.022,0.046,,,25.0,3.0,19.0,19.0,77.0,1.0,85.0,,635.0,,
MIR,2024-10-22 08:00:00,8,22,10,0.008,0.014,0.016,0.03,,,34.0,10.0,20.0,20.0,72.0,1.9,78.0,,635.0,,
MIR,2024-10-22 09:00:00,9,22,10,0.016,0.01,0.016,0.026,,,30.0,8.0,22.0,22.0,65.0,1.9,89.0,,635.0,,
MIR,2024-10-22 10:00:00,10,22,10,0.022,0.007,0.015,0.021,,,21.0,7.0,23.0,23.0,58.0,2.2,96.0,,635.0,,
MIR,2024-10-22 11:00:00,11,22,10,0.03,0.005,0.014,0.019,,,28.0,6.0,25.0,25.0,52.0,2.1,99.0,,635.0,,
MIR,2024-10-22 12:00:00,12,22,10,0.035,0.005,0.015,0.02,,,35.0,9.0,25.0,25.0,48.0,2.2,94.0,,634.0,,
MIR,2024-10-22 13:00:00,13,22,10,0.036,0.003,0.014,0.017,,,38.0,9.0,26.0,26.0,46.0,1.8,119.0,,633.0,,
MIR,2024-10-22 14:00:00,14,22,10,0.038,0.003,0.015,0.018,,,34.0,9.0,27.0,27.0,44.0,1.4,114.0,,633.0,,
MIR,2024-10-22 15:00:00,15,22,10,0.038,0.003,0.017,0.02,,,41.0,8.0,27.0,27.0,43.0,1.2,167.0,,632.0,,
MIR,2024-10-22 16:00:00,16,22,10,0.041,0.002,0.016,0.018,,,47.0,13.0,27.0,27.0,44.0,0.9,195.0,,632.0,,
MIR,2024-10-22 17:00:00,17,22,10,0.031,0.002,0.024,0.026,,,52.0,16.0,27.0,27.0,47.0,1.5,165.0,,632.0,,
MIR,2024-10-22 18:00:00,18,22,10,0.013,0.004,0.035,0.04,,,68.0,18.0,24.0,24.0,52.0,2.2,171.0,,632.0,,
MIR,2024-10-22 19:00:00,19,22,10,0.011,0.005,0.035,0.041,,,91.0,21.0,24.0,24.0,52.0,1.3,205.0,,633.0,,
MIR,2024-10-22 20:00:00,20,22,10,0.017,0.003,0.029,0.032,,,88.0,22.0,23.0,23.0,54.0,0.6,240.0,,634.0,,
MIR,2024-10-22 21:00:00,21,22,10,0.027,0.001,0.016,0.017,,,41.0,12.0,23.0,23.0,56.0,2.0,265.0,,634.0,,
MIR,2024-10-22 22:00:00,22,22,10,0.013,0.004,0.029,0.033,,,21.0,8.0,23.0,23.0,60.0,0.7,309.0,,634.0,,
MIR,2024-10-22 23:00:00,23,22,10,0.001,0.006,0.04,0.046,,,33.0,8.0,22.0,22.0,66.0,0.3,22.0,,634.0,,
MIR,2024-10-23 00:00:00,0,23,10,0.01,0.003,0.027,0.03,,,38.0,15.0,21.0,21.0,77.0,0.3,22.0,,634.0,,
MIR,2024-10-23 01:00:00,1,23,10,0.002,0.009,0.034,0.043,,,33.0,10.0,21.0,21.0,70.0,0.5,145.0,,634.0,,
MIR,2024-10-23 02:00:00,2,23,10,0.004,0.007,0.031,0.038,,,58.0,29.0,20.0,20.0,69.0,0.7,110.0,,634.0,,
MIR,2024-10-23 03:00:00,3,23,10,0.012,0.002,0.02,0.023,,,39.0,20.0,19.0,19.0,56.0,1.2,70.0,,634.0,,
MIR,2024-10-23 04:00:00,4,23,10,0.008,0.008,0.024,0.032,,,27.0,13.0,18.0,18.0,59.0,0.5,71.0,,634.0,,
MIR,2024-10-23 05:00:00,5,23,10,0.002,0.008,0.028,0.036,,,16.0,15.0,17.0,17.0,64.0,0.3,46.0,,634.0,,
MIR,2024-10-23 06:00:00,6,23,10,0.001,0.02,0.029,0.048,,,28.0,13.0,16.0,16.0,68.0,0.2,19.0,,634.0,,
MIR,2024-10-23 07:00:00,7,23,10,0.003,0.028,0.029,0.056,,,33.0,13.0,17.0,17.0,63.0,0.9,74.0,,635.0,,
MIR,2024-10-23 08:00:00,8,23,10,0.012,0.016,0.023,0.039,,,50.0,15.0,18.0,18.0,57.0,1.7,74.0,,635.0,,
MIR,2024-10-23 09:00:00,9,23,10,0.02,0.012,0.019,0.031,,,41.0,15.0,20.0,20.0,52.0,2.3,85.0,,635.0,,
MIR,2024-10-23 10:00:00,10,23,10,0.027,0.007,0.016,0.023,,,53.0,9.0,21.0,21.0,47.0,2.6,106.0,,636.0,,
MIR,2024-10-23 11:00:00,11,23,10,0.034,0.005,0.014,0.019,,,42.0,8.0,23.0,23.0,39.0,1.8,98.0,,635.0,,
MIR,2024-10-23 12:00:00,12,23,10,0.042,0.004,0.016,0.02,,,33.0,8.0,24.0,24.0,36.0,1.5,87.0,,634.0,,
MIR,2024-10-23 13:00:00,13,23,10,0.051,0.003,0.014,0.017,,,38.0,9.0,26.0,26.0,32.0,1.1,76.0,,634.0,,
MIR,2024-10-23 14:00:00,14,23,10,0.05,0.002,0.014,0.016,,,37.0,12.0,27.0,27.0,29.0,1.5,93.0,,633.0,,
MIR,2024-10-23 15:00:00,15,23,10,0.048,0.002,0.015,0.017,,,34.0,9.0,28.0,28.0,25.0,1.5,84.0,,632.0,,
MIR,2024-10-23 16:00:00,16,23,10,0.045,0.002,0.015,0.017,,,32.0,10.0,28.0,28.0,23.0,1.4,66.0,,632.0,,
MIR,2024-10-23 17:00:00,17,23,10,0.038,0.003,0.022,0.024,,,32.0,10.0,27.0,27.0,23.0,1.4,47.0,,632.0,,
MIR,2024-10-23 18:00:00,18,23,10,0.01,0.009,0.05,0.059,,,36.0,9.0,26.0,26.0,33.0,1.0,147.0,,632.0,,
MIR,2024-10-23 19:00:00,19,23,10,0.001,0.024,0.056,0.08,,,107.0,21.0,24.0,24.0,43.0,1.3,185.0,,633.0,,
MIR,2024-10-23 20:00:00,20,23,10,0.011,0.023,0.047,0.069,,,152.0,29.0,23.0,23.0,42.0,0.3,19.0,,633.0,,
MIR,2024-10-23 21:00:00,21,23,10,0.001,0.058,0.055,0.113,,,79.0,19.0,21.0,21.0,49.0,0.1,299.0,,633.0,,
MIR,2024-10-23 22:00:00,22,23,10,0.0,0.103,0.055,0.157,,,90.0,29.0,20.0,20.0,56.0,0.1,254.0,,634.0,,
MIR,2024-10-23 23:00:00,23,23,10,,0.142,0.057,0.199,,,161.0,42.0,20.0,20.0,56.0,0.2,233.0,,634.0,,
MIR,2024-10-24 00:00:00,0,24,10,,0.126,0.05,0.176,,,143.0,43.0,19.0,19.0,61.0,0.2,310.0,,634.0,,
MIR,2024-10-24 01:00:00,1,24,10,0.0,0.056,0.045,0.101,,,206.0,57.0,18.0,18.0,58.0,0.4,173.0,,634.0,,
MIR,2024-10-24 02:00:00,2,24,10,0.0,0.02,0.039,0.059,,,167.0,47.0,17.0,17.0,53.0,0.2,70.0,,634.0,,
MIR,2024-10-24 03:00:00,3,24,10,0.007,0.003,0.028,0.032,,,98.0,29.0,17.0,17.0,42.0,0.3,154.0,,633.0,,
MIR,2024-10-24 04:00:00,4,24,10,0.002,0.012,0.032,0.045,,,35.0,14.0,16.0,16.0,47.0,0.2,134.0,,633.0,,
MIR,2024-10-24 05:00:00,5,24,10,,0.027,0.035,0.062,,,61.0,20.0,15.0,15.0,49.0,0.2,189.0,,634.0,,
MIR,2024-10-24 06:00:00,6,24,10,,0.054,0.038,0.092,,,67.0,22.0,15.0,15.0,51.0,0.2,351.0,,634.0,,
MIR,2024-10-24 07:00:00,7,24,10,0.0,0.058,0.036,0.094,,,53.0,17.0,16.0,16.0,48.0,0.2,121.0,,634.0,,
MIR,2024-10-24 08:00:00,8,24,10,0.006,0.044,0.035,0.078,,,71.0,24.0,17.0,17.0,48.0,1.0,175.0,,634.0,,
MIR,2024-10-24 09:00:00,9,24,10,0.015,0.02,0.027,0.047,,,132.0,31.0,20.0,20.0,47.0,1.2,166.0,,634.0,,
MIR,2024-10-24 10:00:00,10,24,10,0.026,0.007,0.016,0.023,,,90.0,26.0,22.0,22.0,43.0,1.7,110.0,,634.0,,
MIR,2024-10-24 11:00:00,11,24,10,0.034,0.005,0.015,0.02,,,27.0,5.0,23.0,23.0,35.0,1.6,125.0,,634.0,,
MIR,2024-10-24 12:00:00,12,24,10,0.044,0.003,0.014,0.017,,,36.0,4.0,25.0,25.0,31.0,1.1,114.0,,633.0,,
MIR,2024-10-24 13:00:00,13,24,10,0.051,0.003,0.015,0.017,,,31.0,5.0,26.0,26.0,28.0,1.1,107.0,,632.0,,
MIR,2024-10-24 14:00:00,14,24,10,0.052,0.002,0.013,0.015,,,34.0,9.0,28.0,28.0,25.0,1.3,28.0,,631.0,,
MIR,2024-10-24 15:00:00,15,24,10,0.047,0.002,0.011,0.013,,,28.0,9.0,28.0,28.0,23.0,1.5,74.0,,631.0,,
MIR,2024-10-24 16:00:00,16,24,10,0.04,0.002,0.014,0.016,,,33.0,8.0,28.0,28.0,23.0,1.4,65.0,,631.0,,
MIR,2024-10-24 17:00:00,17,24,10,0.032,0.003,0.019,0.022,,,28.0,9.0,28.0,28.0,23.0,1.6,62.0,,631.0,,
MIR,2024-10-24 18:00:00,18,24,10,0.015,0.005,0.046,0.051,,,33.0,7.0,25.0,25.0,35.0,1.2,168.0,,631.0,,
MIR,2024-10-24 19:00:00,19,24,10,0.003,0.023,0.057,0.081,,,95.0,27.0,24.0,24.0,42.0,0.9,180.0,,631.0,,
MIR,2024-10-24 20:00:00,20,24,10,0.0,0.068,0.058,0.127,,,182.0,51.0,22.0,22.0,46.0,0.2,190.0,,632.0,,
MIR,2024-10-24 21:00:00,21,24,10,0.0,0.091,0.058,0.148,,,178.0,48.0,21.0,21.0,50.0,0.9,198.0,,632.0,,
MIR,2024-10-24 22:00:00,22,24,10,0.0,0.078,0.054,0.132,,,241.0,66.0,20.0,20.0,52.0,0.9,179.0,,632.0,,
MIR,2024-10-24 23:00:00,23,24,10,0.0,0.109,0.055,0.165,,,249.0,70.0,20.0,20.0,56.0,0.4,193.0,,633.0,,
MIR,2024-10-25 00:00:00,0,25,10,0.0,0.114,0.055,0.169,,,250.0,91.0,19.0,19.0,59.0,0.3,200.0,,632.0,,
MIR,2024-10-25 01:00:00,1,25,10,0.0,0.12,0.051,0.171,,,305.0,101.0,18.0,18.0,64.0,1.2,184.0,,633.0,,
MIR,2024-10-25 02:00:00,2,25,10,0.0,0.028,0.048,0.076,,,267.0,116.0,17.0,17.0,64.0,0.6,190.0,,633.0,,
MIR,2024-10-25 03:00:00,3,25,10,0.002,0.006,0.042,0.048,,,148.0,71.0,17.0,17.0,65.0,0.6,204.0,,633.0,,
MIR,2024-10-25 04:00:00,4,25,10,0.005,0.007,0.038,0.045,,,122.0,42.0,17.0,17.0,66.0,0.7,164.0,,633.0,,
MIR,2024-10-25 05:00:00,5,25,10,0.0,0.049,0.042,0.09,,,97.0,46.0,16.0,16.0,71.0,0.2,185.0,,633.0,,
MIR,2024-10-25 06:00:00,6,25,10,0.0,0.115,0.04,0.155,,,99.0,56.0,16.0,16.0,75.0,0.7,182.0,,633.0,,
MIR,2024-10-25 07:00:00,7,25,10,0.0,0.14,0.044,0.184,,,172.0,82.0,17.0,17.0,68.0,0.1,146.0,,634.0,,
MIR,2024-10-25 08:00:00,8,25,10,0.005,0.062,0.047,0.109,,,183.0,82.0,20.0,20.0,54.0,0.4,137.0,,634.0,,
MIR,2024-10-25 09:00:00,9,25,10,0.023,0.011,0.026,0.038,,,112.0,42.0,21.0,21.0,46.0,1.1,159.0,,635.0,,
MIR,2024-10-25 10:00:00,10,25,10,0.03,0.007,0.023,0.03,,,68.0,18.0,23.0,23.0,38.0,1.0,110.0,,635.0,,
MIR,2024-10-25 11:00:00,11,25,10,0.044,0.005,0.021,0.026,,,58.0,12.0,24.0,24.0,34.0,1.0,142.0,,634.0,,
MIR,2024-10-25 12:00:00,12,25,10,0.057,0.003,0.019,0.023,,,58.0,15.0,26.0,26.0,31.0,1.0,90.0,,634.0,,
MIR,2024-10-25 13:00:00,13,25,10,0.066,0.002,0.017,0.019,,,49.0,16.0,27.0,27.0,27.0,1.2,80.0,,633.0,,
MIR,2024-10-25 14:00:00,14,25,10,0.061,0.001,0.014,0.016,,,40.0,10.0,28.0,28.0,24.0,1.2,33.0,,632.0,,
MIR,2024-10-25 15:00:00,15,25,10,0.053,0.002,0.014,0.016,,,31.0,10.0,29.0,29.0,24.0,1.1,56.0,,632.0,,
MIR,2024-10-25 16:00:00,16,25,10,0.042,0.003,0.015,0.017,,,43.0,10.0,29.0,29.0,21.0,1.9,95.0,,632.0,,
MIR,2024-10-25 17:00:00,17,25,10,0.034,0.003,0.021,0.024,,,68.0,10.0,29.0,29.0,21.0,1.4,105.0,,632.0,,
MIR,2024-10-25 18:00:00,18,25,10,0.01,0.009,0.051,0.06,,,31.0,7.0,26.0,26.0,29.0,0.9,148.0,,632.0,,
MIR,2024-10-25 19:00:00,19,25,10,0.001,0.035,0.068,0.103,,,84.0,21.0,24.0,24.0,39.0,0.9,195.0,,632.0,,
MIR,2024-10-25 20:00:00,20,25,10,0.0,0.057,0.065,0.122,,,199.0,47.0,23.0,23.0,43.0,0.5,156.0,,633.0,,
MIR,2024-10-25 21:00:00,21,25,10,0.001,0.057,0.063,0.12,,,213.0,55.0,22.0,22.0,44.0,0.7,192.0,,634.0,,
MIR,2024-10-25 22:00:00,22,25,10,0.002,0.041,0.06,0.101,,,166.0,54.0,22.0,22.0,45.0,0.4,267.0,,634.0,,
MIR,2024-10-25 23:00:00,23,25,10,0.0,0.07,0.058,0.128,,,109.0,37.0,20.0,20.0,51.0,0.4,183.0,,634.0,,
MIR,2024-10-26 00:00:00,0,26,10,0.002,0.023,0.043,0.065,,,210.0,72.0,20.0,20.0,48.0,0.7,102.0,,635.0,,
MIR,2024-10-26 01:00:00,1,26,10,0.012,0.004,0.022,0.026,,,87.0,34.0,19.0,19.0,43.0,1.4,99.0,,635.0,,
MIR,2024-10-26 02:00:00,2,26,10,0.013,0.003,0.02,0.023,,,34.0,10.0,18.0,18.0,44.0,1.4,93.0,,635.0,,
MIR,2024-10-26 03:00:00,3,26,10,0.013,0.003,0.02,0.023,,,25.0,12.0,18.0,18.0,46.0,1.6,90.0,,635.0,,
MIR,2024-10-26 04:00:00,4,26,10,0.008,0.004,0.024,0.028,,,24.0,10.0,16.0,16.0,50.0,1.6,87.0,,635.0,,
MIR,2024-10-26 05:00:00,5,26,10,0.005,0.006,0.028,0.034,,,23.0,7.0,16.0,16.0,52.0,1.7,85.0,,635.0,,
MIR,2024-10-26 06:00:00,6,26,10,0.003,0.013,0.029,0.043,,,27.0,14.0,15.0,15.0,55.0,1.2,90.0,,636.0,,
MIR,2024-10-26 07:00:00,7,26,10,0.006,0.014,0.027,0.041,,,29.0,11.0,16.0,16.0,55.0,1.6,84.0,,636.0,,
MIR,2024-10-26 08:00:00,8,26,10,0.017,0.01,0.017,0.027,,,28.0,12.0,17.0,17.0,55.0,2.3,75.0,,636.0,,
MIR,2024-10-26 09:00:00,9,26,10,0.024,0.006,0.014,0.02,,,38.0,14.0,18.0,18.0,52.0,2.5,79.0,,637.0,,
MIR,2024-10-26 10:00:00,10,26,10,0.03,0.005,0.014,0.019,,,36.0,9.0,20.0,20.0,47.0,2.6,83.0,,636.0,,
MIR,2024-10-26 11:00:00,11,26,10,0.036,0.003,0.012,0.015,,,43.0,7.0,22.0,22.0,43.0,2.7,83.0,,636.0,,
MIR,2024-10-26 12:00:00,12,26,10,0.04,0.003,0.013,0.016,,,36.0,7.0,23.0,23.0,38.0,3.1,92.0,,635.0,,
MIR,2024-10-26 13:00:00,13,26,10,0.042,0.003,0.013,0.017,,,41.0,6.0,25.0,25.0,34.0,2.6,85.0,,634.0,,
MIR,2024-10-26 14:00:00,14,26,10,0.044,0.004,0.015,0.019,,,41.0,5.0,26.0,26.0,31.0,2.7,77.0,,634.0,,
MIR,2024-10-26 15:00:00,15,26,10,0.046,0.003,0.013,0.016,,,33.0,5.0,26.0,26.0,30.0,2.4,60.0,,633.0,,
MIR,2024-10-26 16:00:00,16,26,10,0.045,0.002,0.015,0.017,,,33.0,10.0,26.0,26.0,27.0,2.4,58.0,,633.0,,
MIR,2024-10-26 17:00:00,17,26,10,0.044,0.002,0.015,0.017,,,34.0,9.0,26.0,26.0,25.0,2.3,58.0,,633.0,,
MIR,2024-10-26 18:00:00,18,26,10,0.023,0.002,0.034,0.037,,,26.0,5.0,25.0,25.0,27.0,1.0,68.0,,634.0,,
MIR,2024-10-26 19:00:00,19,26,10,0.002,0.041,0.056,0.097,,,39.0,8.0,23.0,23.0,34.0,0.3,142.0,,634.0,,
MIR,2024-10-26 20:00:00,20,26,10,0.0,0.094,0.056,0.151,,,129.0,43.0,22.0,22.0,41.0,0.3,166.0,,635.0,,
MIR,2024-10-26 21:00:00,21,26,10,0.013,0.017,0.032,0.049,,,150.0,44.0,22.0,22.0,37.0,2.6,94.0,,636.0,,
MIR,2024-10-26 22:00:00,22,26,10,0.019,0.003,0.021,0.024,,,51.0,12.0,20.0,20.0,40.0,2.3,107.0,,636.0,,
MIR,2024-10-26 23:00:00,23,26,10,0.018,0.002,0.018,0.02,,,44.0,8.0,19.0,19.0,43.0,1.0,78.0,,636.0,,
MIR,2024-10-27 00:00:00,0,27,10,0.013,0.002,0.022,0.023,,,30.0,9.0,18.0,18.0,47.0,0.5,89.0,,637.0,,
MIR,2024-10-27 01:00:00,1,27,10,0.011,0.002,0.022,0.024,,,37.0,14.0,17.0,17.0,52.0,0.3,66.0,,636.0,,
MIR,2024-10-27 02:00:00,2,27,10,0.01,0.002,0.023,0.025,,,40.0,19.0,17.0,17.0,54.0,0.3,94.0,,636.0,,
MIR,2024-10-27 03:00:00,3,27,10,0.004,0.008,0.028,0.036,,,27.0,7.0,15.0,15.0,60.0,0.2,149.0,,636.0,,
MIR,2024-10-27 04:00:00,4,27,10,0.007,0.005,0.024,0.029,,,41.0,15.0,15.0,15.0,63.0,0.5,78.0,,636.0,,
MIR,2024-10-27 05:00:00,5,27,10,0.009,0.002,0.02,0.022,,,31.0,11.0,14.0,14.0,68.0,0.6,53.0,,636.0,,
MIR,2024-10-27 06:00:00,6,27,10,0.004,0.004,0.023,0.027,,,20.0,11.0,14.0,14.0,72.0,0.3,35.0,,636.0,,
MIR,2024-10-27 07:00:00,7,27,10,0.003,0.019,0.026,0.045,,,21.0,9.0,14.0,14.0,70.0,0.5,159.0,,637.0,,
MIR,2024-10-27 08:00:00,8,27,10,0.012,0.012,0.02,0.032,,,50.0,13.0,16.0,16.0,64.0,0.8,173.0,,637.0,,
MIR,2024-10-27 09:00:00,9,27,10,0.022,0.007,0.017,0.024,,,51.0,21.0,18.0,18.0,57.0,1.4,110.0,,637.0,,
MIR,2024-10-27 10:00:00,10,27,10,0.03,0.004,0.012,0.016,,,29.0,6.0,20.0,20.0,52.0,2.0,101.0,,637.0,,
MIR,2024-10-27 11:00:00,11,27,10,0.034,0.004,0.014,0.018,,,19.0,5.0,22.0,22.0,49.0,2.2,125.0,,636.0,,
MIR,2024-10-27 12:00:00,12,27,10,0.039,0.003,0.012,0.015,,,28.0,5.0,23.0,23.0,45.0,2.0,88.0,,635.0,,
MIR,2024-10-27 13:00:00,13,27,10,0.041,0.004,0.014,0.018,,,21.0,5.0,24.0,24.0,42.0,1.5,96.0,,634.0,,
MIR,2024-10-27 14:00:00,14,27,10,0.046,0.001,0.009,0.01,,,25.0,5.0,25.0,25.0,38.0,1.4,88.0,,633.0,,
MIR,2024-10-27 15:00:00,15,27,10,0.045,0.001,0.01,0.011,,,24.0,8.0,26.0,26.0,35.0,1.3,108.0,,633.0,,
MIR,2024-10-27 16:00:00,16,27,10,0.044,0.001,0.01,0.011,,,25.0,9.0,26.0,26.0,33.0,1.1,106.0,,633.0,,
MIR,2024-10-27 17:00:00,17,27,10,0.036,0.002,0.015,0.016,,,23.0,10.0,26.0,26.0,34.0,1.3,97.0,,633.0,,
MIR,2024-10-27 18:00:00,18,27,10,0.023,0.002,0.032,0.034,,,25.0,9.0,24.0,24.0,43.0,1.2,157.0,,633.0,,
MIR,2024-10-27 19:00:00,19,27,10,0.007,0.007,0.046,0.054,,,76.0,21.0,23.0,23.0,47.0,0.9,186.0,,633.0,,
MIR,2024-10-27 20:00:00,20,27,10,0.006,0.014,0.047,0.061,,,99.0,29.0,23.0,23.0,47.0,0.6,185.0,,633.0,,
MIR,2024-10-27 21:00:00,21,27,10,0.001,0.044,0.051,0.094,,,86.0,23.0,21.0,21.0,51.0,0.2,135.0,,634.0,,
MIR,2024-10-27 22:00:00,22,27,10,0.0,0.086,0.048,0.134,,,114.0,35.0,20.0,20.0,59.0,0.2,175.0,,634.0,,
MIR,2024-10-27 23:00:00,23,27,10,,0.069,0.048,0.117,,,227.0,91.0,19.0,19.0,61.0,0.3,357.0,,634.0,,
MIR,2024-10-28 00:00:00,0,28,10,0.001,0.015,0.041,0.056,,,121.0,49.0,19.0,19.0,57.0,0.2,110.0,,634.0,,
MIR,2024-10-28 01:00:00,1,28,10,0.004,0.004,0.033,0.037,,,59.0,26.0,18.0,18.0,60.0,0.4,190.0,,634.0,,
MIR,2024-10-28 02:00:00,2,28,10,0.006,0.002,0.026,0.028,,,109.0,40.0,17.0,17.0,63.0,0.2,85.0,,634.0,,
MIR,2024-10-28 03:00:00,3,28,10,0.004,0.002,0.024,0.026,,,34.0,18.0,16.0,16.0,66.0,0.1,86.0,,634.0,,
MIR,2024-10-28 04:00:00,4,28,10,0.004,0.004,0.027,0.031,,,27.0,12.0,16.0,16.0,64.0,0.3,97.0,,634.0,,
MIR,2024-10-28 05:00:00,5,28,10,0.002,0.013,0.03,0.044,,,21.0,12.0,16.0,16.0,62.0,0.4,102.0,,634.0,,
MIR,2024-10-28 06:00:00,6,28,10,0.0,0.074,0.032,0.106,,,28.0,8.0,15.0,15.0,68.0,0.3,173.0,,634.0,,
MIR,2024-10-28 07:00:00,7,28,10,0.0,0.072,0.029,0.101,,,74.0,24.0,16.0,16.0,67.0,0.4,164.0,,635.0,,
MIR,2024-10-28 08:00:00,8,28,10,0.008,0.03,0.026,0.056,,,102.0,24.0,18.0,18.0,59.0,1.4,123.0,,635.0,,
MIR,2024-10-28 09:00:00,9,28,10,0.018,0.011,0.018,0.029,,,61.0,15.0,20.0,20.0,54.0,2.0,99.0,,635.0,,
MIR,2024-10-28 10:00:00,10,28,10,0.023,0.008,0.016,0.023,,,48.0,11.0,21.0,21.0,52.0,1.8,132.0,,635.0,,
MIR,2024-10-28 11:00:00,11,28,10,0.034,0.004,0.013,0.017,,,42.0,10.0,22.0,22.0,48.0,1.7,147.0,,635.0,,
MIR,2024-10-28 12:00:00,12,28,10,0.04,0.003,0.014,0.017,,,39.0,13.0,24.0,24.0,43.0,1.4,94.0,,634.0,,
MIR,2024-10-28 13:00:00,13,28,10,0.047,0.003,0.014,0.016,,,43.0,17.0,26.0,26.0,37.0,1.1,93.0,,633.0,,
MIR,2024-10-28 14:00:00,14,28,10,0.052,0.002,0.014,0.016,,,41.0,16.0,26.0,26.0,33.0,1.1,19.0,,632.0,,
MIR,2024-10-28 15:00:00,15,28,10,0.059,0.001,0.015,0.016,,,43.0,14.0,27.0,27.0,31.0,0.9,317.0,,631.0,,
MIR,2024-10-28 16:00:00,16,28,10,0.061,0.001,0.016,0.017,,,49.0,18.0,27.0,27.0,29.0,0.6,254.0,,631.0,,
MIR,2024-10-28 17:00:00,17,28,10,0.059,0.001,0.023,0.023,,,46.0,18.0,26.0,26.0,31.0,0.4,332.0,,631.0,,
MIR,2024-10-28 18:00:00,18,28,10,0.039,0.003,0.046,0.049,,,53.0,23.0,25.0,25.0,36.0,0.3,302.0,,631.0,,
MIR,2024-10-28 19:00:00,19,28,10,0.005,0.023,0.066,0.089,,,63.0,24.0,23.0,23.0,42.0,0.3,231.0,,632.0,,
MIR,2024-10-28 20:00:00,20,28,10,0.0,0.035,0.056,0.091,,,122.0,37.0,22.0,22.0,45.0,0.4,207.0,,632.0,,
MIR,2024-10-28 21:00:00,21,28,10,0.003,0.085,0.053,0.139,,,152.0,33.0,21.0,21.0,52.0,1.1,203.0,,633.0,,
MIR,2024-10-28 22:00:00,22,28,10,0.02,0.012,0.032,0.044,,,272.0,77.0,21.0,21.0,45.0,1.2,308.0,,633.0,,
MIR,2024-10-28 23:00:00,23,28,10,0.003,0.02,0.046,0.066,,,52.0,22.0,20.0,20.0,52.0,0.2,125.0,,633.0,,
MIR,2024-10-29 00:00:00,0,29,10,0.012,0.005,0.033,0.038,,,82.0,33.0,19.0,19.0,57.0,0.1,312.0,,633.0,,
MIR,2024-10-29 01:00:00,1,29,10,0.009,0.002,0.033,0.034,,,38.0,19.0,19.0,19.0,58.0,0.1,226.0,,633.0,,
MIR,2024-10-29 02:00:00,2,29,10,0.007,0.004,0.035,0.039,,,49.0,21.0,18.0,18.0,63.0,0.1,291.0,,633.0,,
MIR,2024-10-29 03:00:00,3,29,10,0.0,0.019,0.041,0.06,,,50.0,23.0,17.0,17.0,68.0,0.6,189.0,,632.0,,
MIR,2024-10-29 04:00:00,4,29,10,0.0,0.02,0.04,0.06,,,113.0,61.0,16.0,16.0,71.0,1.2,194.0,,632.0,,
MIR,2024-10-29 05:00:00,5,29,10,0.0,0.035,0.038,0.073,,,109.0,55.0,16.0,16.0,72.0,0.6,179.0,,632.0,,
MIR,2024-10-29 06:00:00,6,29,10,,0.075,0.039,0.114,,,95.0,46.0,15.0,15.0,74.0,0.4,159.0,,633.0,,
MIR,2024-10-29 07:00:00,7,29,10,0.0,0.075,0.038,0.113,,,106.0,43.0,16.0,16.0,72.0,0.7,174.0,,633.0,,
MIR,2024-10-29 08:00:00,8,29,10,0.007,0.036,0.039,0.075,,,127.0,52.0,19.0,19.0,61.0,0.3,168.0,,633.0,,
MIR,2024-10-29 09:00:00,9,29,10,0.024,0.016,0.033,0.048,,,87.0,34.0,21.0,21.0,58.0,0.7,142.0,,634.0,,
MIR,2024-10-29 10:00:00,10,29,10,0.045,0.005,0.025,0.03,,,76.0,32.0,23.0,23.0,49.0,0.6,212.0,,634.0,,
MIR,2024-10-29 11:00:00,11,29,10,0.056,0.005,0.032,0.037,,0.727,69.0,27.0,25.0,25.0,40.0,0.8,341.0,,633.0,,
MIR,2024-10-29 12:00:00,12,29,10,0.075,0.005,0.034,0.039,,0.665,81.0,33.0,26.0,26.0,35.0,1.0,121.0,,632.0,,
MIR,2024-10-29 13:00:00,13,29,10,0.079,0.002,0.021,0.024,,0.334,73.0,31.0,27.0,27.0,32.0,0.9,250.0,,632.0,,
MIR,2024-10-29 14:00:00,14,29,10,0.073,0.003,0.025,0.027,,0.168,70.0,28.0,28.0,28.0,29.0,1.1,220.0,,631.0,,
MIR,2024-10-29 15:00:00,15,29,10,0.061,0.005,0.031,0.036,,0.174,48.0,21.0,28.0,28.0,28.0,1.2,259.0,,631.0,,
MIR,2024-10-29 16:00:00,16,29,10,0.05,0.007,0.029,0.035,,0.341,46.0,19.0,28.0,28.0,30.0,3.1,262.0,,630.0,,
MIR,2024-10-29 17:00:00,17,29,10,0.045,0.008,0.031,0.039,,0.396,59.0,17.0,27.0,27.0,33.0,1.6,252.0,,631.0,,
MIR,2024-10-29 18:00:00,18,29,10,0.024,0.01,0.047,0.058,,0.823,45.0,21.0,25.0,25.0,34.0,1.5,271.0,,631.0,,
MIR,2024-10-29 19:00:00,19,29,10,0.008,0.015,0.06,0.075,,1.053,50.0,21.0,24.0,24.0,37.0,1.1,269.0,,632.0,,
MIR,2024-10-29 20:00:00,20,29,10,0.016,0.015,0.055,0.069,,0.796,68.0,23.0,23.0,23.0,40.0,1.7,280.0,,632.0,,
MIR,2024-10-29 21:00:00,21,29,10,0.018,0.015,0.051,0.065,,0.682,49.0,12.0,22.0,22.0,44.0,1.6,271.0,,633.0,,
MIR,2024-10-29 22:00:00,22,29,10,0.032,0.013,0.038,0.052,,0.329,41.0,15.0,22.0,22.0,49.0,3.0,258.0,,633.0,,
MIR,2024-10-29 23:00:00,23,29,10,0.023,0.013,0.042,0.056,,0.445,36.0,17.0,20.0,20.0,57.0,1.1,308.0,,633.0,,
MIR,2024-10-30 00:00:00,0,30,10,0.009,0.015,0.053,0.068,,0.737,30.0,12.0,20.0,20.0,62.0,0.2,1.0,,633.0,,
MIR,2024-10-30 01:00:00,1,30,10,0.016,0.015,0.048,0.063,,0.615,43.0,18.0,19.0,19.0,71.0,0.4,297.0,,633.0,,
MIR,2024-10-30 02:00:00,2,30,10,0.014,0.016,0.046,0.061,,0.554,27.0,13.0,18.0,18.0,75.0,0.2,31.0,,633.0,,
MIR,2024-10-30 03:00:00,3,30,10,0.003,0.018,0.054,0.072,,0.68,36.0,21.0,17.0,17.0,77.0,0.1,288.0,,633.0,,
MIR,2024-10-30 04:00:00,4,30,10,0.0,0.023,0.057,0.08,,0.793,46.0,28.0,17.0,17.0,79.0,0.1,248.0,,633.0,,
MIR,2024-10-30 05:00:00,5,30,10,0.0,0.052,0.055,0.107,,1.084,36.0,23.0,16.0,16.0,84.0,0.4,198.0,,633.0,,
MIR,2024-10-30 06:00:00,6,30,10,0.0,0.115,0.057,0.171,,2.037,95.0,45.0,16.0,16.0,87.0,0.4,175.0,,634.0,,
MIR,2024-10-30 07:00:00,7,30,10,0.0,0.144,0.061,0.205,,2.708,145.0,75.0,16.0,16.0,86.0,0.9,178.0,,634.0,,
MIR,2024-10-30 08:00:00,8,30,10,0.007,0.065,0.063,0.128,,1.654,194.0,102.0,18.0,18.0,78.0,0.8,166.0,,634.0,,
MIR,2024-10-30 09:00:00,9,30,10,0.025,0.038,0.053,0.092,,0.915,129.0,74.0,20.0,20.0,64.0,0.7,128.0,,635.0,,
MIR,2024-10-30 10:00:00,10,30,10,0.044,0.025,0.043,0.068,,0.62,81.0,44.0,22.0,22.0,49.0,0.8,94.0,,635.0,,
MIR,2024-10-30 11:00:00,11,30,10,0.052,0.02,0.04,0.06,,0.569,60.0,28.0,25.0,25.0,33.0,0.7,319.0,,634.0,,
MIR,2024-10-30 12:00:00,12,30,10,0.069,0.011,0.034,0.046,,0.699,49.0,20.0,26.0,26.0,26.0,1.1,351.0,,634.0,,
MIR,2024-10-30 13:00:00,13,30,10,0.061,0.003,0.027,0.03,,0.586,46.0,18.0,27.0,27.0,21.0,1.3,1.0,,633.0,,
MIR,2024-10-30 14:00:00,14,30,10,0.038,0.006,0.03,0.036,,0.494,35.0,10.0,28.0,28.0,18.0,1.5,336.0,,632.0,,
MIR,2024-10-30 15:00:00,15,30,10,0.036,0.01,0.032,0.042,,0.467,24.0,7.0,28.0,28.0,18.0,1.7,335.0,,632.0,,
MIR,2024-10-30 16:00:00,16,30,10,0.038,0.012,0.032,0.044,,0.427,23.0,5.0,28.0,28.0,21.0,1.7,306.0,,632.0,,
MIR,2024-10-30 17:00:00,17,30,10,0.033,0.013,0.035,0.048,,0.47,25.0,6.0,26.0,26.0,24.0,1.8,315.0,,632.0,,
MIR,2024-10-30 18:00:00,18,30,10,0.02,0.015,0.045,0.06,,0.66,27.0,7.0,24.0,24.0,24.0,1.2,321.0,,632.0,,
MIR,2024-10-30 19:00:00,19,30,10,0.014,0.017,0.05,0.067,,0.679,30.0,10.0,23.0,23.0,26.0,0.8,327.0,,633.0,,
MIR,2024-10-30 20:00:00,20,30,10,0.011,0.018,0.054,0.072,,0.77,25.0,7.0,22.0,22.0,30.0,0.8,314.0,,633.0,,
MIR,2024-10-30 21:00:00,21,30,10,0.004,0.034,0.061,0.095,,1.046,27.0,6.0,21.0,21.0,32.0,0.5,358.0,,634.0,,
MIR,2024-10-30 22:00:00,22,30,10,0.0,0.044,0.065,0.109,,1.163,43.0,15.0,20.0,20.0,35.0,1.0,289.0,,634.0,,
MIR,2024-10-30 23:00:00,23,30,10,0.008,0.024,0.056,0.08,,0.79,45.0,19.0,19.0,19.0,36.0,0.4,262.0,,634.0,,
MIR,2024-10-31 00:00:00,0,31,10,0.0,0.066,0.062,0.128,,1.35,28.0,10.0,18.0,18.0,43.0,0.2,173.0,,633.0,,
MIR,2024-10-31 01:00:00,1,31,10,0.0,0.082,0.065,0.147,,1.259,87.0,31.0,17.0,17.0,45.0,0.3,189.0,,633.0,,
MIR,2024-10-31 02:00:00,2,31,10,0.0,0.067,0.063,0.13,,1.22,114.0,44.0,16.0,16.0,50.0,0.5,195.0,,633.0,,
MIR,2024-10-31 03:00:00,3,31,10,0.0,0.052,0.061,0.113,,1.03,128.0,62.0,15.0,15.0,55.0,0.1,251.0,,633.0,,
MIR,2024-10-31 04:00:00,4,31,10,0.0,0.07,0.056,0.127,,1.221,94.0,43.0,14.0,14.0,59.0,0.2,240.0,,633.0,,
MIR,2024-10-31 05:00:00,5,31,10,0.0,0.091,0.06,0.151,,1.423,97.0,51.0,14.0,14.0,60.0,0.6,190.0,,633.0,,
MIR,2024-10-31 06:00:00,6,31,10,0.0,0.121,0.058,0.179,,2.068,124.0,53.0,14.0,14.0,62.0,0.1,192.0,,633.0,,
MIR,2024-10-31 07:00:00,7,31,10,0.0,0.205,0.065,0.27,,3.606,118.0,62.0,15.0,15.0,58.0,0.1,187.0,,634.0,,
MIR,2024-10-31 08:00:00,8,31,10,0.002,0.17,0.082,0.252,,3.233,219.0,83.0,18.0,18.0,50.0,0.2,166.0,,634.0,,
MIR,2024-10-31 09:00:00,9,31,10,0.011,0.099,0.088,0.187,,2.034,202.0,74.0,20.0,20.0,39.0,0.7,65.0,,634.0,,
MIR,2024-10-31 10:00:00,10,31,10,0.026,0.052,0.063,0.115,,0.982,123.0,51.0,23.0,23.0,28.0,0.7,21.0,,634.0,,
MIR,2024-10-31 11:00:00,11,31,10,0.039,0.038,0.048,0.086,,0.624,59.0,21.0,24.0,24.0,24.0,0.9,12.0,,634.0,,
MIR,2024-10-31 12:00:00,12,31,10,0.054,0.03,0.048,0.078,,0.531,28.0,9.0,25.0,25.0,23.0,0.9,295.0,,633.0,,
MIR,2024-10-31 13:00:00,13,31,10,0.059,0.025,0.044,0.069,,0.498,30.0,8.0,26.0,26.0,21.0,1.2,319.0,,633.0,,
MIR,2024-10-31 14:00:00,14,31,10,0.059,0.024,0.044,0.068,,0.511,36.0,8.0,27.0,27.0,21.0,1.2,8.0,,632.0,,
MIR,2024-10-31 15:00:00,15,31,10,0.068,0.022,0.045,0.067,,0.486,35.0,9.0,27.0,27.0,20.0,1.1,302.0,,631.0,,
MIR,2024-10-31 16:00:00,16,31,10,0.061,0.022,0.046,0.068,,0.539,37.0,11.0,27.0,27.0,20.0,1.0,312.0,,631.0,,
MIR,2024-10-31 17:00:00,17,31,10,0.034,0.023,0.053,0.077,,0.589,38.0,14.0,26.0,26.0,22.0,0.7,358.0,,631.0,,
MIR,2024-10-31 18:00:00,18,31,10,0.008,0.033,0.063,0.096,,0.833,38.0,10.0,24.0,24.0,25.0,0.5,9.0,,632.0,,
MIR,2024-10-31 19:00:00,19,31,10,0.011,0.028,0.061,0.089,,0.907,48.0,20.0,23.0,23.0,30.0,0.9,309.0,,632.0,,
MIR,2024-10-31 20:00:00,20,31,10,0.006,0.029,0.065,0.094,,1.042,35.0,12.0,22.0,22.0,32.0,1.1,301.0,,632.0,,
MIR,2024-10-31 21:00:00,21,31,10,0.004,0.03,0.064,0.094,,0.97,34.0,12.0,21.0,21.0,32.0,0.8,305.0,,633.0,,
MIR,2024-10-31 22:00:00,22,31,10,0.004,0.031,0.062,0.093,,0.977,34.0,12.0,20.0,20.0,33.0,0.4,331.0,,633.0,,
MIR,2024-10-31 23:00:00,23,31,10,0.0,0.049,0.066,0.115,,1.461,34.0,10.0,18.0,18.0,38.0,0.1,292.0,,633.0,,
MIR,2024-11-01 00:00:00,0,1,11,0.003,0.072,0.065,0.137,,1.662,56.0,15.0,18.0,18.0,41.0,0.2,201.0,,632.0,,
MIR,2024-11-01 01:00:00,1,1,11,0.0,0.098,0.067,0.166,,1.472,71.0,28.0,18.0,17.0,45.0,0.1,235.0,,632.0,,
MIR,2024-11-01 02:00:00,2,1,11,0.0,0.054,0.064,0.117,,0.988,128.0,44.0,18.0,16.0,48.0,0.2,251.0,,632.0,,
MIR,2024-11-01 03:00:00,3,1,11,0.0,0.058,0.061,0.118,,0.982,44.0,15.0,18.0,16.0,49.0,0.2,104.0,,632.0,,
MIR,2024-11-01 04:00:00,4,1,11,0.0,0.079,0.063,0.143,,1.161,74.0,23.0,18.0,15.0,52.0,0.1,176.0,,632.0,,
MIR,2024-11-01 05:00:00,5,1,11,0.0,0.11,0.064,0.174,,1.448,73.0,34.0,18.0,14.0,57.0,0.5,192.0,,632.0,,
MIR,2024-11-01 06:00:00,6,1,11,0.0,0.126,0.062,0.187,,2.0,153.0,62.0,18.0,14.0,59.0,0.3,178.0,,632.0,,
MIR,2024-11-01 07:00:00,7,1,11,0.0,0.2,0.064,0.264,,3.754,143.0,46.0,18.0,15.0,58.0,0.1,183.0,,633.0,,
MIR,2024-11-01 08:00:00,8,1,11,0.002,0.205,0.085,0.29,,3.301,170.0,62.0,18.0,18.0,46.0,0.7,105.0,,633.0,,
MIR,2024-11-01 09:00:00,9,1,11,0.014,0.077,0.076,0.153,,1.317,161.0,64.0,17.0,20.0,36.0,0.7,82.0,,633.0,,
MIR,2024-11-01 10:00:00,10,1,11,0.027,0.048,0.057,0.105,,0.723,96.0,43.0,18.0,22.0,31.0,1.1,80.0,,633.0,,
MIR,2024-11-01 11:00:00,11,1,11,0.036,0.037,0.048,0.084,,0.5,71.0,15.0,19.0,24.0,28.0,1.3,118.0,,633.0,,
MIR,2024-11-01 12:00:00,12,1,11,0.05,0.027,0.041,0.068,,0.431,41.0,15.0,20.0,26.0,27.0,1.6,143.0,,632.0,,
MIR,2024-11-01 13:00:00,13,1,11,0.058,0.021,0.041,0.062,,0.456,45.0,14.0,20.0,27.0,25.0,1.5,146.0,,631.0,,
MIR,2024-11-01 14:00:00,14,1,11,0.06,0.018,0.04,0.059,,0.47,42.0,9.0,21.0,28.0,24.0,1.1,123.0,,631.0,,
MIR,2024-11-01 15:00:00,15,1,11,0.056,0.018,0.042,0.06,,0.463,38.0,9.0,21.0,28.0,22.0,1.2,175.0,,630.0,,
MIR,2024-11-01 16:00:00,16,1,11,0.056,0.018,0.041,0.059,,0.427,39.0,11.0,20.0,29.0,22.0,0.7,170.0,,630.0,,
MIR,2024-11-01 17:00:00,17,1,11,0.041,0.019,0.045,0.064,,0.54,38.0,12.0,20.0,28.0,22.0,0.9,292.0,,630.0,,
MIR,2024-11-01 18:00:00,18,1,11,0.016,0.027,0.072,0.099,,1.356,33.0,7.0,19.0,26.0,28.0,1.3,280.0,,630.0,,
MIR,2024-11-01 19:00:00,19,1,11,0.028,0.023,0.077,0.1,,1.5,74.0,20.0,19.0,24.0,34.0,1.0,307.0,,631.0,,
MIR,2024-11-01 20:00:00,20,1,11,0.016,0.024,0.082,0.106,,1.536,85.0,23.0,18.0,23.0,37.0,0.9,299.0,,631.0,,
MIR,2024-11-01 21:00:00,21,1,11,0.006,0.042,0.08,0.123,,1.575,84.0,22.0,18.0,22.0,39.0,0.3,211.0,,632.0,,
MIR,2024-11-01 22:00:00,22,1,11,0.001,0.068,0.08,0.148,,1.706,89.0,30.0,18.0,20.0,43.0,0.1,72.0,,632.0,,
MIR,2024-11-01 23:00:00,23,1,11,,0.078,0.077,0.155,,1.962,74.0,24.0,18.0,19.0,47.0,0.1,71.0,,632.0,,
MIR,2024-11-02 00:00:00,0,2,11,0.001,0.051,0.071,0.122,,1.332,105.0,40.0,18.0,19.0,48.0,0.1,48.0,,632.0,,
MIR,2024-11-02 01:00:00,1,2,11,0.0,0.054,0.066,0.12,,1.396,62.0,22.0,18.0,18.0,49.0,0.2,168.0,,632.0,,
MIR,2024-11-02 02:00:00,2,2,11,,0.048,0.067,0.115,,1.06,71.0,31.0,18.0,17.0,53.0,0.2,148.0,,632.0,,
MIR,2024-11-02 03:00:00,3,2,11,,0.05,0.067,0.118,,1.023,54.0,18.0,18.0,17.0,54.0,0.3,201.0,,632.0,,
MIR,2024-11-02 04:00:00,4,2,11,0.0,0.042,0.065,0.107,,0.723,56.0,21.0,18.0,17.0,54.0,0.4,216.0,,632.0,,
MIR,2024-11-02 05:00:00,5,2,11,0.0,0.049,0.063,0.112,,0.941,81.0,34.0,18.0,17.0,56.0,0.1,215.0,,632.0,,
MIR,2024-11-02 06:00:00,6,2,11,0.0,0.12,0.066,0.187,,1.853,91.0,28.0,18.0,17.0,59.0,0.4,158.0,,632.0,,
MIR,2024-11-02 07:00:00,7,2,11,0.001,0.167,0.07,0.237,,2.612,174.0,60.0,18.0,17.0,60.0,0.2,151.0,,633.0,,
MIR,2024-11-02 08:00:00,8,2,11,0.004,0.08,0.074,0.154,,1.439,190.0,71.0,18.0,19.0,52.0,0.2,276.0,,633.0,,
MIR,2024-11-02 09:00:00,9,2,11,0.017,0.056,0.071,0.127,,1.058,111.0,48.0,17.0,22.0,45.0,0.5,74.0,,633.0,,
MIR,2024-11-02 10:00:00,10,2,11,0.037,0.039,0.062,0.101,,0.908,73.0,37.0,19.0,23.0,44.0,0.7,63.0,,633.0,,
MIR,2024-11-02 11:00:00,11,2,11,0.05,0.029,0.048,0.077,,0.614,87.0,27.0,19.0,25.0,45.0,1.0,141.0,,633.0,,
MIR,2024-11-02 12:00:00,12,2,11,0.061,0.023,0.046,0.07,,0.564,65.0,25.0,19.0,26.0,41.0,1.0,240.0,,632.0,,
MIR,2024-11-02 13:00:00,13,2,11,0.064,0.022,0.048,0.069,,0.524,75.0,25.0,19.0,27.0,39.0,1.0,129.0,,631.0,,
MIR,2024-11-02 14:00:00,14,2,11,0.076,0.017,0.046,0.062,,0.512,69.0,19.0,20.0,27.0,38.0,0.8,284.0,,631.0,,
MIR,2024-11-02 15:00:00,15,2,11,0.079,0.015,0.043,0.058,,0.522,71.0,27.0,20.0,28.0,34.0,0.6,168.0,,630.0,,
MIR,2024-11-02 16:00:00,16,2,11,0.075,0.014,0.047,0.06,,0.617,58.0,21.0,20.0,27.0,38.0,1.4,279.0,,630.0,,
MIR,2024-11-02 17:00:00,17,2,11,0.043,0.016,0.045,0.061,,0.541,55.0,23.0,20.0,27.0,32.0,1.8,274.0,,630.0,,
MIR,2024-11-02 18:00:00,18,2,11,0.03,0.018,0.046,0.064,,0.612,28.0,13.0,20.0,25.0,44.0,2.5,256.0,,630.0,,
MIR,2024-11-02 19:00:00,19,2,11,0.026,0.019,0.047,0.066,,0.639,54.0,21.0,19.0,24.0,44.0,2.0,257.0,,631.0,,
MIR,2024-11-02 20:00:00,20,2,11,0.024,0.02,0.046,0.066,,0.638,52.0,30.0,19.0,24.0,47.0,1.1,253.0,,631.0,,
MIR,2024-11-02 21:00:00,21,2,11,0.028,0.021,0.044,0.065,,0.527,41.0,17.0,19.0,23.0,57.0,2.9,264.0,,632.0,,
MIR,2024-11-02 22:00:00,22,2,11,0.029,0.02,0.042,0.062,,0.439,51.0,16.0,19.0,22.0,63.0,2.8,264.0,,632.0,,
MIR,2024-11-02 23:00:00,23,2,11,0.028,0.02,0.041,0.061,,0.396,37.0,18.0,18.0,21.0,64.0,2.2,268.0,,632.0,,
MIR,2024-11-03 00:00:00,0,3,11,0.029,0.019,0.04,0.059,,0.334,32.0,13.0,18.0,21.0,70.0,1.8,253.0,,632.0,,
MIR,2024-11-03 01:00:00,1,3,11,0.029,0.019,0.039,0.058,,0.356,28.0,13.0,18.0,20.0,77.0,0.9,263.0,,632.0,,
MIR,2024-11-03 02:00:00,2,3,11,0.029,0.018,0.04,0.058,,0.372,26.0,13.0,18.0,20.0,78.0,1.2,284.0,,632.0,,
MIR,2024-11-03 03:00:00,3,3,11,0.026,0.019,0.04,0.059,,0.414,26.0,16.0,18.0,19.0,82.0,0.3,318.0,,631.0,,
MIR,2024-11-03 04:00:00,4,3,11,0.026,0.019,0.04,0.059,,0.384,28.0,18.0,18.0,18.0,85.0,0.7,292.0,,631.0,,
MIR,2024-11-03 05:00:00,5,3,11,0.025,0.02,0.041,0.06,,0.369,23.0,16.0,18.0,18.0,86.0,1.0,300.0,,631.0,,
MIR,2024-11-03 06:00:00,6,3,11,0.009,0.028,0.051,0.079,,0.725,26.0,14.0,18.0,17.0,88.0,0.2,355.0,,631.0,,
MIR,2024-11-03 07:00:00,7,3,11,0.001,0.051,0.059,0.11,,1.2,37.0,20.0,18.0,17.0,85.0,0.1,63.0,,632.0,,
MIR,2024-11-03 08:00:00,8,3,11,0.014,0.034,0.056,0.09,,0.819,50.0,23.0,18.0,20.0,77.0,0.5,113.0,,632.0,,
MIR,2024-11-03 09:00:00,9,3,11,0.024,0.031,0.053,0.084,,0.802,53.0,30.0,18.0,21.0,72.0,0.4,167.0,,632.0,,
MIR,2024-11-03 10:00:00,10,3,11,0.041,0.024,0.045,0.07,,0.605,63.0,30.0,19.0,23.0,57.0,0.7,293.0,,632.0,,
MIR,2024-11-03 11:00:00,11,3,11,0.049,0.02,0.038,0.058,,0.437,45.0,19.0,19.0,24.0,44.0,1.3,304.0,,632.0,,
MIR,2024-11-03 12:00:00,12,3,11,0.051,0.019,0.036,0.055,,0.412,22.0,13.0,21.0,25.0,39.0,1.3,289.0,,631.0,,
MIR,2024-11-03 13:00:00,13,3,11,0.045,0.019,0.035,0.054,,0.422,21.0,9.0,22.0,27.0,33.0,1.2,317.0,,630.0,,
MIR,2024-11-03 14:00:00,14,3,11,0.034,0.021,0.033,0.054,,0.425,19.0,8.0,22.0,27.0,30.0,1.6,287.0,,630.0,,
MIR,2024-11-03 15:00:00,15,3,11,0.028,0.023,0.034,0.056,,0.398,20.0,4.0,22.0,28.0,26.0,1.9,290.0,,629.0,,
MIR,2024-11-03 16:00:00,16,3,11,0.027,0.024,0.033,0.057,,0.352,21.0,4.0,20.0,27.0,28.0,2.3,291.0,,629.0,,
MIR,2024-11-03 17:00:00,17,3,11,0.026,0.024,0.035,0.059,,0.371,14.0,6.0,20.0,26.0,32.0,2.7,283.0,,629.0,,
MIR,2024-11-03 18:00:00,18,3,11,0.018,0.024,0.042,0.066,,0.565,16.0,6.0,19.0,24.0,38.0,1.5,292.0,,629.0,,
MIR,2024-11-03 19:00:00,19,3,11,0.011,0.024,0.051,0.075,,0.75,19.0,12.0,19.0,23.0,42.0,0.7,305.0,,630.0,,
MIR,2024-11-03 20:00:00,20,3,11,0.003,0.034,0.057,0.091,,1.103,24.0,8.0,18.0,22.0,45.0,0.5,236.0,,630.0,,
MIR,2024-11-03 21:00:00,21,3,11,0.006,0.029,0.053,0.082,,0.801,50.0,12.0,18.0,21.0,48.0,1.0,286.0,,631.0,,
MIR,2024-11-03 22:00:00,22,3,11,0.001,0.041,0.057,0.098,,1.287,32.0,9.0,18.0,20.0,53.0,0.1,251.0,,631.0,,
MIR,2024-11-03 23:00:00,23,3,11,0.001,0.043,0.057,0.1,,1.173,41.0,10.0,18.0,20.0,57.0,0.5,272.0,,631.0,,
MIR,2024-11-04 00:00:00,0,4,11,0.02,0.025,0.043,0.068,,0.4,44.0,18.0,18.0,20.0,67.0,1.8,295.0,,631.0,,
MIR,2024-11-04 01:00:00,1,4,11,0.019,0.023,0.042,0.065,,0.397,21.0,7.0,18.0,19.0,72.0,0.5,279.0,,631.0,,
MIR,2024-11-04 02:00:00,2,4,11,0.016,0.022,0.043,0.066,,0.405,18.0,8.0,18.0,19.0,76.0,0.2,181.0,,631.0,,
MIR,2024-11-04 03:00:00,3,4,11,0.019,0.022,0.042,0.064,,0.324,22.0,10.0,18.0,18.0,81.0,0.4,194.0,,631.0,,
MIR,2024-11-04 04:00:00,4,4,11,0.016,0.022,0.042,0.064,,0.357,21.0,14.0,18.0,18.0,87.0,0.5,217.0,,631.0,,
MIR,2024-11-04 05:00:00,5,4,11,0.003,0.043,0.053,0.096,,0.731,25.0,14.0,18.0,17.0,88.0,0.6,198.0,,631.0,,
MIR,2024-11-04 06:00:00,6,4,11,0.001,0.063,0.056,0.119,,1.146,59.0,26.0,18.0,16.0,89.0,0.7,200.0,,631.0,,
MIR,2024-11-04 07:00:00,7,4,11,0.001,0.094,0.058,0.152,,1.985,142.0,95.0,18.0,17.0,85.0,0.4,155.0,,631.0,,
MIR,2024-11-04 08:00:00,8,4,11,0.005,0.083,0.058,0.14,,1.471,136.0,67.0,18.0,19.0,77.0,0.9,184.0,,632.0,,
MIR,2024-11-04 09:00:00,9,4,11,0.021,0.033,0.042,0.075,,0.587,114.0,33.0,18.0,20.0,71.0,0.8,337.0,,632.0,,
MIR,2024-11-04 10:00:00,10,4,11,0.028,0.031,0.046,0.076,,0.617,36.0,17.0,19.0,22.0,61.0,0.9,264.0,,632.0,,
MIR,2024-11-04 11:00:00,11,4,11,0.042,0.025,0.036,0.061,,0.37,56.0,23.0,19.0,24.0,47.0,1.8,266.0,,632.0,,
MIR,2024-11-04 12:00:00,12,4,11,0.044,0.022,0.036,0.058,,0.323,46.0,12.0,19.0,26.0,39.0,2.3,263.0,,631.0,,
MIR,2024-11-04 13:00:00,13,4,11,0.036,0.022,0.034,0.056,,0.29,61.0,11.0,19.0,27.0,34.0,2.7,268.0,,630.0,,
MIR,2024-11-04 14:00:00,14,4,11,0.033,0.021,0.033,0.054,,0.282,39.0,9.0,19.0,27.0,32.0,3.1,261.0,,629.0,,
MIR,2024-11-04 15:00:00,15,4,11,0.032,0.021,0.035,0.056,,0.381,31.0,7.0,19.0,27.0,32.0,2.8,276.0,,629.0,,
MIR,2024-11-04 16:00:00,16,4,11,0.026,0.023,0.038,0.061,,0.439,30.0,11.0,20.0,27.0,29.0,2.9,268.0,,629.0,,
MIR,2024-11-04 17:00:00,17,4,11,0.021,0.024,0.039,0.063,,0.455,44.0,7.0,20.0,26.0,32.0,3.1,268.0,,629.0,,
MIR,2024-11-04 18:00:00,18,4,11,0.019,0.024,0.045,0.069,,0.607,31.0,7.0,19.0,24.0,45.0,2.0,292.0,,629.0,,
MIR,2024-11-04 19:00:00,19,4,11,0.011,0.026,0.052,0.077,,0.878,26.0,9.0,19.0,23.0,51.0,1.7,288.0,,629.0,,
MIR,2024-11-04 20:00:00,20,4,11,0.009,0.026,0.052,0.079,,0.787,37.0,8.0,18.0,22.0,53.0,1.2,298.0,,630.0,,
MIR,2024-11-04 21:00:00,21,4,11,0.01,0.024,0.05,0.074,,0.573,26.0,9.0,18.0,21.0,58.0,1.6,286.0,,630.0,,
MIR,2024-11-04 22:00:00,22,4,11,0.012,0.024,0.048,0.072,,0.521,26.0,6.0,18.0,21.0,62.0,1.8,276.0,,630.0,,
MIR,2024-11-04 23:00:00,23,4,11,0.009,0.024,0.049,0.073,,0.549,23.0,5.0,18.0,20.0,67.0,0.7,148.0,,631.0,,
MIR,2024-11-05 00:00:00,0,5,11,0.005,0.026,0.05,0.077,,0.555,37.0,7.0,18.0,19.0,76.0,0.2,277.0,,631.0,,
MIR,2024-11-05 01:00:00,1,5,11,0.014,0.022,0.045,0.067,,0.383,34.0,12.0,18.0,18.0,81.0,0.3,248.0,,631.0,,
MIR,2024-11-05 02:00:00,2,5,11,0.007,0.023,0.048,0.072,,0.462,18.0,8.0,18.0,18.0,84.0,0.3,33.0,,630.0,,
MIR,2024-11-05 03:00:00,3,5,11,0.001,0.03,0.054,0.084,,0.606,23.0,13.0,18.0,17.0,88.0,0.1,130.0,,630.0,,
MIR,2024-11-05 04:00:00,4,5,11,0.0,0.049,0.054,0.103,,0.781,36.0,15.0,18.0,17.0,90.0,0.2,164.0,,630.0,,
MIR,2024-11-05 05:00:00,5,5,11,0.0,0.055,0.054,0.109,,1.02,56.0,25.0,18.0,16.0,93.0,0.3,179.0,,630.0,,
MIR,2024-11-05 06:00:00,6,5,11,0.001,0.091,0.054,0.145,,1.399,85.0,47.0,18.0,16.0,95.0,0.3,181.0,,631.0,,
MIR,2024-11-05 07:00:00,7,5,11,0.001,0.112,0.056,0.168,,2.121,93.0,49.0,19.0,16.0,93.0,0.3,168.0,,631.0,,
MIR,2024-11-05 08:00:00,8,5,11,0.005,0.067,0.059,0.126,,1.376,123.0,54.0,18.0,18.0,87.0,0.8,165.0,,631.0,,
MIR,2024-11-05 09:00:00,9,5,11,0.015,0.045,0.057,0.102,,1.095,103.0,48.0,18.0,20.0,77.0,0.7,166.0,,632.0,,
MIR,2024-11-05 10:00:00,10,5,11,0.028,0.036,0.051,0.087,,0.826,90.0,37.0,19.0,22.0,65.0,0.9,87.0,,632.0,,
MIR,2024-11-05 11:00:00,11,5,11,0.04,0.026,0.044,0.07,,0.592,70.0,27.0,19.0,23.0,53.0,1.1,57.0,,631.0,,
MIR,2024-11-05 12:00:00,12,5,11,0.046,0.023,0.044,0.067,,0.55,57.0,20.0,20.0,25.0,43.0,1.2,108.0,,631.0,,
MIR,2024-11-05 13:00:00,13,5,11,0.06,0.019,0.04,0.06,,0.528,56.0,21.0,21.0,26.0,37.0,1.2,250.0,,630.0,,
MIR,2024-11-05 14:00:00,14,5,11,0.056,0.018,0.039,0.057,,0.475,58.0,17.0,21.0,27.0,32.0,1.0,248.0,,629.0,,
MIR,2024-11-05 15:00:00,15,5,11,0.044,0.019,0.038,0.058,,0.441,41.0,13.0,21.0,28.0,26.0,1.8,255.0,,629.0,,
MIR,2024-11-05 16:00:00,16,5,11,0.034,0.02,0.038,0.058,,0.399,41.0,11.0,20.0,28.0,26.0,2.4,276.0,,629.0,,
MIR,2024-11-05 17:00:00,17,5,11,0.023,0.022,0.04,0.062,,0.475,25.0,10.0,20.0,27.0,28.0,1.7,305.0,,629.0,,
MIR,2024-11-05 18:00:00,18,5,11,0.01,0.024,0.051,0.075,,0.795,19.0,8.0,19.0,24.0,34.0,0.6,320.0,,629.0,,
MIR,2024-11-05 19:00:00,19,5,11,0.0,0.058,0.062,0.121,,2.104,28.0,12.0,18.0,23.0,40.0,0.7,288.0,,630.0,,
MIR,2024-11-05 20:00:00,20,5,11,0.003,0.055,0.06,0.115,,1.466,47.0,20.0,18.0,23.0,43.0,1.7,275.0,,630.0,,
MIR,2024-11-05 21:00:00,21,5,11,0.01,0.028,0.053,0.081,,0.624,68.0,17.0,18.0,22.0,47.0,2.4,266.0,,631.0,,
MIR,2024-11-05 22:00:00,22,5,11,0.014,0.025,0.047,0.072,,0.447,47.0,17.0,18.0,21.0,55.0,1.8,279.0,,631.0,,
MIR,2024-11-05 23:00:00,23,5,11,0.021,0.023,0.044,0.067,,0.337,27.0,12.0,18.0,21.0,63.0,2.1,261.0,,631.0,,
MIR,2024-11-06 00:00:00,0,6,11,0.022,0.022,0.042,0.064,,0.321,25.0,7.0,18.0,20.0,69.0,2.2,261.0,,631.0,,
MIR,2024-11-06 01:00:00,1,6,11,0.021,0.021,0.041,0.062,,0.312,18.0,9.0,18.0,19.0,76.0,2.1,264.0,,631.0,,
MIR,2024-11-06 02:00:00,2,6,11,0.012,0.021,0.043,0.063,,0.388,14.0,10.0,18.0,18.0,80.0,0.2,352.0,,631.0,,
MIR,2024-11-06 03:00:00,3,6,11,0.004,0.028,0.052,0.079,,0.559,21.0,11.0,18.0,17.0,83.0,0.3,143.0,,630.0,,
MIR,2024-11-06 04:00:00,4,6,11,0.0,0.035,0.057,0.092,,0.818,43.0,17.0,18.0,16.0,87.0,0.2,155.0,,630.0,,
MIR,2024-11-06 05:00:00,5,6,11,0.001,0.067,0.055,0.122,,1.235,69.0,42.0,18.0,16.0,89.0,0.3,175.0,,631.0,,
MIR,2024-11-06 06:00:00,6,6,11,0.001,0.126,0.056,0.182,,1.807,84.0,40.0,18.0,15.0,88.0,0.8,182.0,,631.0,,
MIR,2024-11-06 07:00:00,7,6,11,0.001,0.122,0.06,0.182,,1.85,164.0,84.0,18.0,16.0,85.0,0.6,192.0,,631.0,,
MIR,2024-11-06 08:00:00,8,6,11,0.003,0.099,0.063,0.162,,1.568,147.0,73.0,18.0,18.0,76.0,0.6,151.0,,632.0,,
MIR,2024-11-06 09:00:00,9,6,11,0.013,0.054,0.058,0.112,,1.025,156.0,63.0,18.0,20.0,69.0,0.6,159.0,,632.0,,
MIR,2024-11-06 10:00:00,10,6,11,0.027,0.036,0.05,0.086,,0.658,82.0,33.0,19.0,22.0,62.0,1.1,147.0,,632.0,,
MIR,2024-11-06 11:00:00,11,6,11,0.035,0.027,0.04,0.067,,0.471,69.0,25.0,19.0,24.0,55.0,1.3,141.0,,632.0,,
MIR,2024-11-06 12:00:00,12,6,11,0.041,0.022,0.037,0.059,,0.442,53.0,14.0,20.0,26.0,48.0,1.4,188.0,,631.0,,
MIR,2024-11-06 13:00:00,13,6,11,0.042,0.02,0.037,0.057,,0.497,48.0,13.0,21.0,27.0,44.0,1.1,179.0,,630.0,,
MIR,2024-11-06 14:00:00,14,6,11,0.041,0.019,0.038,0.058,,0.543,43.0,11.0,21.0,26.0,44.0,0.5,346.0,,630.0,,
MIR,2024-11-06 15:00:00,15,6,11,0.045,0.021,0.04,0.061,,0.583,42.0,15.0,21.0,27.0,40.0,0.9,8.0,,629.0,,
MIR,2024-11-06 16:00:00,16,6,11,0.049,0.021,0.042,0.063,,0.553,44.0,15.0,21.0,28.0,39.0,1.5,289.0,,629.0,,
MIR,2024-11-06 17:00:00,17,6,11,0.034,0.021,0.042,0.063,,0.563,44.0,12.0,21.0,27.0,39.0,1.4,268.0,,630.0,,
MIR,2024-11-06 18:00:00,18,6,11,0.015,0.024,0.05,0.074,,0.805,37.0,11.0,20.0,26.0,42.0,1.7,271.0,,630.0,,
MIR,2024-11-06 19:00:00,19,6,11,0.014,0.026,0.051,0.077,,0.786,59.0,17.0,19.0,24.0,46.0,1.8,275.0,,630.0,,
MIR,2024-11-06 20:00:00,20,6,11,0.005,0.028,0.055,0.084,,1.032,56.0,12.0,19.0,23.0,55.0,0.6,273.0,,631.0,,
MIR,2024-11-06 21:00:00,21,6,11,0.014,0.025,0.051,0.076,,0.61,45.0,10.0,18.0,22.0,62.0,2.3,274.0,,631.0,,
MIR,2024-11-06 22:00:00,22,6,11,0.02,0.022,0.044,0.067,,0.403,43.0,17.0,18.0,22.0,66.0,3.4,269.0,,631.0,,
MIR,2024-11-06 23:00:00,23,6,11,0.02,0.021,0.042,0.063,,0.335,33.0,9.0,18.0,21.0,67.0,2.2,268.0,,631.0,,
MIR,2024-11-07 00:00:00,0,7,11,0.01,0.021,0.047,0.068,,0.462,24.0,10.0,18.0,20.0,73.0,0.3,3.0,,632.0,,
MIR,2024-11-07 01:00:00,1,7,11,0.006,0.022,0.05,0.072,,0.519,30.0,10.0,18.0,19.0,75.0,0.2,96.0,,632.0,,
MIR,2024-11-07 02:00:00,2,7,11,0.014,0.021,0.045,0.066,,0.365,41.0,11.0,18.0,19.0,78.0,0.4,336.0,,631.0,,
MIR,2024-11-07 03:00:00,3,7,11,0.01,0.021,0.043,0.064,,0.431,16.0,9.0,18.0,18.0,84.0,0.1,324.0,,632.0,,
MIR,2024-11-07 04:00:00,4,7,11,0.001,0.032,0.053,0.085,,0.651,14.0,7.0,18.0,18.0,86.0,0.2,92.0,,631.0,,
MIR,2024-11-07 05:00:00,5,7,11,0.0,0.049,0.055,0.103,,0.785,36.0,14.0,18.0,17.0,90.0,0.2,166.0,,632.0,,
MIR,2024-11-07 06:00:00,6,7,11,0.0,0.096,0.054,0.15,,1.729,54.0,25.0,18.0,17.0,92.0,0.3,176.0,,632.0,,
MIR,2024-11-07 07:00:00,7,7,11,0.001,0.131,0.058,0.19,,2.743,95.0,31.0,18.0,17.0,91.0,0.6,164.0,,632.0,,
MIR,2024-11-07 08:00:00,8,7,11,0.004,0.072,0.06,0.133,,1.294,159.0,69.0,18.0,18.0,86.0,1.0,173.0,,633.0,,
MIR,2024-11-07 09:00:00,9,7,11,0.013,0.051,0.058,0.108,,1.027,90.0,37.0,18.0,20.0,77.0,0.9,162.0,,633.0,,
MIR,2024-11-07 10:00:00,10,7,11,0.026,0.038,0.053,0.092,,0.791,87.0,36.0,19.0,22.0,66.0,0.8,164.0,,633.0,,
MIR,2024-11-07 11:00:00,11,7,11,0.039,0.027,0.042,0.069,,0.563,81.0,28.0,19.0,24.0,60.0,0.8,152.0,,633.0,,
MIR,2024-11-07 12:00:00,12,7,11,0.046,0.023,0.045,0.069,,0.597,58.0,24.0,21.0,25.0,50.0,0.9,147.0,,632.0,,
MIR,2024-11-07 13:00:00,13,7,11,0.054,0.021,0.043,0.063,,0.558,60.0,19.0,21.0,27.0,43.0,1.0,178.0,,631.0,,
MIR,2024-11-07 14:00:00,14,7,11,0.061,0.02,0.042,0.062,,0.587,52.0,18.0,22.0,27.0,41.0,0.9,308.0,,631.0,,
MIR,2024-11-07 15:00:00,15,7,11,0.059,0.019,0.041,0.06,,0.539,54.0,18.0,22.0,28.0,39.0,1.1,264.0,,630.0,,
MIR,2024-11-07 16:00:00,16,7,11,0.05,0.02,0.041,0.061,,0.502,47.0,19.0,21.0,29.0,37.0,0.9,258.0,,630.0,,
MIR,2024-11-07 17:00:00,17,7,11,0.038,0.021,0.045,0.065,,0.556,39.0,14.0,20.0,27.0,40.0,1.1,315.0,,631.0,,
MIR,2024-11-07 18:00:00,18,7,11,0.018,0.022,0.047,0.068,,0.791,38.0,16.0,20.0,26.0,42.0,1.3,301.0,,631.0,,
MIR,2024-11-07 19:00:00,19,7,11,0.004,0.029,0.058,0.088,,1.159,38.0,13.0,19.0,24.0,45.0,0.7,287.0,,631.0,,
MIR,2024-11-07 20:00:00,20,7,11,0.001,0.039,0.062,0.101,,1.392,43.0,16.0,18.0,23.0,48.0,0.5,292.0,,632.0,,
MIR,2024-11-07 21:00:00,21,7,11,0.001,0.058,0.061,0.119,,1.728,48.0,9.0,18.0,22.0,56.0,0.1,248.0,,632.0,,
MIR,2024-11-07 22:00:00,22,7,11,0.001,0.083,0.061,0.144,,2.274,58.0,15.0,18.0,21.0,62.0,0.1,268.0,,632.0,,
MIR,2024-11-07 23:00:00,23,7,11,0.001,0.071,0.059,0.13,,1.743,66.0,24.0,18.0,20.0,64.0,0.2,203.0,,632.0,,
MIR,2024-11-08 00:00:00,0,8,11,0.0,0.064,0.058,0.122,,1.136,62.0,18.0,18.0,20.0,71.0,0.2,200.0,,632.0,,
MIR,2024-11-08 01:00:00,1,8,11,0.001,0.061,0.056,0.117,,1.022,82.0,22.0,18.0,19.0,76.0,0.1,191.0,,632.0,,
MIR,2024-11-08 02:00:00,2,8,11,0.001,0.056,0.055,0.111,,1.054,55.0,16.0,19.0,18.0,78.0,0.1,206.0,,631.0,,
MIR,2024-11-08 03:00:00,3,8,11,0.0,0.063,0.055,0.118,,0.999,38.0,12.0,18.0,18.0,84.0,0.1,192.0,,631.0,,
MIR,2024-11-08 04:00:00,4,8,11,0.001,0.075,0.053,0.129,,1.222,56.0,19.0,18.0,17.0,87.0,0.1,57.0,,631.0,,
MIR,2024-11-08 05:00:00,5,8,11,0.001,0.099,0.054,0.153,,1.428,82.0,23.0,18.0,17.0,91.0,0.5,178.0,,631.0,,
MIR,2024-11-08 06:00:00,6,8,11,0.001,0.115,0.055,0.17,,1.917,101.0,37.0,18.0,16.0,91.0,0.9,179.0,,632.0,,
MIR,2024-11-08 07:00:00,7,8,11,0.001,0.104,0.059,0.163,,1.524,139.0,74.0,18.0,17.0,85.0,0.9,182.0,,632.0,,
MIR,2024-11-08 08:00:00,8,8,11,0.004,0.079,0.059,0.138,,1.273,97.0,40.0,18.0,19.0,75.0,0.7,160.0,,632.0,,
MIR,2024-11-08 09:00:00,9,8,11,0.015,0.044,0.051,0.095,,0.773,93.0,33.0,18.0,21.0,69.0,0.7,153.0,,632.0,,
MIR,2024-11-08 10:00:00,10,8,11,0.03,0.034,0.044,0.078,,0.628,52.0,15.0,19.0,23.0,58.0,1.3,147.0,,632.0,,
MIR,2024-11-08 11:00:00,11,8,11,0.039,0.027,0.043,0.07,,0.557,59.0,12.0,19.0,26.0,47.0,1.1,179.0,,632.0,,
MIR,2024-11-08 12:00:00,12,8,11,0.041,0.022,0.04,0.062,,0.388,66.0,15.0,19.0,27.0,35.0,1.2,158.0,,631.0,,
MIR,2024-11-08 13:00:00,13,8,11,0.048,0.019,0.038,0.057,,0.385,40.0,13.0,19.0,29.0,31.0,1.2,170.0,,630.0,,
MIR,2024-11-08 14:00:00,14,8,11,0.056,0.017,0.039,0.056,,0.439,44.0,9.0,20.0,30.0,29.0,0.9,211.0,,629.0,,
MIR,2024-11-08 15:00:00,15,8,11,0.063,0.015,0.04,0.055,,0.436,49.0,10.0,19.0,30.0,31.0,1.9,260.0,,629.0,,
MIR,2024-11-08 16:00:00,16,8,11,0.06,0.015,0.045,0.06,,0.567,51.0,16.0,20.0,30.0,38.0,1.7,327.0,,629.0,,
MIR,2024-11-08 17:00:00,17,8,11,0.037,0.016,0.043,0.059,,0.553,44.0,16.0,20.0,28.0,36.0,2.1,295.0,,629.0,,
MIR,2024-11-08 18:00:00,18,8,11,0.017,0.018,0.05,0.069,,0.804,41.0,8.0,19.0,26.0,37.0,1.2,306.0,,630.0,,
MIR,2024-11-08 19:00:00,19,8,11,0.01,0.02,0.058,0.078,,1.091,33.0,11.0,19.0,24.0,51.0,0.8,305.0,,630.0,,
MIR,2024-11-08 20:00:00,20,8,11,0.002,0.028,0.065,0.093,,1.382,35.0,12.0,19.0,23.0,57.0,0.8,288.0,,630.0,,
MIR,2024-11-08 21:00:00,21,8,11,0.001,0.03,0.064,0.095,,1.269,58.0,20.0,18.0,22.0,60.0,0.3,289.0,,631.0,,
MIR,2024-11-08 22:00:00,22,8,11,0.001,0.046,0.062,0.109,,1.423,50.0,18.0,18.0,22.0,60.0,0.3,190.0,,631.0,,
MIR,2024-11-08 23:00:00,23,8,11,0.001,0.069,0.061,0.131,,1.77,77.0,17.0,18.0,21.0,66.0,0.1,199.0,,631.0,,
MIR,2024-11-09 00:00:00,0,9,11,0.001,0.044,0.058,0.101,,1.185,102.0,23.0,18.0,20.0,67.0,0.2,257.0,,631.0,,
MIR,2024-11-09 01:00:00,1,9,11,0.001,0.042,0.057,0.099,,1.009,42.0,12.0,18.0,20.0,69.0,0.1,194.0,,631.0,,
MIR,2024-11-09 02:00:00,2,9,11,0.006,0.031,0.052,0.083,,0.564,39.0,15.0,18.0,19.0,67.0,0.4,325.0,,631.0,,
MIR,2024-11-09 03:00:00,3,9,11,0.012,0.025,0.047,0.072,,0.48,26.0,6.0,18.0,19.0,67.0,1.0,314.0,,631.0,,
MIR,2024-11-09 04:00:00,4,9,11,0.002,0.034,0.055,0.088,,0.723,23.0,8.0,18.0,18.0,77.0,0.4,163.0,,631.0,,
MIR,2024-11-09 05:00:00,5,9,11,0.0,0.057,0.056,0.113,,1.001,58.0,31.0,18.0,17.0,81.0,0.6,191.0,,631.0,,
MIR,2024-11-09 06:00:00,6,9,11,0.0,0.106,0.057,0.163,,1.624,77.0,26.0,18.0,17.0,83.0,0.1,110.0,,631.0,,
MIR,2024-11-09 07:00:00,7,9,11,0.001,0.155,0.056,0.211,,2.243,93.0,36.0,18.0,17.0,81.0,0.3,167.0,,632.0,,
MIR,2024-11-09 08:00:00,8,9,11,0.003,0.098,0.064,0.162,,1.776,149.0,51.0,18.0,20.0,70.0,0.2,175.0,,632.0,,
MIR,2024-11-09 09:00:00,9,9,11,0.013,0.058,0.064,0.121,,1.232,125.0,37.0,18.0,22.0,62.0,0.5,160.0,,632.0,,
MIR,2024-11-09 10:00:00,10,9,11,0.029,0.034,0.048,0.082,,0.668,93.0,34.0,19.0,23.0,59.0,1.0,131.0,,632.0,,
MIR,2024-11-09 11:00:00,11,9,11,0.038,0.028,0.044,0.072,,0.483,60.0,22.0,19.0,25.0,47.0,0.7,124.0,,632.0,,
MIR,2024-11-09 12:00:00,12,9,11,0.049,0.023,0.042,0.065,,0.477,53.0,18.0,19.0,27.0,40.0,0.9,274.0,,631.0,,
MIR,2024-11-09 13:00:00,13,9,11,0.054,0.022,0.043,0.064,,0.439,56.0,18.0,19.0,28.0,35.0,1.1,280.0,,631.0,,
MIR,2024-11-09 14:00:00,14,9,11,0.062,0.019,0.04,0.059,,0.406,56.0,19.0,19.0,29.0,34.0,1.2,295.0,,630.0,,
MIR,2024-11-09 15:00:00,15,9,11,0.06,0.018,0.042,0.059,,0.436,54.0,16.0,20.0,29.0,34.0,1.2,257.0,,630.0,,
MIR,2024-11-09 16:00:00,16,9,11,0.061,0.017,0.044,0.061,,0.5,46.0,17.0,20.0,29.0,34.0,1.1,304.0,,629.0,,
MIR,2024-11-09 17:00:00,17,9,11,0.039,0.017,0.044,0.061,,0.432,48.0,17.0,20.0,28.0,33.0,1.8,305.0,,630.0,,
MIR,2024-11-09 18:00:00,18,9,11,0.022,0.018,0.048,0.066,,0.68,27.0,12.0,20.0,26.0,34.0,1.3,297.0,,630.0,,
MIR,2024-11-09 19:00:00,19,9,11,0.004,0.025,0.065,0.091,,1.182,31.0,11.0,19.0,25.0,39.0,0.9,286.0,,631.0,,
MIR,2024-11-09 20:00:00,20,9,11,0.015,0.022,0.053,0.075,,0.708,54.0,19.0,18.0,24.0,48.0,1.3,287.0,,631.0,,
MIR,2024-11-09 21:00:00,21,9,11,0.008,0.026,0.057,0.083,,0.919,35.0,8.0,18.0,23.0,55.0,0.4,309.0,,631.0,,
MIR,2024-11-09 22:00:00,22,9,11,0.001,0.069,0.062,0.131,,1.733,32.0,9.0,18.0,22.0,58.0,0.3,127.0,,632.0,,
MIR,2024-11-09 23:00:00,23,9,11,0.0,0.082,0.061,0.142,,1.784,92.0,25.0,18.0,21.0,66.0,0.1,133.0,,632.0,,
MIR,2024-11-10 00:00:00,0,10,11,0.0,0.073,0.059,0.131,,1.566,67.0,15.0,18.0,20.0,73.0,0.1,88.0,,632.0,,
MIR,2024-11-10 01:00:00,1,10,11,0.0,0.062,0.057,0.118,,1.43,58.0,19.0,18.0,19.0,77.0,0.1,50.0,,632.0,,
MIR,2024-11-10 02:00:00,2,10,11,0.0,0.061,0.06,0.121,,1.393,48.0,19.0,18.0,19.0,79.0,0.3,132.0,,631.0,,
MIR,2024-11-10 03:00:00,3,10,11,0.0,0.056,0.058,0.114,,1.433,65.0,18.0,18.0,18.0,80.0,0.3,159.0,,632.0,,
MIR,2024-11-10 04:00:00,4,10,11,0.001,0.042,0.057,0.099,,0.921,92.0,37.0,18.0,18.0,84.0,0.4,146.0,,632.0,,
MIR,2024-11-10 05:00:00,5,10,11,0.001,0.045,0.055,0.1,,1.019,56.0,27.0,19.0,18.0,85.0,0.3,160.0,,632.0,,
MIR,2024-11-10 06:00:00,6,10,11,0.0,0.059,0.055,0.114,,1.328,63.0,32.0,18.0,17.0,86.0,0.1,188.0,,632.0,,
MIR,2024-11-10 07:00:00,7,10,11,0.001,0.07,0.057,0.127,,1.432,73.0,36.0,18.0,18.0,85.0,0.2,183.0,,633.0,,
MIR,2024-11-10 08:00:00,8,10,11,0.004,0.072,0.062,0.134,,1.536,91.0,38.0,18.0,20.0,76.0,0.2,192.0,,633.0,,
MIR,2024-11-10 09:00:00,9,10,11,0.018,0.041,0.058,0.1,,1.017,88.0,35.0,18.0,22.0,67.0,0.6,98.0,,634.0,,
MIR,2024-11-10 10:00:00,10,10,11,0.035,0.034,0.06,0.094,,1.009,62.0,27.0,19.0,24.0,59.0,0.5,293.0,,633.0,,
MIR,2024-11-10 11:00:00,11,10,11,0.056,0.026,0.049,0.075,,0.686,56.0,32.0,19.0,26.0,48.0,0.8,13.0,,633.0,,
MIR,2024-11-10 12:00:00,12,10,11,0.062,0.02,0.043,0.063,,0.501,43.0,16.0,19.0,27.0,39.0,0.8,52.0,,632.0,,
MIR,2024-11-10 13:00:00,13,10,11,0.057,0.018,0.039,0.057,,0.411,36.0,16.0,19.0,29.0,34.0,1.0,344.0,,632.0,,
MIR,2024-11-10 14:00:00,14,10,11,0.054,0.016,0.038,0.054,,0.385,24.0,10.0,19.0,30.0,32.0,1.1,340.0,,631.0,,
MIR,2024-11-10 15:00:00,15,10,11,0.054,0.016,0.038,0.053,,0.385,27.0,10.0,20.0,30.0,31.0,1.2,322.0,,630.0,,
MIR,2024-11-10 16:00:00,16,10,11,0.054,0.015,0.039,0.054,,0.389,24.0,13.0,20.0,30.0,30.0,0.8,339.0,,630.0,,
MIR,2024-11-10 17:00:00,17,10,11,0.047,0.016,0.041,0.057,,0.467,29.0,10.0,20.0,29.0,33.0,0.4,344.0,,630.0,,
MIR,2024-11-10 18:00:00,18,10,11,0.027,0.018,0.051,0.068,,0.771,22.0,9.0,20.0,27.0,39.0,1.1,301.0,,631.0,,
MIR,2024-11-10 19:00:00,19,10,11,0.02,0.02,0.056,0.076,,0.84,36.0,12.0,20.0,25.0,41.0,0.9,308.0,,631.0,,
MIR,2024-11-10 20:00:00,20,10,11,0.013,0.021,0.059,0.08,,0.971,33.0,18.0,19.0,24.0,46.0,0.7,305.0,,632.0,,
MIR,2024-11-10 21:00:00,21,10,11,0.009,0.026,0.062,0.088,,0.906,38.0,17.0,18.0,24.0,48.0,0.7,230.0,,632.0,,
MIR,2024-11-10 22:00:00,22,10,11,0.002,0.038,0.068,0.106,,1.281,67.0,24.0,18.0,23.0,54.0,0.2,161.0,,632.0,,
MIR,2024-11-10 23:00:00,23,10,11,0.017,0.027,0.049,0.076,,0.619,68.0,16.0,18.0,22.0,59.0,2.0,267.0,,632.0,,
MIR,2024-11-11 00:00:00,0,11,11,0.025,0.021,0.043,0.064,,0.368,31.0,8.0,18.0,22.0,59.0,2.0,293.0,,632.0,,
MIR,2024-11-11 01:00:00,1,11,11,0.001,0.043,0.064,0.107,,0.883,20.0,5.0,18.0,21.0,64.0,0.3,73.0,,633.0,,
MIR,2024-11-11 02:00:00,2,11,11,0.014,0.029,0.05,0.079,,0.526,45.0,16.0,18.0,21.0,70.0,0.5,255.0,,632.0,,
MIR,2024-11-11 03:00:00,3,11,11,0.02,0.022,0.045,0.067,,0.403,31.0,9.0,18.0,21.0,72.0,0.8,300.0,,632.0,,
MIR,2024-11-11 04:00:00,4,11,11,0.003,0.028,0.059,0.087,,0.517,20.0,9.0,18.0,20.0,76.0,0.5,191.0,,632.0,,
MIR,2024-11-11 05:00:00,5,11,11,0.006,0.038,0.056,0.094,,0.683,31.0,19.0,18.0,20.0,78.0,0.2,21.0,,632.0,,
MIR,2024-11-11 06:00:00,6,11,11,0.0,0.06,0.06,0.12,,1.339,43.0,16.0,18.0,19.0,78.0,0.1,35.0,,633.0,,
MIR,2024-11-11 07:00:00,7,11,11,0.001,0.086,0.061,0.147,,2.135,43.0,15.0,18.0,19.0,76.0,0.1,73.0,,633.0,,
MIR,2024-11-11 08:00:00,8,11,11,0.005,0.073,0.065,0.137,,1.672,58.0,27.0,18.0,21.0,69.0,0.3,91.0,,634.0,,
MIR,2024-11-11 09:00:00,9,11,11,0.018,0.041,0.058,0.099,,1.062,73.0,27.0,19.0,22.0,67.0,0.8,83.0,,634.0,,
MIR,2024-11-11 10:00:00,10,11,11,0.037,0.034,0.064,0.098,,1.302,54.0,21.0,19.0,24.0,61.0,0.9,73.0,,634.0,,
MIR,2024-11-11 11:00:00,11,11,11,0.054,0.027,0.059,0.086,,0.978,82.0,32.0,20.0,25.0,55.0,1.0,61.0,,633.0,,
MIR,2024-11-11 12:00:00,12,11,11,0.07,0.021,0.052,0.073,,0.774,90.0,35.0,21.0,27.0,49.0,1.0,112.0,,633.0,,
MIR,2024-11-11 13:00:00,13,11,11,0.084,0.017,0.049,0.066,,0.777,82.0,30.0,22.0,28.0,44.0,1.1,35.0,,632.0,,
MIR,2024-11-11 14:00:00,14,11,11,0.067,0.017,0.048,0.065,,0.665,74.0,27.0,22.0,29.0,35.0,1.4,99.0,,631.0,,
MIR,2024-11-11 15:00:00,15,11,11,0.063,0.016,0.042,0.058,,0.536,64.0,20.0,22.0,29.0,33.0,0.9,205.0,,631.0,,
MIR,2024-11-11 16:00:00,16,11,11,0.054,0.017,0.048,0.065,,0.642,48.0,18.0,22.0,29.0,32.0,1.0,102.0,,630.0,,
MIR,2024-11-11 17:00:00,17,11,11,0.034,0.019,0.062,0.081,,0.965,57.0,16.0,21.0,28.0,34.0,0.7,143.0,,630.0,,
MIR,2024-11-11 18:00:00,18,11,11,0.008,0.027,0.073,0.101,,1.275,84.0,31.0,20.0,27.0,34.0,1.0,187.0,,631.0,,
MIR,2024-11-11 19:00:00,19,11,11,0.021,0.022,0.06,0.082,,0.889,161.0,36.0,19.0,25.0,39.0,0.5,243.0,,631.0,,
MIR,2024-11-11 20:00:00,20,11,11,0.017,0.022,0.071,0.093,,1.325,58.0,22.0,19.0,24.0,48.0,0.5,279.0,,631.0,,
MIR,2024-11-11 21:00:00,21,11,11,0.012,0.03,0.072,0.102,,1.26,64.0,18.0,18.0,24.0,48.0,1.5,266.0,,631.0,,
MIR,2024-11-11 22:00:00,22,11,11,0.032,0.021,0.048,0.07,,0.411,69.0,27.0,18.0,24.0,48.0,3.9,266.0,,632.0,,
MIR,2024-11-11 23:00:00,23,11,11,0.02,0.02,0.058,0.078,,0.532,42.0,11.0,18.0,23.0,56.0,1.0,101.0,,632.0,,
MIR,2024-11-12 00:00:00,0,12,11,0.01,0.022,0.064,0.086,,0.663,52.0,18.0,18.0,22.0,63.0,1.0,168.0,,632.0,,
MIR,2024-11-12 01:00:00,1,12,11,0.005,0.02,0.064,0.084,,0.879,65.0,26.0,18.0,20.0,68.0,0.4,194.0,,632.0,,
MIR,2024-11-12 02:00:00,2,12,11,0.008,0.02,0.06,0.08,,0.632,83.0,35.0,18.0,20.0,69.0,0.1,268.0,,632.0,,
MIR,2024-11-12 03:00:00,3,12,11,0.002,0.024,0.065,0.089,,0.637,51.0,25.0,18.0,19.0,72.0,0.1,282.0,,632.0,,
MIR,2024-11-12 04:00:00,4,12,11,0.001,0.051,0.064,0.116,,0.982,46.0,24.0,18.0,19.0,75.0,0.3,113.0,,632.0,,
MIR,2024-11-12 05:00:00,5,12,11,0.001,0.089,0.068,0.157,,1.334,87.0,41.0,18.0,18.0,77.0,0.5,184.0,,632.0,,
MIR,2024-11-12 06:00:00,6,12,11,0.0,0.078,0.065,0.143,,1.943,140.0,64.0,19.0,18.0,80.0,0.4,162.0,,632.0,,
MIR,2024-11-12 07:00:00,7,12,11,0.001,0.108,0.068,0.177,,2.233,125.0,54.0,19.0,18.0,80.0,0.3,187.0,,633.0,,
MIR,2024-11-12 08:00:00,8,12,11,0.005,0.065,0.069,0.134,,1.583,143.0,58.0,18.0,20.0,72.0,0.7,165.0,,633.0,,
MIR,2024-11-12 09:00:00,9,12,11,0.017,0.046,0.064,0.11,,1.139,125.0,49.0,18.0,22.0,65.0,0.7,174.0,,633.0,,
MIR,2024-11-12 10:00:00,10,12,11,0.03,0.038,0.064,0.102,,0.965,102.0,39.0,19.0,23.0,58.0,0.9,167.0,,633.0,,
MIR,2024-11-12 11:00:00,11,12,11,0.048,0.025,0.046,0.071,,0.548,106.0,43.0,19.0,26.0,45.0,0.7,160.0,,633.0,,
MIR,2024-11-12 12:00:00,12,12,11,0.061,0.021,0.046,0.067,,0.54,76.0,20.0,19.0,27.0,37.0,0.9,154.0,,632.0,,
MIR,2024-11-12 13:00:00,13,12,11,0.067,0.018,0.046,0.064,,0.488,79.0,24.0,20.0,28.0,30.0,0.7,27.0,,631.0,,
MIR,2024-11-12 14:00:00,14,12,11,0.06,0.016,0.045,0.061,,0.678,81.0,19.0,19.0,28.0,28.0,1.7,258.0,,630.0,,
MIR,2024-11-12 15:00:00,15,12,11,0.043,0.017,0.049,0.066,,0.542,,28.0,20.0,27.0,29.0,2.5,276.0,,630.0,,
MIR,2024-11-12 16:00:00,16,12,11,0.043,0.019,0.05,0.069,,0.581,61.0,15.0,20.0,27.0,28.0,1.8,283.0,,630.0,,
MIR,2024-11-12 17:00:00,17,12,11,0.033,0.02,0.052,0.071,,0.755,43.0,15.0,19.0,25.0,44.0,2.6,281.0,,630.0,,
MIR,2024-11-12 18:00:00,18,12,11,0.026,0.021,0.05,0.071,,0.565,68.0,11.0,19.0,24.0,49.0,3.5,266.0,,630.0,,
MIR,2024-11-12 19:00:00,19,12,11,0.026,0.02,0.05,0.07,,0.491,77.0,23.0,19.0,22.0,55.0,4.0,262.0,,631.0,,
MIR,2024-11-12 20:00:00,20,12,11,0.027,0.019,0.047,0.067,,0.436,57.0,13.0,18.0,22.0,58.0,4.7,261.0,,631.0,,
MIR,2024-11-12 21:00:00,21,12,11,0.02,0.019,0.046,0.064,,0.433,54.0,10.0,18.0,21.0,58.0,3.1,275.0,,632.0,,
MIR,2024-11-12 22:00:00,22,12,11,0.016,0.018,0.046,0.064,,0.397,41.0,8.0,18.0,20.0,63.0,1.3,287.0,,632.0,,
MIR,2024-11-12 23:00:00,23,12,11,0.016,0.018,0.045,0.063,,0.399,24.0,7.0,18.0,20.0,63.0,1.2,296.0,,632.0,,
MIR,2024-11-13 00:00:00,0,13,11,0.012,0.019,0.048,0.067,,0.442,21.0,7.0,18.0,20.0,59.0,0.3,248.0,,632.0,,
MIR,2024-11-13 01:00:00,1,13,11,0.018,0.019,0.044,0.063,,0.318,22.0,10.0,18.0,19.0,54.0,0.5,243.0,,632.0,,
MIR,2024-11-13 02:00:00,2,13,11,0.012,0.019,0.047,0.066,,0.35,12.0,9.0,18.0,18.0,60.0,0.1,346.0,,632.0,,
MIR,2024-11-13 03:00:00,3,13,11,0.011,0.02,0.048,0.068,,0.385,11.0,8.0,18.0,17.0,64.0,0.1,256.0,,632.0,,
MIR,2024-11-13 04:00:00,4,13,11,0.004,0.027,0.053,0.079,,0.72,13.0,7.0,18.0,17.0,67.0,0.1,146.0,,632.0,,
MIR,2024-11-13 05:00:00,5,13,11,0.0,0.042,0.058,0.1,,0.686,18.0,12.0,19.0,16.0,68.0,0.2,201.0,,632.0,,
MIR,2024-11-13 06:00:00,6,13,11,0.0,0.072,0.057,0.129,,1.314,35.0,11.0,19.0,16.0,74.0,0.1,212.0,,632.0,,
MIR,2024-11-13 07:00:00,7,13,11,0.001,0.105,0.06,0.166,,1.975,49.0,12.0,18.0,16.0,76.0,0.4,187.0,,633.0,,
MIR,2024-11-13 08:00:00,8,13,11,0.002,0.144,0.067,0.211,,2.802,100.0,30.0,18.0,18.0,68.0,0.5,163.0,,633.0,,
MIR,2024-11-13 09:00:00,9,13,11,0.008,0.091,0.077,0.168,,1.804,182.0,58.0,18.0,20.0,57.0,0.7,159.0,,633.0,,
MIR,2024-11-13 10:00:00,10,13,11,0.018,0.053,0.067,0.121,,1.014,158.0,49.0,19.0,23.0,50.0,0.5,236.0,,633.0,,
MIR,2024-11-13 11:00:00,11,13,11,0.038,0.038,0.06,0.097,,0.849,107.0,26.0,19.0,24.0,39.0,0.7,263.0,,633.0,,
MIR,2024-11-13 12:00:00,12,13,11,0.05,0.031,0.057,0.089,,0.782,69.0,17.0,20.0,26.0,32.0,0.9,304.0,,632.0,,
MIR,2024-11-13 13:00:00,13,13,11,0.055,0.028,0.051,0.079,,0.652,47.0,16.0,21.0,28.0,26.0,1.1,358.0,,631.0,,
MIR,2024-11-13 14:00:00,14,13,11,0.065,0.025,0.048,0.073,,0.627,37.0,14.0,22.0,28.0,24.0,0.9,3.0,,631.0,,
MIR,2024-11-13 15:00:00,15,13,11,0.061,0.024,0.048,0.072,,0.609,31.0,13.0,21.0,29.0,24.0,1.0,347.0,,630.0,,
MIR,2024-11-13 16:00:00,16,13,11,0.042,0.025,0.049,0.074,,0.56,38.0,11.0,21.0,29.0,25.0,1.0,344.0,,630.0,,
MIR,2024-11-13 17:00:00,17,13,11,0.037,0.025,0.049,0.074,,0.612,40.0,12.0,20.0,27.0,28.0,0.6,291.0,,630.0,,
MIR,2024-11-13 18:00:00,18,13,11,0.013,0.028,0.064,0.092,,1.226,29.0,15.0,20.0,25.0,33.0,0.7,301.0,,630.0,,
MIR,2024-11-13 19:00:00,19,13,11,0.004,0.036,0.074,0.11,,1.393,43.0,15.0,19.0,24.0,36.0,1.2,298.0,,631.0,,
MIR,2024-11-13 20:00:00,20,13,11,0.005,0.035,0.07,0.105,,1.249,69.0,17.0,18.0,23.0,38.0,1.0,299.0,,631.0,,
MIR,2024-11-13 21:00:00,21,13,11,0.004,0.031,0.067,0.099,,1.023,53.0,14.0,18.0,22.0,42.0,0.3,280.0,,632.0,,
MIR,2024-11-13 22:00:00,22,13,11,0.001,0.076,0.07,0.146,,2.08,45.0,10.0,18.0,22.0,47.0,0.1,154.0,,632.0,,
MIR,2024-11-13 23:00:00,23,13,11,0.001,0.1,0.069,0.169,,2.174,92.0,23.0,18.0,21.0,51.0,0.2,104.0,,632.0,,
MIR,2024-11-14 00:00:00,0,14,11,0.0,0.07,0.07,0.14,,1.28,118.0,32.0,18.0,21.0,51.0,0.4,160.0,,632.0,,
MIR,2024-11-14 01:00:00,1,14,11,0.001,0.053,0.067,0.12,,0.931,91.0,31.0,18.0,20.0,57.0,1.2,194.0,,632.0,,
MIR,2024-11-14 02:00:00,2,14,11,0.005,0.031,0.058,0.089,,0.528,134.0,34.0,18.0,19.0,61.0,0.5,222.0,,632.0,,
MIR,2024-11-14 03:00:00,3,14,11,0.0,0.047,0.065,0.111,,0.838,39.0,16.0,18.0,18.0,68.0,0.1,339.0,,632.0,,
MIR,2024-11-14 04:00:00,4,14,11,0.0,0.053,0.063,0.117,,0.895,58.0,24.0,18.0,18.0,70.0,0.2,257.0,,632.0,,
MIR,2024-11-14 05:00:00,5,14,11,0.0,0.073,0.065,0.138,,1.18,67.0,28.0,18.0,17.0,72.0,0.5,191.0,,632.0,,
MIR,2024-11-14 06:00:00,6,14,11,0.0,0.08,0.066,0.146,,1.273,116.0,50.0,18.0,17.0,66.0,0.7,169.0,,633.0,,
MIR,2024-11-14 07:00:00,7,14,11,0.003,0.052,0.063,0.115,,0.905,94.0,43.0,18.0,18.0,49.0,1.1,91.0,,633.0,,
MIR,2024-11-14 08:00:00,8,14,11,0.01,0.042,0.057,0.099,,0.657,59.0,14.0,18.0,19.0,47.0,2.0,87.0,,634.0,,
MIR,2024-11-14 09:00:00,9,14,11,0.02,0.033,0.05,0.083,,0.492,55.0,18.0,18.0,20.0,45.0,2.2,74.0,,634.0,,
MIR,2024-11-14 10:00:00,10,14,11,0.028,0.028,0.046,0.074,,0.392,52.0,15.0,18.0,22.0,43.0,2.6,82.0,,634.0,,
MIR,2024-11-14 11:00:00,11,14,11,0.035,0.022,0.043,0.064,,0.357,63.0,15.0,19.0,23.0,40.0,3.0,95.0,,634.0,,
MIR,2024-11-14 12:00:00,12,14,11,0.04,0.018,0.042,0.06,,0.375,59.0,13.0,19.0,24.0,38.0,2.3,115.0,,633.0,,
MIR,2024-11-14 13:00:00,13,14,11,0.041,0.016,0.04,0.056,,0.395,54.0,11.0,20.0,26.0,33.0,2.5,104.0,,632.0,,
MIR,2024-11-14 14:00:00,14,14,11,0.039,0.015,0.041,0.056,,0.446,50.0,14.0,21.0,27.0,30.0,2.2,113.0,,631.0,,
MIR,2024-11-14 15:00:00,15,14,11,0.04,0.016,0.042,0.059,,0.411,44.0,15.0,21.0,27.0,29.0,2.3,86.0,,631.0,,
MIR,2024-11-14 16:00:00,16,14,11,0.039,0.017,0.046,0.062,,0.453,44.0,13.0,20.0,27.0,29.0,1.5,84.0,,631.0,,
MIR,2024-11-14 17:00:00,17,14,11,0.031,0.018,0.057,0.076,,0.629,44.0,12.0,20.0,26.0,31.0,1.5,123.0,,631.0,,
MIR,2024-11-14 18:00:00,18,14,11,0.01,0.025,0.078,0.103,,1.304,63.0,20.0,19.0,24.0,35.0,1.1,173.0,,631.0,,
MIR,2024-11-14 19:00:00,19,14,11,0.003,0.04,0.085,0.125,,1.435,135.0,31.0,18.0,23.0,36.0,0.5,187.0,,631.0,,
MIR,2024-11-14 20:00:00,20,14,11,0.001,0.065,0.091,0.155,,1.743,154.0,39.0,18.0,23.0,39.0,0.7,190.0,,632.0,,
MIR,2024-11-14 21:00:00,21,14,11,0.001,0.106,0.089,0.195,,2.76,159.0,41.0,18.0,21.0,43.0,0.4,193.0,,632.0,,
MIR,2024-11-14 22:00:00,22,14,11,0.001,0.144,0.091,0.235,,3.289,238.0,73.0,18.0,20.0,48.0,0.3,144.0,,632.0,,
MIR,2024-11-14 23:00:00,23,14,11,0.001,0.061,0.082,0.142,,1.282,284.0,107.0,18.0,20.0,47.0,0.5,69.0,,633.0,,
MIR,2024-11-15 00:00:00,0,15,11,0.0,0.047,0.075,0.122,,0.765,103.0,37.0,18.0,19.0,51.0,0.5,63.0,,633.0,,
MIR,2024-11-15 01:00:00,1,15,11,0.003,0.039,0.069,0.107,,0.564,50.0,22.0,18.0,18.0,55.0,0.7,86.0,,633.0,,
MIR,2024-11-15 02:00:00,2,15,11,0.007,0.033,0.06,0.092,,0.425,71.0,16.0,18.0,18.0,59.0,1.1,86.0,,632.0,,
MIR,2024-11-15 03:00:00,3,15,11,0.008,0.03,0.057,0.087,,0.377,41.0,8.0,18.0,17.0,62.0,0.9,84.0,,632.0,,
MIR,2024-11-15 04:00:00,4,15,11,0.003,0.03,0.06,0.09,,0.424,49.0,15.0,18.0,16.0,66.0,0.2,93.0,,632.0,,
MIR,2024-11-15 05:00:00,5,15,11,0.002,0.035,0.062,0.097,,0.542,39.0,12.0,18.0,16.0,65.0,0.7,80.0,,632.0,,
MIR,2024-11-15 06:00:00,6,15,11,0.0,0.067,0.064,0.131,,1.127,60.0,19.0,19.0,15.0,70.0,0.2,55.0,,632.0,,
MIR,2024-11-15 07:00:00,7,15,11,0.0,0.085,0.065,0.15,,1.807,48.0,14.0,19.0,16.0,69.0,0.3,26.0,,633.0,,
MIR,2024-11-15 08:00:00,8,15,11,0.007,0.052,0.06,0.112,,0.882,65.0,18.0,18.0,18.0,60.0,1.3,85.0,,633.0,,
MIR,2024-11-15 09:00:00,9,15,11,0.017,0.039,0.053,0.091,,0.634,51.0,16.0,18.0,19.0,53.0,1.5,109.0,,633.0,,
MIR,2024-11-15 10:00:00,10,15,11,0.025,0.03,0.047,0.077,,0.431,63.0,17.0,18.0,21.0,48.0,1.6,90.0,,633.0,,
MIR,2024-11-15 11:00:00,11,15,11,0.032,0.025,0.046,0.071,,0.455,48.0,16.0,19.0,22.0,43.0,1.2,75.0,,632.0,,
MIR,2024-11-15 12:00:00,12,15,11,0.044,0.022,0.047,0.069,,0.491,44.0,16.0,20.0,24.0,38.0,1.0,349.0,,632.0,,
MIR,2024-11-15 13:00:00,13,15,11,0.053,0.021,0.048,0.068,,0.501,58.0,12.0,21.0,26.0,32.0,0.6,249.0,,631.0,,
MIR,2024-11-15 14:00:00,14,15,11,0.061,0.02,0.049,0.069,,0.546,54.0,19.0,21.0,26.0,28.0,0.9,163.0,,630.0,,
MIR,2024-11-15 15:00:00,15,15,11,0.067,0.019,0.055,0.074,,0.603,54.0,18.0,20.0,27.0,28.0,0.8,170.0,,630.0,,
MIR,2024-11-15 16:00:00,16,15,11,0.073,0.017,0.054,0.072,,0.634,61.0,27.0,20.0,27.0,29.0,0.8,342.0,,630.0,,
MIR,2024-11-15 17:00:00,17,15,11,0.055,0.018,0.058,0.075,,0.691,55.0,18.0,20.0,26.0,31.0,1.0,330.0,,630.0,,
MIR,2024-11-15 18:00:00,18,15,11,0.033,0.018,0.064,0.083,,0.994,46.0,14.0,19.0,24.0,34.0,0.7,313.0,,630.0,,
MIR,2024-11-15 19:00:00,19,15,11,0.004,0.029,0.091,0.12,,1.763,45.0,19.0,18.0,23.0,41.0,0.8,291.0,,630.0,,
MIR,2024-11-15 20:00:00,20,15,11,0.005,0.034,0.087,0.121,,1.587,71.0,21.0,18.0,22.0,41.0,0.8,286.0,,631.0,,
MIR,2024-11-15 21:00:00,21,15,11,0.027,0.022,0.061,0.084,,0.606,81.0,25.0,18.0,21.0,47.0,2.5,269.0,,631.0,,
MIR,2024-11-15 22:00:00,22,15,11,0.037,0.021,0.052,0.072,,0.431,53.0,13.0,18.0,21.0,60.0,4.1,264.0,,631.0,,
MIR,2024-11-15 23:00:00,23,15,11,0.031,0.019,0.052,0.071,,0.475,46.0,13.0,18.0,20.0,64.0,1.1,346.0,,631.0,,
MIR,2024-11-16 00:00:00,0,16,11,0.026,0.019,0.057,0.075,,0.509,36.0,17.0,18.0,19.0,70.0,0.6,227.0,,631.0,,
MIR,2024-11-16 01:00:00,1,16,11,0.028,0.019,0.052,0.07,,0.471,35.0,18.0,18.0,19.0,74.0,0.3,265.0,,631.0,,
MIR,2024-11-16 02:00:00,2,16,11,0.022,0.019,0.054,0.073,,0.509,34.0,16.0,18.0,18.0,78.0,0.3,263.0,,631.0,,
MIR,2024-11-16 03:00:00,3,16,11,0.01,0.02,0.063,0.083,,0.596,39.0,16.0,18.0,17.0,80.0,0.3,26.0,,631.0,,
MIR,2024-11-16 04:00:00,4,16,11,0.003,0.024,0.07,0.094,,0.673,36.0,13.0,18.0,17.0,85.0,0.1,295.0,,631.0,,
MIR,2024-11-16 05:00:00,5,16,11,0.0,0.047,0.071,0.118,,1.038,56.0,23.0,19.0,16.0,87.0,0.1,40.0,,631.0,,
MIR,2024-11-16 06:00:00,6,16,11,0.0,0.071,0.07,0.142,,1.463,60.0,21.0,19.0,16.0,87.0,0.3,195.0,,631.0,,
MIR,2024-11-16 07:00:00,7,16,11,0.001,0.094,0.074,0.168,,1.932,82.0,35.0,19.0,16.0,86.0,0.3,171.0,,632.0,,
MIR,2024-11-16 08:00:00,8,16,11,0.009,0.055,0.07,0.125,,1.267,126.0,50.0,18.0,18.0,78.0,0.5,162.0,,632.0,,
MIR,2024-11-16 09:00:00,9,16,11,0.019,0.042,0.069,0.112,,0.999,92.0,36.0,18.0,20.0,69.0,0.4,164.0,,632.0,,
MIR,2024-11-16 10:00:00,10,16,11,0.037,0.032,0.066,0.098,,0.868,97.0,39.0,19.0,22.0,61.0,0.7,202.0,,632.0,,
MIR,2024-11-16 11:00:00,11,16,11,0.046,0.028,0.063,0.091,,0.701,96.0,35.0,19.0,23.0,54.0,0.9,138.0,,632.0,,
MIR,2024-11-16 12:00:00,12,16,11,0.059,0.022,0.057,0.079,,0.593,94.0,31.0,20.0,24.0,45.0,0.9,143.0,,631.0,,
MIR,2024-11-16 13:00:00,13,16,11,0.069,0.018,0.054,0.072,,0.588,79.0,27.0,21.0,26.0,38.0,1.0,15.0,,630.0,,
MIR,2024-11-16 14:00:00,14,16,11,0.073,0.016,0.047,0.064,,0.527,75.0,22.0,21.0,27.0,32.0,0.8,318.0,,629.0,,
MIR,2024-11-16 15:00:00,15,16,11,0.065,0.017,0.046,0.063,,0.534,52.0,20.0,21.0,27.0,35.0,1.2,259.0,,629.0,,
MIR,2024-11-16 16:00:00,16,16,11,0.063,0.018,0.048,0.066,,0.551,47.0,17.0,20.0,27.0,36.0,1.2,287.0,,629.0,,
MIR,2024-11-16 17:00:00,17,16,11,0.041,0.019,0.05,0.069,,0.6,51.0,14.0,20.0,26.0,38.0,1.9,286.0,,629.0,,
MIR,2024-11-16 18:00:00,18,16,11,0.027,0.021,0.056,0.077,,0.746,37.0,14.0,19.0,24.0,37.0,1.0,280.0,,629.0,,
MIR,2024-11-16 19:00:00,19,16,11,0.013,0.026,0.07,0.096,,0.997,41.0,15.0,19.0,23.0,41.0,0.5,195.0,,629.0,,
MIR,2024-11-16 20:00:00,20,16,11,0.002,0.04,0.08,0.12,,1.474,62.0,23.0,18.0,22.0,48.0,0.3,236.0,,630.0,,
MIR,2024-11-16 21:00:00,21,16,11,0.001,0.057,0.081,0.138,,2.052,88.0,37.0,18.0,21.0,53.0,0.3,270.0,,630.0,,
MIR,2024-11-16 22:00:00,22,16,11,0.005,0.04,0.076,0.117,,1.559,82.0,34.0,18.0,21.0,57.0,0.3,251.0,,630.0,,
MIR,2024-11-16 23:00:00,23,16,11,0.008,0.045,0.071,0.117,,1.42,108.0,39.0,18.0,20.0,64.0,0.4,182.0,,630.0,,
MIR,2024-11-17 00:00:00,0,17,11,0.032,0.024,0.05,0.074,,0.409,98.0,38.0,18.0,20.0,74.0,3.7,263.0,,630.0,,
MIR,2024-11-17 01:00:00,1,17,11,0.033,0.022,0.047,0.069,,0.359,36.0,17.0,18.0,19.0,80.0,3.5,258.0,,630.0,,
MIR,2024-11-17 02:00:00,2,17,11,0.028,0.02,0.047,0.068,,0.385,35.0,22.0,18.0,19.0,83.0,1.7,318.0,,630.0,,
MIR,2024-11-17 03:00:00,3,17,11,0.016,0.02,0.054,0.074,,0.487,37.0,17.0,19.0,18.0,87.0,0.3,51.0,,630.0,,
MIR,2024-11-17 04:00:00,4,17,11,0.02,0.02,0.052,0.072,,0.441,29.0,25.0,19.0,18.0,87.0,0.3,348.0,,630.0,,
MIR,2024-11-17 05:00:00,5,17,11,0.008,0.023,0.059,0.083,,0.715,33.0,19.0,18.0,18.0,87.0,0.2,50.0,,630.0,,
MIR,2024-11-17 06:00:00,6,17,11,0.001,0.037,0.066,0.103,,1.245,32.0,25.0,18.0,17.0,88.0,0.2,101.0,,630.0,,
MIR,2024-11-17 07:00:00,7,17,11,0.0,0.073,0.066,0.139,,2.145,65.0,29.0,18.0,17.0,88.0,0.1,120.0,,630.0,,
MIR,2024-11-17 08:00:00,8,17,11,0.004,0.057,0.069,0.126,,2.168,121.0,63.0,18.0,18.0,85.0,0.3,160.0,,631.0,,
MIR,2024-11-17 09:00:00,9,17,11,0.023,0.033,0.059,0.091,,0.855,149.0,84.0,18.0,19.0,78.0,0.4,70.0,,631.0,,
MIR,2024-11-17 10:00:00,10,17,11,0.035,0.026,0.05,0.076,,0.562,61.0,30.0,19.0,21.0,69.0,0.7,198.0,,631.0,,
MIR,2024-11-17 11:00:00,11,17,11,0.042,0.022,0.049,0.072,,0.498,46.0,27.0,19.0,23.0,60.0,0.9,170.0,,631.0,,
MIR,2024-11-17 12:00:00,12,17,11,0.044,0.02,0.046,0.066,,0.445,45.0,31.0,20.0,24.0,50.0,0.9,218.0,,630.0,,
MIR,2024-11-17 13:00:00,13,17,11,0.033,0.019,0.043,0.062,,0.391,47.0,19.0,20.0,25.0,42.0,1.6,202.0,,630.0,,
MIR,2024-11-17 14:00:00,14,17,11,0.039,0.018,0.041,0.059,,0.385,42.0,14.0,21.0,25.0,44.0,2.0,260.0,,629.0,,
MIR,2024-11-17 15:00:00,15,17,11,0.031,0.019,0.041,0.061,,0.462,23.0,12.0,20.0,24.0,48.0,2.2,259.0,,629.0,,
MIR,2024-11-17 16:00:00,16,17,11,0.027,0.021,0.044,0.065,,0.408,25.0,8.0,20.0,23.0,52.0,2.3,253.0,,629.0,,
MIR,2024-11-17 17:00:00,17,17,11,0.025,0.021,0.045,0.066,,0.41,29.0,9.0,19.0,23.0,55.0,1.1,237.0,,629.0,,
MIR,2024-11-17 18:00:00,18,17,11,0.017,0.022,0.052,0.074,,0.586,27.0,10.0,19.0,22.0,58.0,0.9,217.0,,629.0,,
MIR,2024-11-17 19:00:00,19,17,11,0.01,0.022,0.057,0.079,,0.749,50.0,7.0,18.0,21.0,69.0,0.7,273.0,,630.0,,
MIR,2024-11-17 20:00:00,20,17,11,0.012,0.023,0.055,0.077,,0.606,38.0,5.0,18.0,20.0,70.0,1.2,291.0,,630.0,,
MIR,2024-11-17 21:00:00,21,17,11,0.005,0.028,0.061,0.088,,0.836,26.0,11.0,18.0,19.0,75.0,0.1,27.0,,630.0,,
MIR,2024-11-17 22:00:00,22,17,11,0.0,0.04,0.064,0.104,,1.163,29.0,9.0,18.0,19.0,84.0,0.3,69.0,,630.0,,
MIR,2024-11-17 23:00:00,23,17,11,0.0,0.052,0.064,0.116,,1.536,33.0,13.0,18.0,18.0,87.0,0.1,33.0,,630.0,,
MIR,2024-11-18 00:00:00,0,18,11,0.0,0.052,0.065,0.117,,1.545,38.0,16.0,18.0,17.0,89.0,0.1,3.0,,630.0,,
MIR,2024-11-18 01:00:00,1,18,11,0.0,0.044,0.062,0.106,,1.296,36.0,17.0,18.0,17.0,90.0,0.1,284.0,,630.0,,
MIR,2024-11-18 02:00:00,2,18,11,0.0,0.038,0.06,0.098,,1.129,32.0,24.0,18.0,17.0,91.0,0.1,285.0,,629.0,,
MIR,2024-11-18 03:00:00,3,18,11,0.0,0.066,0.057,0.123,,1.566,36.0,22.0,19.0,17.0,90.0,0.3,213.0,,629.0,,
MIR,2024-11-18 04:00:00,4,18,11,0.004,0.046,0.054,0.1,,0.794,85.0,35.0,18.0,17.0,89.0,0.6,294.0,,629.0,,
MIR,2024-11-18 05:00:00,5,18,11,0.005,0.04,0.052,0.091,,0.744,31.0,15.0,18.0,17.0,87.0,0.9,216.0,,629.0,,
MIR,2024-11-18 06:00:00,6,18,11,0.001,0.066,0.057,0.123,,1.528,35.0,19.0,18.0,16.0,92.0,0.4,173.0,,629.0,,
MIR,2024-11-18 07:00:00,7,18,11,0.001,0.09,0.056,0.147,,1.844,96.0,57.0,18.0,16.0,91.0,0.3,174.0,,630.0,,
MIR,2024-11-18 08:00:00,8,18,11,0.002,0.061,0.059,0.12,,1.145,102.0,52.0,18.0,17.0,87.0,0.4,170.0,,630.0,,
MIR,2024-11-18 09:00:00,9,18,11,0.008,0.051,0.059,0.11,,0.964,78.0,37.0,18.0,20.0,77.0,0.6,180.0,,630.0,,
MIR,2024-11-18 10:00:00,10,18,11,0.019,0.034,0.049,0.083,,0.516,67.0,26.0,19.0,22.0,65.0,1.1,183.0,,630.0,,
MIR,2024-11-18 11:00:00,11,18,11,0.021,0.026,0.042,0.068,,0.389,33.0,17.0,19.0,24.0,57.0,1.7,255.0,,630.0,,
MIR,2024-11-18 12:00:00,12,18,11,0.021,0.025,0.039,0.064,,0.343,20.0,5.0,20.0,24.0,54.0,1.9,256.0,,629.0,,
MIR,2024-11-18 13:00:00,13,18,11,0.023,0.024,0.038,0.063,,0.358,18.0,1.0,21.0,25.0,50.0,1.7,256.0,,629.0,,
MIR,2024-11-18 14:00:00,14,18,11,0.024,0.025,0.038,0.063,,0.359,14.0,1.0,21.0,26.0,44.0,2.2,254.0,,628.0,,
MIR,2024-11-18 15:00:00,15,18,11,0.026,0.025,0.039,0.065,,0.392,9.0,1.0,21.0,26.0,44.0,2.3,267.0,,627.0,,
MIR,2024-11-18 16:00:00,16,18,11,0.026,0.026,0.041,0.067,,0.567,10.0,1.0,20.0,26.0,45.0,1.9,275.0,,627.0,,
MIR,2024-11-18 17:00:00,17,18,11,0.024,0.027,0.044,0.071,,0.433,12.0,6.0,20.0,25.0,48.0,2.4,273.0,,628.0,,
MIR,2024-11-18 18:00:00,18,18,11,0.015,0.027,0.049,0.076,,0.583,21.0,3.0,20.0,24.0,53.0,1.6,280.0,,628.0,,
MIR,2024-11-18 19:00:00,19,18,11,0.011,0.028,0.055,0.083,,0.721,15.0,0.0,19.0,23.0,57.0,1.8,285.0,,628.0,,
MIR,2024-11-18 20:00:00,20,18,11,0.008,0.027,0.055,0.082,,0.602,20.0,5.0,18.0,22.0,62.0,1.7,287.0,,629.0,,
MIR,2024-11-18 21:00:00,21,18,11,0.01,0.026,0.053,0.079,,0.503,15.0,3.0,18.0,21.0,67.0,2.8,270.0,,629.0,,
MIR,2024-11-18 22:00:00,22,18,11,0.013,0.024,0.05,0.074,,0.41,18.0,0.0,18.0,20.0,70.0,2.4,266.0,,630.0,,
MIR,2024-11-18 23:00:00,23,18,11,0.015,0.022,0.048,0.071,,0.346,14.0,5.0,18.0,20.0,72.0,1.5,257.0,,630.0,,
MIR,2024-11-19 00:00:00,0,19,11,0.008,0.022,0.052,0.074,,0.439,11.0,5.0,18.0,19.0,74.0,0.3,199.0,,630.0,,
MIR,2024-11-19 01:00:00,1,19,11,0.001,0.027,0.058,0.085,,0.588,25.0,4.0,18.0,18.0,83.0,0.1,315.0,,630.0,,
MIR,2024-11-19 02:00:00,2,19,11,0.004,0.024,0.053,0.077,,0.448,28.0,9.0,19.0,17.0,85.0,0.1,204.0,,630.0,,
MIR,2024-11-19 03:00:00,3,19,11,0.003,0.024,0.052,0.076,,0.65,20.0,6.0,19.0,17.0,88.0,0.1,144.0,,630.0,,
MIR,2024-11-19 04:00:00,4,19,11,0.001,0.034,0.052,0.086,,0.768,36.0,16.0,19.0,16.0,90.0,0.1,207.0,,630.0,,
MIR,2024-11-19 05:00:00,5,19,11,0.0,0.048,0.053,0.101,,1.003,37.0,12.0,19.0,16.0,92.0,0.1,271.0,,630.0,,
MIR,2024-11-19 06:00:00,6,19,11,0.0,0.075,0.054,0.129,,1.569,65.0,15.0,19.0,15.0,95.0,0.1,333.0,,630.0,,
MIR,2024-11-19 07:00:00,7,19,11,0.0,0.127,0.059,0.185,,2.541,44.0,24.0,19.0,16.0,93.0,0.1,353.0,,630.0,,
MIR,2024-11-19 08:00:00,8,19,11,0.004,0.064,0.058,0.122,,1.221,60.0,23.0,18.0,19.0,82.0,0.5,49.0,,631.0,,
MIR,2024-11-19 09:00:00,9,19,11,0.013,0.048,0.061,0.109,,1.226,49.0,15.0,18.0,20.0,74.0,0.9,65.0,,631.0,,
MIR,2024-11-19 10:00:00,10,19,11,0.023,0.034,0.05,0.084,,0.669,48.0,18.0,19.0,21.0,65.0,1.1,94.0,,632.0,,
MIR,2024-11-19 11:00:00,11,19,11,0.027,0.027,0.045,0.072,,0.496,44.0,12.0,19.0,23.0,54.0,1.4,168.0,,631.0,,
MIR,2024-11-19 12:00:00,12,19,11,0.034,0.023,0.044,0.067,,0.459,43.0,13.0,20.0,24.0,46.0,1.4,197.0,,631.0,,
MIR,2024-11-19 13:00:00,13,19,11,0.045,0.02,0.044,0.064,,0.491,44.0,8.0,21.0,26.0,36.0,1.1,229.0,,630.0,,
MIR,2024-11-19 14:00:00,14,19,11,0.047,0.019,0.042,0.061,,0.466,40.0,6.0,21.0,27.0,33.0,1.2,250.0,,629.0,,
MIR,2024-11-19 15:00:00,15,19,11,0.038,0.02,0.041,0.062,,0.439,33.0,5.0,21.0,27.0,35.0,2.4,280.0,,629.0,,
MIR,2024-11-19 16:00:00,16,19,11,0.036,0.021,0.042,0.063,,0.416,24.0,6.0,20.0,27.0,35.0,1.9,271.0,,629.0,,
MIR,2024-11-19 17:00:00,17,19,11,0.029,0.022,0.045,0.067,,0.509,17.0,6.0,20.0,26.0,38.0,2.2,266.0,,629.0,,
MIR,2024-11-19 18:00:00,18,19,11,0.018,0.024,0.051,0.075,,0.642,27.0,8.0,20.0,24.0,41.0,2.5,261.0,,630.0,,
MIR,2024-11-19 19:00:00,19,19,11,0.016,0.025,0.055,0.08,,0.582,53.0,13.0,19.0,23.0,43.0,3.0,263.0,,631.0,,
MIR,2024-11-19 20:00:00,20,19,11,0.016,0.024,0.052,0.076,,0.492,35.0,8.0,18.0,22.0,50.0,1.6,253.0,,631.0,,
MIR,2024-11-19 21:00:00,21,19,11,0.017,0.022,0.05,0.072,,0.409,29.0,4.0,18.0,21.0,56.0,1.8,254.0,,632.0,,
MIR,2024-11-19 22:00:00,22,19,11,0.016,0.021,0.05,0.072,,0.463,19.0,6.0,18.0,21.0,58.0,1.7,284.0,,632.0,,
MIR,2024-11-19 23:00:00,23,19,11,0.012,0.021,0.052,0.073,,0.521,19.0,5.0,18.0,20.0,63.0,0.4,341.0,,633.0,,
MIR,2024-11-20 00:00:00,0,20,11,0.01,0.021,0.053,0.074,,0.432,22.0,4.0,18.0,19.0,69.0,0.3,339.0,,633.0,,
MIR,2024-11-20 01:00:00,1,20,11,0.004,0.021,0.056,0.077,,0.513,11.0,5.0,18.0,18.0,73.0,0.1,283.0,,633.0,,
MIR,2024-11-20 02:00:00,2,20,11,0.004,0.025,0.056,0.08,,0.539,21.0,5.0,18.0,17.0,78.0,0.1,194.0,,633.0,,
MIR,2024-11-20 03:00:00,3,20,11,0.0,0.039,0.059,0.099,,0.777,24.0,6.0,19.0,17.0,82.0,0.4,153.0,,633.0,,
MIR,2024-11-20 04:00:00,4,20,11,0.0,0.055,0.06,0.115,,1.217,74.0,24.0,18.0,16.0,85.0,0.6,196.0,,633.0,,
MIR,2024-11-20 05:00:00,5,20,11,0.0,0.092,0.058,0.15,,1.635,96.0,45.0,18.0,15.0,87.0,0.3,187.0,,633.0,,
MIR,2024-11-20 06:00:00,6,20,11,0.0,0.135,0.062,0.197,,2.053,153.0,60.0,19.0,15.0,89.0,0.7,179.0,,633.0,,
MIR,2024-11-20 07:00:00,7,20,11,0.001,0.128,0.061,0.188,,2.322,164.0,79.0,18.0,15.0,87.0,0.9,191.0,,634.0,,
MIR,2024-11-20 08:00:00,8,20,11,0.001,0.141,0.067,0.208,,2.929,177.0,113.0,18.0,16.0,84.0,0.2,134.0,,634.0,,
MIR,2024-11-20 09:00:00,9,20,11,0.006,0.073,0.067,0.139,,1.331,175.0,86.0,18.0,19.0,75.0,0.6,96.0,,635.0,,
MIR,2024-11-20 10:00:00,10,20,11,0.013,0.057,0.069,0.127,,1.182,81.0,38.0,18.0,20.0,66.0,1.1,74.0,,635.0,,
MIR,2024-11-20 11:00:00,11,20,11,0.027,0.036,0.052,0.088,,0.504,88.0,23.0,19.0,22.0,57.0,1.2,98.0,,635.0,,
MIR,2024-11-20 12:00:00,12,20,11,0.036,0.029,0.048,0.076,,0.437,38.0,9.0,19.0,23.0,50.0,1.1,114.0,,634.0,,
MIR,2024-11-20 13:00:00,13,20,11,0.041,0.024,0.048,0.072,,0.469,38.0,8.0,20.0,25.0,47.0,1.3,103.0,,633.0,,
MIR,2024-11-20 14:00:00,14,20,11,0.044,0.022,0.048,0.07,,0.458,50.0,10.0,20.0,25.0,44.0,1.2,78.0,,633.0,,
MIR,2024-11-20 15:00:00,15,20,11,0.042,0.021,0.05,0.071,,0.511,34.0,9.0,20.0,26.0,42.0,0.9,56.0,,632.0,,
MIR,2024-11-20 16:00:00,16,20,11,0.041,0.021,0.051,0.071,,0.51,36.0,8.0,20.0,26.0,40.0,0.7,55.0,,632.0,,
MIR,2024-11-20 17:00:00,17,20,11,0.031,0.021,0.056,0.077,,0.654,32.0,11.0,20.0,26.0,42.0,0.4,30.0,,632.0,,
MIR,2024-11-20 18:00:00,18,20,11,0.002,0.057,0.082,0.14,,2.276,37.0,13.0,19.0,24.0,48.0,0.3,307.0,,632.0,,
MIR,2024-11-20 19:00:00,19,20,11,0.0,0.079,0.089,0.168,,2.994,74.0,17.0,18.0,23.0,52.0,0.6,301.0,,633.0,,
MIR,2024-11-20 20:00:00,20,20,11,0.001,0.066,0.092,0.157,,2.499,87.0,21.0,18.0,22.0,54.0,0.9,301.0,,633.0,,
MIR,2024-11-20 21:00:00,21,20,11,0.004,0.044,0.086,0.13,,1.568,94.0,23.0,18.0,22.0,54.0,1.1,322.0,,634.0,,
MIR,2024-11-20 22:00:00,22,20,11,0.018,0.026,0.056,0.082,,0.552,90.0,22.0,18.0,21.0,59.0,2.3,142.0,,634.0,,
MIR,2024-11-20 23:00:00,23,20,11,0.021,0.02,0.049,0.069,,0.409,87.0,14.0,18.0,20.0,59.0,1.7,134.0,,635.0,,
MIR,2024-11-21 00:00:00,0,21,11,0.018,0.017,0.049,0.066,,0.442,57.0,9.0,18.0,20.0,60.0,1.3,109.0,,635.0,,
MIR,2024-11-21 01:00:00,1,21,11,0.018,0.017,0.051,0.068,,0.399,63.0,9.0,18.0,19.0,60.0,1.8,113.0,,635.0,,
MIR,2024-11-21 02:00:00,2,21,11,0.021,0.015,0.049,0.064,,0.356,50.0,7.0,18.0,18.0,61.0,1.9,108.0,,635.0,,
MIR,2024-11-21 03:00:00,3,21,11,0.02,0.014,0.048,0.063,,0.369,25.0,5.0,18.0,18.0,62.0,1.5,101.0,,634.0,,
MIR,2024-11-21 04:00:00,4,21,11,0.017,0.015,0.051,0.066,,0.416,34.0,6.0,18.0,17.0,63.0,1.2,96.0,,634.0,,
MIR,2024-11-21 05:00:00,5,21,11,0.01,0.019,0.059,0.078,,0.505,29.0,5.0,18.0,16.0,66.0,1.2,93.0,,634.0,,
MIR,2024-11-21 06:00:00,6,21,11,0.003,0.036,0.065,0.101,,0.953,25.0,9.0,18.0,16.0,69.0,0.5,117.0,,635.0,,
MIR,2024-11-21 07:00:00,7,21,11,0.002,0.044,0.068,0.112,,1.069,28.0,9.0,18.0,16.0,69.0,0.8,88.0,,635.0,,
MIR,2024-11-21 08:00:00,8,21,11,0.012,0.035,0.06,0.095,,0.823,48.0,10.0,18.0,17.0,60.0,1.4,103.0,,636.0,,
MIR,2024-11-21 09:00:00,9,21,11,0.023,0.027,0.05,0.077,,0.506,55.0,11.0,18.0,18.0,55.0,2.5,102.0,,636.0,,
MIR,2024-11-21 10:00:00,10,21,11,0.025,0.023,0.048,0.071,,0.461,42.0,11.0,18.0,20.0,50.0,2.1,88.0,,636.0,,
MIR,2024-11-21 11:00:00,11,21,11,0.033,0.02,0.046,0.066,,0.454,52.0,9.0,19.0,22.0,46.0,1.6,90.0,,636.0,,
MIR,2024-11-21 12:00:00,12,21,11,0.043,0.017,0.045,0.062,,0.441,48.0,10.0,19.0,23.0,43.0,1.6,85.0,,635.0,,
MIR,2024-11-21 13:00:00,13,21,11,0.051,0.016,0.045,0.061,,0.489,45.0,8.0,20.0,25.0,40.0,1.2,131.0,,634.0,,
MIR,2024-11-21 14:00:00,14,21,11,0.053,0.016,0.045,0.061,,0.509,41.0,9.0,21.0,26.0,37.0,1.8,63.0,,633.0,,
MIR,2024-11-21 15:00:00,15,21,11,0.057,0.016,0.046,0.062,,0.525,49.0,9.0,20.0,27.0,35.0,1.0,97.0,,633.0,,
MIR,2024-11-21 16:00:00,16,21,11,0.059,0.015,0.049,0.065,,0.53,47.0,15.0,20.0,27.0,35.0,0.7,167.0,,633.0,,
MIR,2024-11-21 17:00:00,17,21,11,0.051,0.016,0.058,0.074,,0.694,47.0,16.0,20.0,26.0,37.0,0.3,245.0,,633.0,,
MIR,2024-11-21 18:00:00,18,21,11,0.02,0.019,0.083,0.102,,1.43,58.0,13.0,19.0,24.0,44.0,0.4,238.0,,633.0,,
MIR,2024-11-21 19:00:00,19,21,11,0.005,0.052,0.099,0.151,,2.398,85.0,24.0,18.0,23.0,47.0,0.2,323.0,,633.0,,
MIR,2024-11-21 20:00:00,20,21,11,0.001,0.111,0.103,0.214,,3.333,95.0,33.0,18.0,22.0,51.0,0.3,136.0,,634.0,,
MIR,2024-11-21 21:00:00,21,21,11,0.001,0.105,0.093,0.198,,2.719,246.0,72.0,18.0,21.0,54.0,0.4,189.0,,634.0,,
MIR,2024-11-21 22:00:00,22,21,11,0.001,0.109,0.093,0.202,,3.137,249.0,71.0,18.0,20.0,58.0,0.2,274.0,,634.0,,
MIR,2024-11-21 23:00:00,23,21,11,0.002,0.059,0.085,0.144,,1.686,187.0,63.0,18.0,20.0,54.0,0.3,11.0,,634.0,,
MIR,2024-11-22 00:00:00,0,22,11,0.0,0.091,0.091,0.183,,1.964,67.0,22.0,18.0,20.0,57.0,0.5,37.0,,634.0,,
MIR,2024-11-22 01:00:00,1,22,11,0.0,0.059,0.081,0.14,,1.595,115.0,40.0,18.0,18.0,63.0,0.4,166.0,,634.0,,
MIR,2024-11-22 02:00:00,2,22,11,0.0,0.059,0.079,0.137,,1.353,123.0,46.0,18.0,17.0,69.0,0.3,215.0,,634.0,,
MIR,2024-11-22 03:00:00,3,22,11,0.0,0.055,0.077,0.132,,1.122,127.0,46.0,19.0,17.0,73.0,0.1,274.0,,634.0,,
MIR,2024-11-22 04:00:00,4,22,11,0.0,0.044,0.075,0.119,,0.98,104.0,36.0,18.0,16.0,72.0,0.1,284.0,,634.0,,
MIR,2024-11-22 05:00:00,5,22,11,0.0,0.064,0.07,0.134,,1.007,57.0,27.0,18.0,17.0,64.0,0.3,184.0,,634.0,,
MIR,2024-11-22 06:00:00,6,22,11,0.0,0.097,0.071,0.168,,1.62,114.0,40.0,18.0,16.0,62.0,0.1,115.0,,634.0,,
MIR,2024-11-22 07:00:00,7,22,11,0.001,0.067,0.07,0.137,,1.173,90.0,30.0,18.0,17.0,56.0,0.4,85.0,,635.0,,
MIR,2024-11-22 08:00:00,8,22,11,0.007,0.052,0.067,0.119,,0.899,69.0,17.0,18.0,18.0,50.0,0.7,74.0,,635.0,,
MIR,2024-11-22 09:00:00,9,22,11,0.016,0.044,0.061,0.105,,0.71,52.0,19.0,17.0,20.0,43.0,1.3,79.0,,636.0,,
MIR,2024-11-22 10:00:00,10,22,11,0.027,0.035,0.055,0.09,,0.512,60.0,13.0,18.0,21.0,37.0,1.9,92.0,,635.0,,
MIR,2024-11-22 11:00:00,11,22,11,0.034,0.028,0.049,0.077,,0.411,54.0,9.0,19.0,23.0,33.0,1.8,89.0,,635.0,,
MIR,2024-11-22 12:00:00,12,22,11,0.043,0.023,0.047,0.07,,0.404,42.0,7.0,19.0,25.0,30.0,1.8,96.0,,634.0,,
MIR,2024-11-22 13:00:00,13,22,11,0.058,0.019,0.045,0.065,,0.428,40.0,7.0,20.0,26.0,28.0,1.3,68.0,,633.0,,
MIR,2024-11-22 14:00:00,14,22,11,0.052,0.019,0.046,0.065,,0.464,44.0,6.0,21.0,27.0,26.0,1.2,37.0,,632.0,,
MIR,2024-11-22 15:00:00,15,22,11,0.05,0.019,0.047,0.066,,0.415,39.0,8.0,20.0,27.0,24.0,1.0,326.0,,632.0,,
MIR,2024-11-22 16:00:00,16,22,11,0.044,0.02,0.047,0.067,,0.42,26.0,8.0,20.0,27.0,23.0,0.9,3.0,,632.0,,
MIR,2024-11-22 17:00:00,17,22,11,0.031,0.021,0.057,0.079,,0.608,28.0,8.0,20.0,26.0,24.0,0.7,48.0,,632.0,,
MIR,2024-11-22 18:00:00,18,22,11,0.004,0.056,0.08,0.136,,1.536,35.0,11.0,19.0,24.0,29.0,0.2,20.0,,632.0,,
MIR,2024-11-22 19:00:00,19,22,11,0.0,0.119,0.085,0.204,,3.054,66.0,19.0,18.0,22.0,34.0,0.4,263.0,,632.0,,
MIR,2024-11-22 20:00:00,20,22,11,0.0,0.085,0.094,0.179,,2.063,130.0,34.0,18.0,22.0,38.0,0.9,185.0,,633.0,,
MIR,2024-11-22 21:00:00,21,22,11,0.001,0.091,0.093,0.184,,2.195,228.0,58.0,18.0,21.0,41.0,0.7,223.0,,633.0,,
MIR,2024-11-22 22:00:00,22,22,11,0.0,0.153,0.085,0.238,,4.038,182.0,59.0,18.0,19.0,48.0,0.1,290.0,,633.0,,
MIR,2024-11-22 23:00:00,23,22,11,0.0,0.151,0.084,0.235,,3.531,131.0,44.0,18.0,18.0,50.0,0.1,241.0,,633.0,,
MIR,2024-11-23 00:00:00,0,23,11,0.001,0.167,0.089,0.256,,3.437,102.0,32.0,18.0,17.0,53.0,0.9,191.0,,633.0,,
MIR,2024-11-23 01:00:00,1,23,11,0.001,0.095,0.087,0.183,,2.059,495.0,161.0,18.0,17.0,50.0,0.6,190.0,,633.0,,
MIR,2024-11-23 02:00:00,2,23,11,0.001,0.074,0.083,0.156,,1.434,218.0,83.0,18.0,16.0,50.0,0.4,219.0,,633.0,,
MIR,2024-11-23 03:00:00,3,23,11,0.001,0.056,0.078,0.134,,1.145,139.0,50.0,18.0,16.0,50.0,0.4,172.0,,633.0,,
MIR,2024-11-23 04:00:00,4,23,11,0.002,0.041,0.074,0.115,,0.761,115.0,55.0,18.0,15.0,53.0,0.1,286.0,,633.0,,
MIR,2024-11-23 05:00:00,5,23,11,0.0,0.057,0.075,0.131,,0.808,57.0,28.0,18.0,14.0,53.0,0.4,210.0,,633.0,,
MIR,2024-11-23 06:00:00,6,23,11,0.0,0.059,0.075,0.134,,1.029,84.0,28.0,18.0,14.0,51.0,0.3,231.0,,633.0,,
MIR,2024-11-23 07:00:00,7,23,11,0.001,0.073,0.076,0.149,,1.169,113.0,41.0,18.0,14.0,46.0,0.5,185.0,,634.0,,
MIR,2024-11-23 08:00:00,8,23,11,0.004,0.072,0.078,0.149,,1.236,114.0,45.0,18.0,17.0,36.0,0.3,101.0,,634.0,,
MIR,2024-11-23 09:00:00,9,23,11,0.009,0.077,0.085,0.162,,1.514,82.0,27.0,17.0,19.0,34.0,0.6,108.0,,634.0,,
MIR,2024-11-23 10:00:00,10,23,11,0.026,0.04,0.067,0.107,,0.67,137.0,42.0,17.0,21.0,27.0,0.7,122.0,,634.0,,
MIR,2024-11-23 11:00:00,11,23,11,0.038,0.032,0.059,0.09,,0.474,90.0,22.0,18.0,23.0,24.0,0.7,201.0,,634.0,,
MIR,2024-11-23 12:00:00,12,23,11,0.049,0.026,0.057,0.083,,0.493,69.0,11.0,19.0,24.0,21.0,0.6,224.0,,633.0,,
MIR,2024-11-23 13:00:00,13,23,11,0.055,0.026,0.062,0.088,,0.553,67.0,18.0,20.0,26.0,21.0,0.9,202.0,,632.0,,
MIR,2024-11-23 14:00:00,14,23,11,0.064,0.022,0.056,0.078,,0.546,82.0,20.0,21.0,26.0,20.0,1.2,4.0,,632.0,,
MIR,2024-11-23 15:00:00,15,23,11,0.064,0.022,0.056,0.077,,0.52,43.0,13.0,20.0,27.0,20.0,1.1,45.0,,631.0,,
MIR,2024-11-23 16:00:00,16,23,11,0.07,0.02,0.054,0.074,,0.475,33.0,9.0,20.0,27.0,19.0,0.7,255.0,,631.0,,
MIR,2024-11-23 17:00:00,17,23,11,0.071,0.019,0.057,0.077,,0.595,34.0,14.0,19.0,26.0,20.0,0.2,245.0,,631.0,,
MIR,2024-11-23 18:00:00,18,23,11,0.013,0.031,0.098,0.129,,1.914,42.0,18.0,18.0,23.0,28.0,0.2,250.0,,631.0,,
MIR,2024-11-23 19:00:00,19,23,11,0.016,0.026,0.087,0.112,,1.387,98.0,33.0,18.0,22.0,33.0,0.5,248.0,,632.0,,
MIR,2024-11-23 20:00:00,20,23,11,0.007,0.035,0.089,0.125,,1.684,75.0,25.0,18.0,20.0,37.0,0.3,280.0,,632.0,,
MIR,2024-11-23 21:00:00,21,23,11,0.001,0.129,0.1,0.23,,3.108,62.0,27.0,18.0,19.0,42.0,0.2,66.0,,632.0,,
MIR,2024-11-23 22:00:00,22,23,11,0.03,0.031,0.068,0.099,,0.715,131.0,45.0,18.0,20.0,46.0,2.0,265.0,,633.0,,
MIR,2024-11-23 23:00:00,23,23,11,0.032,0.027,0.057,0.084,,0.451,44.0,12.0,18.0,19.0,63.0,3.1,272.0,,633.0,,
MIR,2024-11-24 00:00:00,0,24,11,0.034,0.024,0.053,0.076,,0.411,29.0,8.0,18.0,19.0,73.0,3.0,269.0,,633.0,,
MIR,2024-11-24 01:00:00,1,24,11,0.035,0.021,0.05,0.071,,0.37,30.0,12.0,18.0,19.0,72.0,2.5,265.0,,633.0,,
MIR,2024-11-24 02:00:00,2,24,11,0.025,0.02,0.054,0.074,,0.516,21.0,10.0,18.0,18.0,76.0,0.4,88.0,,633.0,,
MIR,2024-11-24 03:00:00,3,24,11,0.01,0.021,0.062,0.083,,0.671,24.0,6.0,18.0,17.0,83.0,0.1,121.0,,632.0,,
MIR,2024-11-24 04:00:00,4,24,11,0.003,0.025,0.065,0.09,,0.8,36.0,15.0,19.0,16.0,85.0,0.1,175.0,,633.0,,
MIR,2024-11-24 05:00:00,5,24,11,0.002,0.036,0.068,0.105,,0.928,32.0,13.0,18.0,15.0,87.0,0.1,104.0,,633.0,,
MIR,2024-11-24 06:00:00,6,24,11,0.0,0.047,0.072,0.119,,1.443,31.0,20.0,19.0,15.0,90.0,0.5,163.0,,633.0,,
MIR,2024-11-24 07:00:00,7,24,11,0.001,0.05,0.071,0.121,,1.361,86.0,46.0,19.0,14.0,86.0,0.7,187.0,,634.0,,
MIR,2024-11-24 08:00:00,8,24,11,0.006,0.055,0.074,0.129,,1.465,102.0,60.0,18.0,16.0,77.0,1.0,171.0,,634.0,,
MIR,2024-11-24 09:00:00,9,24,11,0.016,0.046,0.07,0.116,,1.063,107.0,52.0,18.0,19.0,66.0,0.6,151.0,,634.0,,
MIR,2024-11-24 10:00:00,10,24,11,0.037,0.029,0.058,0.086,,0.695,86.0,36.0,19.0,21.0,54.0,0.5,211.0,,634.0,,
MIR,2024-11-24 11:00:00,11,24,11,0.049,0.024,0.055,0.079,,0.637,66.0,21.0,19.0,23.0,44.0,0.9,343.0,,634.0,,
MIR,2024-11-24 12:00:00,12,24,11,0.061,0.021,0.052,0.073,,0.593,34.0,12.0,20.0,25.0,39.0,1.1,12.0,,633.0,,
MIR,2024-11-24 13:00:00,13,24,11,0.066,0.018,0.048,0.066,,0.53,30.0,10.0,20.0,26.0,36.0,1.4,8.0,,632.0,,
MIR,2024-11-24 14:00:00,14,24,11,0.053,0.017,0.045,0.063,,0.437,32.0,11.0,20.0,27.0,32.0,1.1,342.0,,632.0,,
MIR,2024-11-24 15:00:00,15,24,11,0.052,0.018,0.046,0.063,,0.42,21.0,7.0,20.0,27.0,30.0,1.1,325.0,,632.0,,
MIR,2024-11-24 16:00:00,16,24,11,0.046,0.018,0.048,0.065,,0.472,26.0,5.0,20.0,27.0,30.0,1.2,321.0,,631.0,,
MIR,2024-11-24 17:00:00,17,24,11,0.041,0.018,0.049,0.067,,0.5,38.0,14.0,20.0,26.0,33.0,1.2,309.0,,632.0,,
MIR,2024-11-24 18:00:00,18,24,11,0.025,0.019,0.057,0.077,,0.713,18.0,10.0,19.0,24.0,38.0,1.2,300.0,,632.0,,
MIR,2024-11-24 19:00:00,19,24,11,0.016,0.021,0.063,0.084,,0.857,23.0,11.0,19.0,22.0,41.0,1.1,302.0,,633.0,,
MIR,2024-11-24 20:00:00,20,24,11,0.017,0.021,0.061,0.082,,0.707,28.0,16.0,18.0,21.0,45.0,0.9,308.0,,633.0,,
MIR,2024-11-24 21:00:00,21,24,11,0.015,0.022,0.063,0.085,,0.785,27.0,8.0,19.0,20.0,49.0,1.3,298.0,,633.0,,
MIR,2024-11-24 22:00:00,22,24,11,0.01,0.023,0.066,0.089,,0.852,30.0,12.0,19.0,19.0,52.0,0.4,268.0,,634.0,,
MIR,2024-11-24 23:00:00,23,24,11,0.001,0.048,0.073,0.122,,1.419,42.0,10.0,19.0,18.0,57.0,0.1,308.0,,634.0,,
MIR,2024-11-25 00:00:00,0,25,11,0.001,0.048,0.072,0.121,,1.46,59.0,21.0,19.0,17.0,63.0,0.1,112.0,,633.0,,
MIR,2024-11-25 01:00:00,1,25,11,0.0,0.048,0.072,0.12,,1.036,61.0,18.0,19.0,17.0,65.0,0.6,195.0,,633.0,,
MIR,2024-11-25 02:00:00,2,25,11,0.0,0.044,0.071,0.116,,1.113,65.0,32.0,19.0,16.0,69.0,0.3,188.0,,633.0,,
MIR,2024-11-25 03:00:00,3,25,11,0.0,0.043,0.07,0.112,,1.266,85.0,43.0,19.0,15.0,73.0,0.1,166.0,,633.0,,
MIR,2024-11-25 04:00:00,4,25,11,0.0,0.045,0.068,0.113,,1.21,78.0,42.0,19.0,15.0,74.0,0.2,196.0,,633.0,,
MIR,2024-11-25 05:00:00,5,25,11,0.0,0.11,0.066,0.176,,2.327,84.0,39.0,19.0,14.0,78.0,0.5,179.0,,633.0,,
MIR,2024-11-25 06:00:00,6,25,11,0.0,0.153,0.067,0.22,,2.87,160.0,82.0,19.0,14.0,81.0,0.7,180.0,,634.0,,
MIR,2024-11-25 07:00:00,7,25,11,0.001,0.176,0.07,0.246,,3.138,192.0,102.0,19.0,14.0,81.0,0.7,187.0,,634.0,,
MIR,2024-11-25 08:00:00,8,25,11,0.002,0.124,0.076,0.2,,2.356,201.0,104.0,19.0,17.0,70.0,0.3,164.0,,635.0,,
MIR,2024-11-25 09:00:00,9,25,11,0.008,0.086,0.081,0.167,,1.715,151.0,62.0,19.0,19.0,60.0,0.6,142.0,,635.0,,
MIR,2024-11-25 10:00:00,10,25,11,0.021,0.057,0.078,0.135,,1.309,141.0,51.0,19.0,22.0,49.0,0.5,343.0,,635.0,,
MIR,2024-11-25 11:00:00,11,25,11,0.038,0.045,0.077,0.122,,1.223,96.0,32.0,20.0,23.0,42.0,1.0,114.0,,635.0,,
MIR,2024-11-25 12:00:00,12,25,11,0.05,0.035,0.069,0.104,,0.92,74.0,28.0,20.0,25.0,38.0,0.6,330.0,,634.0,,
MIR,2024-11-25 13:00:00,13,25,11,0.058,0.028,0.056,0.084,,0.668,54.0,19.0,21.0,27.0,32.0,0.9,304.0,,634.0,,
MIR,2024-11-25 14:00:00,14,25,11,0.061,0.026,0.052,0.078,,0.605,43.0,11.0,22.0,28.0,29.0,0.9,275.0,,633.0,,
MIR,2024-11-25 15:00:00,15,25,11,0.055,0.026,0.054,0.08,,0.616,36.0,11.0,21.0,28.0,26.0,1.3,319.0,,633.0,,
MIR,2024-11-25 16:00:00,16,25,11,0.057,0.026,0.053,0.079,,0.52,37.0,11.0,21.0,28.0,24.0,0.7,354.0,,632.0,,
MIR,2024-11-25 17:00:00,17,25,11,0.045,0.026,0.059,0.085,,0.816,28.0,11.0,20.0,28.0,27.0,0.9,280.0,,633.0,,
MIR,2024-11-25 18:00:00,18,25,11,0.026,0.027,0.065,0.092,,1.021,45.0,10.0,20.0,25.0,34.0,1.7,293.0,,633.0,,
MIR,2024-11-25 19:00:00,19,25,11,0.008,0.034,0.079,0.112,,1.618,47.0,12.0,19.0,23.0,43.0,1.0,301.0,,634.0,,
MIR,2024-11-25 20:00:00,20,25,11,0.01,0.032,0.073,0.105,,1.212,76.0,17.0,19.0,22.0,45.0,1.1,301.0,,634.0,,
MIR,2024-11-25 21:00:00,21,25,11,0.011,0.028,0.069,0.098,,0.945,57.0,12.0,18.0,21.0,49.0,0.8,295.0,,634.0,,
MIR,2024-11-25 22:00:00,22,25,11,0.0,0.079,0.082,0.161,,1.87,43.0,10.0,19.0,20.0,56.0,0.1,98.0,,635.0,,
MIR,2024-11-25 23:00:00,23,25,11,0.0,0.107,0.081,0.187,,2.357,97.0,26.0,19.0,19.0,59.0,0.1,150.0,,635.0,,
MIR,2024-11-26 00:00:00,0,26,11,0.0,0.088,0.079,0.168,,1.851,159.0,54.0,19.0,18.0,64.0,0.3,232.0,,635.0,,
MIR,2024-11-26 01:00:00,1,26,11,0.0,0.064,0.076,0.14,,1.403,128.0,41.0,19.0,18.0,66.0,0.6,187.0,,635.0,,
MIR,2024-11-26 02:00:00,2,26,11,0.0,0.076,0.074,0.15,,1.861,138.0,51.0,19.0,17.0,70.0,0.8,189.0,,635.0,,
MIR,2024-11-26 03:00:00,3,26,11,0.0,0.072,0.077,0.149,,1.227,187.0,97.0,19.0,16.0,69.0,0.7,181.0,,635.0,,
MIR,2024-11-26 04:00:00,4,26,11,0.0,0.067,0.073,0.141,,1.175,122.0,75.0,19.0,16.0,74.0,0.2,159.0,,635.0,,
MIR,2024-11-26 05:00:00,5,26,11,0.0,0.062,0.072,0.134,,1.202,129.0,55.0,19.0,15.0,79.0,0.1,294.0,,635.0,,
MIR,2024-11-26 06:00:00,6,26,11,0.0,0.098,0.07,0.168,,1.857,88.0,36.0,19.0,14.0,79.0,0.1,334.0,,635.0,,
MIR,2024-11-26 07:00:00,7,26,11,0.0,0.124,0.074,0.198,,2.31,74.0,35.0,19.0,15.0,65.0,0.1,194.0,,635.0,,
MIR,2024-11-26 08:00:00,8,26,11,0.006,0.077,0.074,0.152,,1.481,79.0,33.0,19.0,18.0,44.0,0.9,100.0,,636.0,,
MIR,2024-11-26 09:00:00,9,26,11,0.02,0.045,0.063,0.107,,0.749,87.0,23.0,18.0,20.0,34.0,1.7,75.0,,636.0,,
MIR,2024-11-26 10:00:00,10,26,11,0.029,0.038,0.058,0.095,,0.615,57.0,12.0,19.0,22.0,28.0,1.7,75.0,,636.0,,
MIR,2024-11-26 11:00:00,11,26,11,0.039,0.03,0.054,0.084,,0.495,72.0,12.0,20.0,24.0,24.0,1.5,79.0,,635.0,,
MIR,2024-11-26 12:00:00,12,26,11,0.048,0.025,0.052,0.077,,0.474,51.0,11.0,20.0,26.0,21.0,1.2,114.0,,635.0,,
MIR,2024-11-26 13:00:00,13,26,11,0.056,0.023,0.053,0.076,,0.539,65.0,11.0,21.0,27.0,19.0,0.8,47.0,,634.0,,
MIR,2024-11-26 14:00:00,14,26,11,0.061,0.022,0.053,0.075,,0.534,59.0,11.0,22.0,28.0,17.0,1.4,113.0,,633.0,,
MIR,2024-11-26 15:00:00,15,26,11,0.066,0.021,0.054,0.075,,0.55,52.0,9.0,21.0,29.0,17.0,1.1,175.0,,632.0,,
MIR,2024-11-26 16:00:00,16,26,11,0.063,0.019,0.058,0.077,,0.592,64.0,24.0,21.0,29.0,18.0,1.0,206.0,,632.0,,
MIR,2024-11-26 17:00:00,17,26,11,0.039,0.02,0.073,0.093,,0.81,71.0,23.0,20.0,28.0,18.0,1.2,179.0,,632.0,,
MIR,2024-11-26 18:00:00,18,26,11,0.005,0.035,0.096,0.131,,1.622,88.0,23.0,20.0,25.0,22.0,0.5,199.0,,633.0,,
MIR,2024-11-26 19:00:00,19,26,11,0.002,0.053,0.098,0.151,,1.803,180.0,44.0,19.0,23.0,22.0,0.7,198.0,,633.0,,
MIR,2024-11-26 20:00:00,20,26,11,0.001,0.083,0.099,0.182,,2.721,136.0,31.0,18.0,21.0,27.0,0.2,339.0,,633.0,,
MIR,2024-11-26 21:00:00,21,26,11,0.001,0.164,0.096,0.26,,4.357,106.0,26.0,19.0,19.0,36.0,0.1,358.0,,634.0,,
MIR,2024-11-26 22:00:00,22,26,11,0.001,0.117,0.098,0.215,,2.718,148.0,46.0,19.0,19.0,31.0,0.4,193.0,,634.0,,
MIR,2024-11-26 23:00:00,23,26,11,0.001,0.166,0.097,0.263,,4.134,272.0,69.0,19.0,18.0,38.0,0.9,186.0,,634.0,,
MIR,2024-11-27 00:00:00,0,27,11,0.001,0.191,0.094,0.285,,4.858,433.0,153.0,19.0,17.0,46.0,0.9,194.0,,634.0,,
MIR,2024-11-27 01:00:00,1,27,11,0.001,0.173,0.093,0.266,,3.617,511.0,176.0,19.0,16.0,47.0,0.6,185.0,,634.0,,
MIR,2024-11-27 02:00:00,2,27,11,0.0,0.155,0.088,0.243,,3.026,374.0,150.0,19.0,15.0,50.0,0.8,182.0,,633.0,,
MIR,2024-11-27 03:00:00,3,27,11,0.0,0.09,0.089,0.178,,1.403,370.0,144.0,19.0,15.0,42.0,1.0,192.0,,633.0,,
MIR,2024-11-27 04:00:00,4,27,11,0.001,0.061,0.086,0.147,,0.751,213.0,73.0,19.0,14.0,40.0,0.4,204.0,,633.0,,
MIR,2024-11-27 05:00:00,5,27,11,0.001,0.127,0.079,0.207,,1.749,114.0,44.0,19.0,13.0,51.0,0.6,186.0,,633.0,,
MIR,2024-11-27 06:00:00,6,27,11,0.001,0.236,0.081,0.317,,3.079,200.0,85.0,19.0,13.0,56.0,0.7,190.0,,634.0,,
MIR,2024-11-27 07:00:00,7,27,11,0.001,0.184,0.083,0.267,,2.885,330.0,129.0,19.0,13.0,52.0,0.6,190.0,,634.0,,
MIR,2024-11-27 08:00:00,8,27,11,0.003,0.118,0.088,0.205,,2.511,287.0,126.0,19.0,15.0,46.0,0.9,185.0,,634.0,,
MIR,2024-11-27 09:00:00,9,27,11,0.011,0.084,0.088,0.173,,1.762,207.0,97.0,18.0,18.0,41.0,1.2,164.0,,635.0,,
MIR,2024-11-27 10:00:00,10,27,11,0.023,0.057,0.079,0.136,,1.112,177.0,63.0,18.0,20.0,41.0,1.0,136.0,,635.0,,
MIR,2024-11-27 11:00:00,11,27,11,0.044,0.037,0.066,0.103,,0.636,129.0,47.0,19.0,23.0,32.0,0.6,142.0,,634.0,,
MIR,2024-11-27 12:00:00,12,27,11,0.057,0.031,0.065,0.096,,0.654,83.0,22.0,20.0,25.0,28.0,0.7,233.0,,633.0,,
MIR,2024-11-27 13:00:00,13,27,11,0.065,0.028,0.07,0.098,,0.748,81.0,30.0,21.0,26.0,23.0,0.7,266.0,,632.0,,
MIR,2024-11-27 14:00:00,14,27,11,0.093,0.026,0.07,0.095,,0.874,98.0,28.0,21.0,28.0,19.0,0.8,289.0,,631.0,,
MIR,2024-11-27 15:00:00,15,27,11,0.106,0.023,0.07,0.093,,0.823,94.0,33.0,21.0,29.0,16.0,0.7,257.0,,631.0,,
MIR,2024-11-27 16:00:00,16,27,11,0.103,0.021,0.069,0.09,,0.778,80.0,34.0,21.0,29.0,16.0,0.5,236.0,,631.0,,
MIR,2024-11-27 17:00:00,17,27,11,0.069,0.022,0.079,0.101,,1.039,96.0,35.0,20.0,28.0,17.0,0.5,229.0,,631.0,,
MIR,2024-11-27 18:00:00,18,27,11,0.028,0.025,0.1,0.126,,1.884,113.0,36.0,20.0,25.0,35.0,0.8,281.0,,631.0,,
MIR,2024-11-27 19:00:00,19,27,11,0.014,0.027,0.098,0.125,,1.953,117.0,35.0,19.0,23.0,42.0,0.6,300.0,,631.0,,
MIR,2024-11-27 20:00:00,20,27,11,0.006,0.034,0.101,0.135,,1.836,86.0,34.0,18.0,22.0,45.0,0.7,272.0,,632.0,,
MIR,2024-11-27 21:00:00,21,27,11,0.0,0.125,0.109,0.233,,3.031,92.0,25.0,19.0,21.0,44.0,0.2,184.0,,632.0,,
MIR,2024-11-27 22:00:00,22,27,11,0.0,0.138,0.105,0.243,,3.399,268.0,84.0,19.0,19.0,49.0,0.2,208.0,,632.0,,
MIR,2024-11-27 23:00:00,23,27,11,0.0,0.102,0.098,0.2,,2.418,275.0,98.0,19.0,18.0,56.0,0.2,202.0,,632.0,,
MIR,2024-11-28 00:00:00,0,28,11,0.0,0.078,0.089,0.167,,,172.0,64.0,19.0,17.0,63.0,0.3,197.0,,632.0,,
MIR,2024-11-28 01:00:00,1,28,11,0.0,0.087,0.085,0.172,,1.917,115.0,51.0,19.0,17.0,70.0,0.5,189.0,,632.0,,
MIR,2024-11-28 02:00:00,2,28,11,0.0,0.084,0.083,0.167,,2.078,155.0,70.0,19.0,16.0,74.0,0.2,160.0,,632.0,,
MIR,2024-11-28 03:00:00,3,28,11,0.0,0.074,0.081,0.154,,1.584,162.0,86.0,19.0,16.0,77.0,0.7,174.0,,632.0,,
MIR,2024-11-28 04:00:00,4,28,11,0.0,0.083,0.077,0.16,,1.868,129.0,67.0,19.0,14.0,81.0,0.6,185.0,,632.0,,
MIR,2024-11-28 05:00:00,5,28,11,0.0,0.091,0.078,0.169,,1.886,151.0,87.0,19.0,14.0,79.0,0.6,174.0,,632.0,,
MIR,2024-11-28 06:00:00,6,28,11,0.0,0.113,0.08,0.193,,1.908,147.0,83.0,19.0,13.0,73.0,1.0,194.0,,632.0,,
MIR,2024-11-28 07:00:00,7,28,11,0.001,0.115,0.084,0.199,,1.886,163.0,91.0,19.0,14.0,68.0,0.9,188.0,,633.0,,
MIR,2024-11-28 08:00:00,8,28,11,0.002,0.125,0.087,0.212,,2.521,142.0,73.0,19.0,15.0,67.0,1.2,170.0,,633.0,,
MIR,2024-11-28 09:00:00,9,28,11,0.012,0.074,0.083,0.156,,1.511,171.0,80.0,18.0,18.0,70.0,1.1,168.0,,633.0,,
MIR,2024-11-28 10:00:00,10,28,11,0.033,0.041,0.068,0.109,,0.838,114.0,49.0,19.0,21.0,62.0,0.5,196.0,,634.0,,
MIR,2024-11-28 11:00:00,11,28,11,0.053,0.032,0.065,0.097,,0.824,83.0,39.0,19.0,23.0,52.0,0.6,189.0,,633.0,,
MIR,2024-11-28 12:00:00,12,28,11,0.055,0.028,0.067,0.095,,0.837,78.0,28.0,20.0,25.0,40.0,0.7,189.0,,632.0,,
MIR,2024-11-28 13:00:00,13,28,11,0.061,0.027,0.069,0.096,,0.847,90.0,26.0,21.0,27.0,32.0,0.6,76.0,,631.0,,
MIR,2024-11-28 14:00:00,14,28,11,0.073,0.025,0.065,0.091,,0.817,88.0,23.0,22.0,29.0,24.0,0.7,24.0,,631.0,,
MIR,2024-11-28 15:00:00,15,28,11,0.07,0.026,0.067,0.093,,0.774,78.0,21.0,22.0,30.0,17.0,0.5,200.0,,630.0,,
MIR,2024-11-28 16:00:00,16,28,11,0.072,0.025,0.064,0.089,,0.618,75.0,22.0,21.0,30.0,13.0,0.5,230.0,,630.0,,
MIR,2024-11-28 17:00:00,17,28,11,0.035,0.035,0.079,0.114,,1.577,68.0,16.0,21.0,29.0,17.0,0.2,255.0,,630.0,,
MIR,2024-11-28 18:00:00,18,28,11,0.007,0.068,0.103,0.171,,2.688,74.0,17.0,20.0,25.0,30.0,0.9,287.0,,630.0,,
MIR,2024-11-28 19:00:00,19,28,11,0.015,0.035,0.091,0.125,,1.728,120.0,34.0,19.0,24.0,41.0,1.2,292.0,,631.0,,
MIR,2024-11-28 20:00:00,20,28,11,0.003,0.048,0.091,0.139,,1.836,85.0,25.0,19.0,23.0,41.0,0.6,283.0,,632.0,,
MIR,2024-11-28 21:00:00,21,28,11,0.004,0.06,0.086,0.146,,1.684,83.0,28.0,19.0,22.0,45.0,0.6,238.0,,632.0,,
MIR,2024-11-28 22:00:00,22,28,11,0.0,0.097,0.088,0.185,,2.727,90.0,24.0,19.0,20.0,51.0,0.1,265.0,,632.0,,
MIR,2024-11-28 23:00:00,23,28,11,0.0,0.119,0.086,0.205,,2.865,136.0,40.0,19.0,19.0,57.0,0.1,288.0,,632.0,,
MIR,2024-11-29 00:00:00,0,29,11,0.0,0.107,0.085,0.192,,2.328,136.0,45.0,19.0,18.0,59.0,0.2,226.0,,632.0,,
MIR,2024-11-29 01:00:00,1,29,11,0.0,0.093,0.084,0.177,,2.296,92.0,39.0,19.0,17.0,64.0,0.1,269.0,,632.0,,
MIR,2024-11-29 02:00:00,2,29,11,0.0,0.1,0.081,0.181,,2.224,73.0,33.0,19.0,16.0,68.0,0.5,162.0,,632.0,,
MIR,2024-11-29 03:00:00,3,29,11,0.0,0.115,0.078,0.193,,2.665,154.0,47.0,19.0,16.0,69.0,1.0,194.0,,632.0,,
MIR,2024-11-29 04:00:00,4,29,11,0.001,0.065,0.08,0.145,,1.028,286.0,114.0,19.0,15.0,62.0,1.7,192.0,,632.0,,
MIR,2024-11-29 05:00:00,5,29,11,0.0,0.059,0.077,0.136,,0.905,86.0,51.0,19.0,15.0,60.0,1.0,173.0,,632.0,,
MIR,2024-11-29 06:00:00,6,29,11,0.0,0.073,0.076,0.149,,1.401,99.0,40.0,19.0,15.0,63.0,0.5,154.0,,632.0,,
MIR,2024-11-29 07:00:00,7,29,11,0.0,0.097,0.073,0.17,,2.285,100.0,39.0,19.0,15.0,72.0,0.2,299.0,,633.0,,
MIR,2024-11-29 08:00:00,8,29,11,0.001,0.113,0.083,0.196,,2.433,98.0,38.0,19.0,18.0,63.0,0.3,32.0,,633.0,,
MIR,2024-11-29 09:00:00,9,29,11,0.012,0.068,0.082,0.15,,1.701,103.0,39.0,18.0,20.0,52.0,0.6,141.0,,634.0,,
MIR,2024-11-29 10:00:00,10,29,11,0.033,0.047,0.077,0.124,,1.274,113.0,44.0,19.0,22.0,46.0,0.7,142.0,,634.0,,
MIR,2024-11-29 11:00:00,11,29,11,0.051,0.036,0.069,0.106,,0.993,132.0,45.0,20.0,24.0,40.0,0.7,213.0,,633.0,,
MIR,2024-11-29 12:00:00,12,29,11,0.071,0.029,0.066,0.095,,0.852,107.0,30.0,21.0,26.0,34.0,0.8,158.0,,632.0,,
MIR,2024-11-29 13:00:00,13,29,11,0.086,0.025,0.066,0.092,,0.866,95.0,26.0,22.0,28.0,30.0,0.9,217.0,,632.0,,
MIR,2024-11-29 14:00:00,14,29,11,0.078,0.023,0.06,0.083,,0.64,117.0,39.0,22.0,29.0,21.0,0.7,213.0,,631.0,,
MIR,2024-11-29 15:00:00,15,29,11,0.074,0.024,0.058,0.082,,0.612,57.0,17.0,22.0,30.0,18.0,0.8,243.0,,630.0,,
MIR,2024-11-29 16:00:00,16,29,11,0.064,0.025,0.059,0.085,,0.64,56.0,15.0,21.0,30.0,15.0,0.7,200.0,,630.0,,
MIR,2024-11-29 17:00:00,17,29,11,0.038,0.039,0.074,0.113,,1.717,51.0,19.0,21.0,29.0,18.0,0.2,164.0,,630.0,,
MIR,2024-11-29 18:00:00,18,29,11,0.009,0.047,0.101,0.148,,2.932,80.0,20.0,20.0,25.0,30.0,0.8,261.0,,631.0,,
MIR,2024-11-29 19:00:00,19,29,11,0.035,0.032,0.084,0.117,,1.633,127.0,32.0,20.0,25.0,36.0,1.4,284.0,,631.0,,
MIR,2024-11-29 20:00:00,20,29,11,0.032,0.032,0.069,0.101,,0.835,81.0,21.0,19.0,24.0,35.0,3.8,271.0,,632.0,,
MIR,2024-11-29 21:00:00,21,29,11,0.034,0.028,0.06,0.088,,0.541,109.0,16.0,19.0,23.0,40.0,3.4,270.0,,632.0,,
MIR,2024-11-29 22:00:00,22,29,11,0.006,0.032,0.077,0.108,,0.953,61.0,10.0,19.0,22.0,45.0,0.5,315.0,,633.0,,
MIR,2024-11-29 23:00:00,23,29,11,0.001,0.043,0.079,0.121,,1.374,64.0,15.0,19.0,20.0,51.0,0.2,294.0,,633.0,,
MIR,2024-11-30 00:00:00,0,30,11,0.0,0.06,0.077,0.137,,1.706,77.0,24.0,19.0,19.0,56.0,0.3,219.0,,633.0,,
MIR,2024-11-30 01:00:00,1,30,11,0.0,0.063,0.082,0.145,,1.619,108.0,32.0,19.0,18.0,58.0,0.4,186.0,,633.0,,
MIR,2024-11-30 02:00:00,2,30,11,0.0,,,,,1.55,141.0,42.0,19.0,17.0,61.0,0.5,154.0,,633.0,,
MIR,2024-11-30 03:00:00,3,30,11,0.0,,,,,1.256,168.0,95.0,19.0,17.0,63.0,1.0,192.0,,633.0,,
MIR,2024-11-30 04:00:00,4,30,11,0.003,,,,,0.782,147.0,69.0,19.0,16.0,63.0,0.5,239.0,,633.0,,
MIR,2024-11-30 05:00:00,5,30,11,0.0,,,,,1.28,79.0,39.0,19.0,15.0,66.0,0.2,179.0,,633.0,,
MIR,2024-11-30 06:00:00,6,30,11,0.0,,,,,1.669,103.0,47.0,19.0,15.0,66.0,0.2,161.0,,634.0,,
MIR,2024-11-30 07:00:00,7,30,11,0.0,,,,,2.289,146.0,66.0,19.0,15.0,67.0,0.1,241.0,,634.0,,
MIR,2024-11-30 08:00:00,8,30,11,0.001,,,,,2.709,161.0,52.0,19.0,18.0,58.0,0.6,210.0,,635.0,,
MIR,2024-11-30 09:00:00,9,30,11,0.01,,,,,1.96,176.0,65.0,18.0,19.0,52.0,0.6,163.0,,635.0,,
MIR,2024-11-30 10:00:00,10,30,11,0.036,,,,,1.039,154.0,66.0,19.0,22.0,43.0,0.9,141.0,,635.0,,
MIR,2024-11-30 11:00:00,11,30,11,0.049,,,,,0.734,113.0,42.0,19.0,24.0,38.0,0.5,187.0,,635.0,,
MIR,2024-11-30 12:00:00,12,30,11,0.061,,,,,0.731,92.0,27.0,21.0,26.0,33.0,0.6,49.0,,634.0,,
MIR,2024-11-30 13:00:00,13,30,11,0.07,,,,,0.779,75.0,21.0,22.0,27.0,25.0,0.6,24.0,,633.0,,
MIR,2024-11-30 14:00:00,14,30,11,0.087,,,,,0.892,71.0,21.0,22.0,28.0,20.0,0.9,16.0,,632.0,,
MIR,2024-11-30 15:00:00,15,30,11,0.082,,,,,0.659,57.0,22.0,22.0,29.0,16.0,0.5,342.0,,632.0,,
MIR,2024-11-30 16:00:00,16,30,11,0.078,,,,,0.641,36.0,15.0,21.0,29.0,16.0,0.6,342.0,,632.0,,
MIR,2024-11-30 17:00:00,17,30,11,0.055,,,,,0.806,32.0,12.0,20.0,28.0,17.0,0.3,283.0,,632.0,,
MIR,2024-11-30 18:00:00,18,30,11,0.01,,,,,2.026,37.0,14.0,20.0,25.0,25.0,1.0,287.0,,632.0,,
MIR,2024-11-30 19:00:00,19,30,11,0.007,,,,,1.628,94.0,37.0,19.0,23.0,31.0,0.9,299.0,,632.0,,
MIR,2024-11-30 20:00:00,20,30,11,0.008,,,,,1.262,84.0,28.0,19.0,22.0,35.0,0.7,293.0,,633.0,,
MIR,2024-11-30 21:00:00,21,30,11,0.001,,,,,2.751,61.0,24.0,19.0,20.0,40.0,0.1,48.0,,633.0,,
MIR,2024-11-30 22:00:00,22,30,11,0.0,,,,,3.607,145.0,31.0,19.0,19.0,43.0,0.1,211.0,,634.0,,
MIR,2024-11-30 23:00:00,23,30,11,0.0,0.104,0.051,0.156,,2.982,126.0,42.0,19.0,18.0,46.0,0.4,211.0,,634.0,,
MIR,2024-12-01 00:00:00,0,1,12,0.0,0.087,0.055,0.142,,2.425,173.0,64.0,19.0,18.0,48.0,0.1,238.0,,634.0,,
MIR,2024-12-01 01:00:00,1,1,12,0.0,0.095,0.063,0.158,,2.489,118.0,44.0,19.0,16.0,54.0,0.1,349.0,,634.0,,
MIR,2024-12-01 02:00:00,2,1,12,0.0,0.099,0.07,0.169,,2.303,103.0,39.0,19.0,16.0,59.0,0.1,315.0,,633.0,,
MIR,2024-12-01 03:00:00,3,1,12,0.0,0.086,0.067,0.153,,2.814,82.0,32.0,19.0,15.0,64.0,0.8,225.0,,633.0,,
MIR,2024-12-01 04:00:00,4,1,12,0.0,0.062,0.069,0.131,,2.327,143.0,71.0,19.0,15.0,62.0,0.5,215.0,,634.0,,
MIR,2024-12-01 05:00:00,5,1,12,0.0,0.09,0.069,0.159,,2.206,146.0,80.0,19.0,14.0,68.0,0.2,264.0,,634.0,,
MIR,2024-12-01 06:00:00,6,1,12,0.001,0.153,0.07,0.223,,3.947,106.0,51.0,19.0,13.0,70.0,0.3,174.0,,634.0,,
MIR,2024-12-01 07:00:00,7,1,12,0.0,0.127,0.073,0.2,,3.062,239.0,138.0,19.0,14.0,67.0,0.1,181.0,,635.0,,
MIR,2024-12-01 08:00:00,8,1,12,0.004,0.071,0.076,0.147,,1.853,166.0,81.0,19.0,17.0,53.0,0.3,171.0,,635.0,,
MIR,2024-12-01 09:00:00,9,1,12,0.014,0.051,0.081,0.133,,1.575,111.0,51.0,18.0,19.0,44.0,0.2,141.0,,635.0,,
MIR,2024-12-01 10:00:00,10,1,12,0.036,0.035,0.07,0.105,,1.041,100.0,47.0,19.0,21.0,35.0,1.0,85.0,,635.0,,
MIR,2024-12-01 11:00:00,11,1,12,0.055,0.024,0.058,0.082,,0.615,95.0,33.0,20.0,23.0,30.0,1.1,93.0,,635.0,,
MIR,2024-12-01 12:00:00,12,1,12,0.071,0.019,0.058,0.077,,0.684,57.0,22.0,21.0,25.0,28.0,1.0,67.0,,634.0,,
MIR,2024-12-01 13:00:00,13,1,12,0.077,0.016,0.055,0.071,,0.639,66.0,22.0,21.0,27.0,24.0,1.3,204.0,,633.0,,
MIR,2024-12-01 14:00:00,14,1,12,0.078,0.016,0.056,0.072,,0.662,61.0,24.0,22.0,28.0,22.0,1.0,195.0,,633.0,,
MIR,2024-12-01 15:00:00,15,1,12,0.065,0.016,0.055,0.071,,0.572,63.0,20.0,21.0,29.0,18.0,1.5,184.0,,632.0,,
MIR,2024-12-01 16:00:00,16,1,12,0.061,0.015,0.053,0.068,,0.501,50.0,15.0,21.0,29.0,17.0,0.7,209.0,,632.0,,
MIR,2024-12-01 17:00:00,17,1,12,0.045,0.016,0.062,0.078,,0.706,40.0,15.0,20.0,28.0,18.0,0.5,213.0,,632.0,,
MIR,2024-12-01 18:00:00,18,1,12,0.018,0.02,0.075,0.095,,1.057,55.0,14.0,20.0,24.0,20.0,0.7,235.0,,632.0,,
MIR,2024-12-01 19:00:00,19,1,12,0.003,0.028,0.081,0.11,,1.451,69.0,23.0,19.0,22.0,19.0,0.2,276.0,,633.0,,
MIR,2024-12-01 20:00:00,20,1,12,0.0,0.102,0.089,0.19,,3.656,62.0,22.0,19.0,20.0,28.0,0.1,324.0,,633.0,,
MIR,2024-12-01 21:00:00,21,1,12,0.0,0.143,0.09,0.233,,4.043,110.0,37.0,19.0,20.0,30.0,0.6,236.0,,634.0,,
MIR,2024-12-01 22:00:00,22,1,12,0.0,0.097,0.091,0.188,,2.823,166.0,54.0,19.0,20.0,26.0,0.7,199.0,,634.0,,
MIR,2024-12-01 23:00:00,23,1,12,0.003,0.114,0.091,0.204,,2.643,175.0,68.0,19.0,19.0,28.0,0.7,47.0,,634.0,,
MIR,2024-12-02 00:00:00,0,2,12,0.0,0.133,0.091,0.224,,2.827,268.0,80.0,19.0,17.0,35.0,0.9,166.0,,634.0,,
MIR,2024-12-02 01:00:00,1,2,12,0.001,0.092,0.085,0.176,,1.8,187.0,70.0,19.0,17.0,39.0,1.1,188.0,,634.0,,
MIR,2024-12-02 02:00:00,2,2,12,0.0,0.057,0.086,0.143,,0.892,191.0,81.0,19.0,16.0,46.0,0.2,40.0,,634.0,,
MIR,2024-12-02 03:00:00,3,2,12,0.0,0.059,0.083,0.142,,1.127,63.0,26.0,19.0,15.0,50.0,0.2,193.0,,634.0,,
MIR,2024-12-02 04:00:00,4,2,12,0.0,0.065,0.081,0.146,,1.172,73.0,37.0,19.0,15.0,50.0,0.4,199.0,,634.0,,
MIR,2024-12-02 05:00:00,5,2,12,0.0,0.098,0.081,0.179,,1.588,99.0,44.0,19.0,14.0,51.0,0.3,197.0,,634.0,,
MIR,2024-12-02 06:00:00,6,2,12,0.0,0.188,0.08,0.268,,3.228,118.0,46.0,19.0,13.0,55.0,0.2,175.0,,635.0,,
MIR,2024-12-02 07:00:00,7,2,12,0.0,0.213,0.081,0.295,,3.181,195.0,88.0,19.0,14.0,52.0,0.1,182.0,,635.0,,
MIR,2024-12-02 08:00:00,8,2,12,0.001,0.15,0.089,0.239,,2.23,189.0,62.0,19.0,17.0,41.0,0.3,174.0,,635.0,,
MIR,2024-12-02 09:00:00,9,2,12,0.009,0.084,0.084,0.168,,1.475,164.0,62.0,18.0,20.0,32.0,0.7,134.0,,636.0,,
MIR,2024-12-02 10:00:00,10,2,12,0.02,0.05,0.067,0.118,,0.647,149.0,48.0,18.0,21.0,26.0,1.2,140.0,,636.0,,
MIR,2024-12-02 11:00:00,11,2,12,0.03,0.039,0.058,0.097,,0.503,75.0,17.0,19.0,23.0,22.0,1.1,84.0,,635.0,,
MIR,2024-12-02 12:00:00,12,2,12,0.037,0.033,0.059,0.092,,0.526,59.0,9.0,20.0,25.0,21.0,1.0,89.0,,635.0,,
MIR,2024-12-02 13:00:00,13,2,12,0.046,0.029,0.058,0.087,,0.547,51.0,11.0,21.0,26.0,19.0,1.0,81.0,,634.0,,
MIR,2024-12-02 14:00:00,14,2,12,0.055,0.026,0.057,0.083,,0.59,52.0,11.0,21.0,27.0,17.0,1.2,126.0,,633.0,,
MIR,2024-12-02 15:00:00,15,2,12,0.055,0.024,0.058,0.082,,0.641,56.0,17.0,21.0,28.0,16.0,1.2,219.0,,633.0,,
MIR,2024-12-02 16:00:00,16,2,12,0.054,0.022,0.058,0.081,,0.68,51.0,22.0,21.0,28.0,16.0,0.8,201.0,,633.0,,
MIR,2024-12-02 17:00:00,17,2,12,0.035,0.023,0.067,0.09,,0.687,51.0,14.0,20.0,27.0,17.0,1.0,190.0,,633.0,,
MIR,2024-12-02 18:00:00,18,2,12,0.008,0.029,0.084,0.112,,1.35,61.0,13.0,20.0,24.0,21.0,0.2,217.0,,633.0,,
MIR,2024-12-02 19:00:00,19,2,12,0.001,0.055,0.088,0.143,,1.861,79.0,24.0,19.0,22.0,22.0,0.3,208.0,,633.0,,
MIR,2024-12-02 20:00:00,20,2,12,0.0,0.127,0.09,0.216,,3.78,104.0,29.0,19.0,20.0,28.0,0.1,281.0,,634.0,,
MIR,2024-12-02 21:00:00,21,2,12,0.0,0.204,0.093,0.297,,4.666,117.0,36.0,19.0,19.0,32.0,0.3,304.0,,634.0,,
MIR,2024-12-02 22:00:00,22,2,12,0.0,0.167,0.095,0.261,,3.552,148.0,47.0,19.0,19.0,32.0,0.6,210.0,,635.0,,
MIR,2024-12-02 23:00:00,23,2,12,0.0,0.161,0.093,0.253,,3.185,199.0,67.0,19.0,19.0,32.0,0.4,165.0,,635.0,,
MIR,2024-12-03 00:00:00,0,3,12,0.0,0.157,0.091,0.247,,2.808,259.0,91.0,19.0,17.0,37.0,0.6,155.0,,635.0,,
MIR,2024-12-03 01:00:00,1,3,12,0.0,0.119,0.091,0.21,,1.922,230.0,78.0,19.0,16.0,37.0,0.8,208.0,,635.0,,
MIR,2024-12-03 02:00:00,2,3,12,0.0,0.096,0.086,0.182,,1.831,184.0,77.0,19.0,15.0,44.0,0.4,305.0,,635.0,,
MIR,2024-12-03 03:00:00,3,3,12,0.0,0.093,0.088,0.18,,1.654,147.0,61.0,19.0,14.0,49.0,0.2,214.0,,635.0,,
MIR,2024-12-03 04:00:00,4,3,12,0.0,0.097,0.084,0.181,,1.754,110.0,51.0,19.0,14.0,45.0,0.4,172.0,,635.0,,
MIR,2024-12-03 05:00:00,5,3,12,0.0,0.061,0.082,0.143,,0.98,155.0,77.0,19.0,14.0,39.0,0.8,198.0,,636.0,,
MIR,2024-12-03 06:00:00,6,3,12,0.0,0.07,0.08,0.149,,1.103,91.0,39.0,19.0,14.0,44.0,0.4,184.0,,636.0,,
MIR,2024-12-03 07:00:00,7,3,12,0.0,0.079,0.077,0.155,,1.337,82.0,28.0,19.0,14.0,57.0,0.7,176.0,,636.0,,
MIR,2024-12-03 08:00:00,8,3,12,0.004,0.055,0.073,0.128,,1.104,88.0,29.0,19.0,16.0,49.0,0.6,124.0,,637.0,,
MIR,2024-12-03 09:00:00,9,3,12,0.013,0.041,0.067,0.109,,0.631,77.0,17.0,18.0,17.0,43.0,1.9,97.0,,637.0,,
MIR,2024-12-03 10:00:00,10,3,12,0.019,0.033,0.062,0.095,,0.499,65.0,13.0,18.0,19.0,41.0,2.1,105.0,,637.0,,
MIR,2024-12-03 11:00:00,11,3,12,0.027,0.027,0.059,0.086,,0.473,55.0,8.0,19.0,21.0,38.0,2.2,101.0,,637.0,,
MIR,2024-12-03 12:00:00,12,3,12,0.04,0.021,0.056,0.077,,0.485,62.0,16.0,20.0,23.0,34.0,1.3,89.0,,636.0,,
MIR,2024-12-03 13:00:00,13,3,12,0.049,0.019,0.056,0.076,,0.51,51.0,11.0,20.0,24.0,30.0,1.5,80.0,,635.0,,
MIR,2024-12-03 14:00:00,14,3,12,0.053,0.019,0.057,0.076,,0.516,56.0,16.0,21.0,26.0,26.0,1.3,70.0,,634.0,,
MIR,2024-12-03 15:00:00,15,3,12,0.049,0.02,0.058,0.078,,0.511,52.0,14.0,21.0,27.0,22.0,0.8,97.0,,634.0,,
MIR,2024-12-03 16:00:00,16,3,12,0.039,0.02,0.057,0.077,,0.433,46.0,18.0,20.0,27.0,16.0,0.8,163.0,,633.0,,
MIR,2024-12-03 17:00:00,17,3,12,0.029,0.021,0.064,0.085,,0.601,30.0,9.0,20.0,26.0,17.0,0.6,172.0,,634.0,,
MIR,2024-12-03 18:00:00,18,3,12,0.007,0.032,0.082,0.114,,1.31,43.0,15.0,19.0,23.0,24.0,0.6,234.0,,634.0,,
MIR,2024-12-03 19:00:00,19,3,12,0.001,0.091,0.085,0.176,,2.624,95.0,23.0,18.0,22.0,27.0,0.5,1.0,,634.0,,
MIR,2024-12-03 20:00:00,20,3,12,0.0,0.182,0.088,0.27,,4.958,110.0,31.0,19.0,20.0,35.0,0.2,277.0,,635.0,,
MIR,2024-12-03 21:00:00,21,3,12,0.0,0.161,0.089,0.25,,3.985,175.0,47.0,19.0,19.0,35.0,0.3,249.0,,635.0,,
MIR,2024-12-03 22:00:00,22,3,12,0.0,0.168,0.085,0.254,,3.5,136.0,40.0,19.0,18.0,36.0,0.8,187.0,,635.0,,
MIR,2024-12-03 23:00:00,23,3,12,0.0,0.2,0.094,0.294,,4.03,246.0,70.0,19.0,18.0,42.0,1.0,187.0,,635.0,,
MIR,2024-12-04 00:00:00,0,4,12,0.0,0.117,0.091,0.208,,2.076,323.0,101.0,19.0,17.0,43.0,0.6,219.0,,635.0,,
MIR,2024-12-04 01:00:00,1,4,12,0.0,0.079,0.087,0.165,,1.537,140.0,59.0,19.0,16.0,43.0,0.7,270.0,,635.0,,
MIR,2024-12-04 02:00:00,2,4,12,0.0,0.081,0.085,0.166,,1.516,136.0,57.0,19.0,15.0,45.0,0.3,312.0,,635.0,,
MIR,2024-12-04 03:00:00,3,4,12,0.001,0.049,0.082,0.13,,0.893,93.0,43.0,19.0,15.0,42.0,0.1,14.0,,635.0,,
MIR,2024-12-04 04:00:00,4,4,12,0.0,0.043,0.08,0.123,,0.751,63.0,35.0,19.0,14.0,47.0,0.1,263.0,,635.0,,
MIR,2024-12-04 05:00:00,5,4,12,0.0,0.05,0.077,0.126,,0.747,46.0,18.0,19.0,14.0,49.0,0.2,170.0,,635.0,,
MIR,2024-12-04 06:00:00,6,4,12,0.0,0.06,0.078,0.138,,0.991,60.0,18.0,19.0,14.0,51.0,0.8,196.0,,635.0,,
MIR,2024-12-04 07:00:00,7,4,12,0.0,0.069,0.073,0.142,,1.54,72.0,23.0,19.0,13.0,55.0,0.1,217.0,,636.0,,
MIR,2024-12-04 08:00:00,8,4,12,0.002,0.079,0.077,0.156,,1.644,96.0,24.0,19.0,16.0,49.0,0.3,78.0,,636.0,,
MIR,2024-12-04 09:00:00,9,4,12,0.008,0.053,0.075,0.129,,0.925,73.0,20.0,18.0,17.0,47.0,0.8,92.0,,637.0,,
MIR,2024-12-04 10:00:00,10,4,12,0.019,0.038,0.066,0.103,,0.575,72.0,20.0,18.0,19.0,44.0,1.1,102.0,,637.0,,
MIR,2024-12-04 11:00:00,11,4,12,0.029,0.029,0.061,0.09,,0.46,58.0,17.0,19.0,21.0,41.0,1.2,134.0,,636.0,,
MIR,2024-12-04 12:00:00,12,4,12,0.039,0.024,0.058,0.082,,0.425,55.0,16.0,19.0,23.0,36.0,0.9,101.0,,635.0,,
MIR,2024-12-04 13:00:00,13,4,12,0.044,0.024,0.064,0.088,,0.569,59.0,15.0,20.0,25.0,32.0,1.0,250.0,,634.0,,
MIR,2024-12-04 14:00:00,14,4,12,0.058,0.023,0.064,0.086,,0.656,82.0,17.0,21.0,26.0,25.0,1.0,280.0,,634.0,,
MIR,2024-12-04 15:00:00,15,4,12,0.065,0.023,0.063,0.085,,0.566,60.0,15.0,21.0,26.0,23.0,1.1,326.0,,633.0,,
MIR,2024-12-04 16:00:00,16,4,12,0.056,0.022,0.065,0.087,,0.528,49.0,16.0,20.0,26.0,22.0,1.2,333.0,,633.0,,
MIR,2024-12-04 17:00:00,17,4,12,0.036,0.023,0.067,0.09,,0.621,49.0,12.0,20.0,25.0,21.0,0.8,331.0,,633.0,,
MIR,2024-12-04 18:00:00,18,4,12,0.012,0.033,0.085,0.118,,1.516,54.0,15.0,19.0,23.0,27.0,0.2,327.0,,633.0,,
MIR,2024-12-04 19:00:00,19,4,12,0.0,0.089,0.095,0.184,,3.001,51.0,18.0,19.0,21.0,33.0,0.4,292.0,,634.0,,
MIR,2024-12-04 20:00:00,20,4,12,0.0,0.084,0.094,0.178,,2.705,94.0,32.0,19.0,19.0,33.0,0.6,293.0,,634.0,,
MIR,2024-12-04 21:00:00,21,4,12,0.0,0.112,0.092,0.204,,3.069,87.0,22.0,19.0,18.0,36.0,0.3,307.0,,634.0,,
MIR,2024-12-04 22:00:00,22,4,12,0.001,0.094,0.093,0.188,,2.515,129.0,41.0,19.0,17.0,38.0,0.4,289.0,,634.0,,
MIR,2024-12-04 23:00:00,23,4,12,0.001,0.149,0.098,0.247,,3.752,75.0,28.0,19.0,16.0,44.0,0.5,189.0,,634.0,,
MIR,2024-12-05 00:00:00,0,5,12,0.001,0.118,0.096,0.214,,3.203,296.0,117.0,19.0,16.0,46.0,0.4,195.0,,634.0,,
MIR,2024-12-05 01:00:00,1,5,12,0.0,0.123,0.093,0.216,,2.357,290.0,114.0,19.0,16.0,46.0,0.5,198.0,,634.0,,
MIR,2024-12-05 02:00:00,2,5,12,0.001,0.12,0.092,0.211,,2.987,212.0,83.0,19.0,15.0,50.0,0.3,197.0,,634.0,,
MIR,2024-12-05 03:00:00,3,5,12,0.001,0.11,0.089,0.199,,2.657,290.0,138.0,19.0,14.0,54.0,0.4,210.0,,634.0,,
MIR,2024-12-05 04:00:00,4,5,12,0.001,0.097,0.09,0.186,,2.144,279.0,121.0,19.0,13.0,53.0,0.4,213.0,,634.0,,
MIR,2024-12-05 05:00:00,5,5,12,0.0,0.085,0.084,0.169,,1.786,219.0,111.0,19.0,13.0,57.0,0.1,237.0,,634.0,,
MIR,2024-12-05 06:00:00,6,5,12,0.0,0.207,0.085,0.292,,3.949,135.0,65.0,19.0,12.0,63.0,0.4,191.0,,634.0,,
MIR,2024-12-05 07:00:00,7,5,12,0.001,0.254,0.089,0.343,,4.808,292.0,140.0,19.0,12.0,63.0,0.5,193.0,,634.0,,
MIR,2024-12-05 08:00:00,8,5,12,0.001,0.173,0.098,0.271,,3.303,365.0,192.0,19.0,16.0,49.0,0.2,176.0,,635.0,,
MIR,2024-12-05 09:00:00,9,5,12,0.005,0.117,0.114,0.231,,2.803,286.0,136.0,18.0,18.0,41.0,0.4,176.0,,635.0,,
MIR,2024-12-05 10:00:00,10,5,12,0.013,0.093,0.125,0.218,,2.355,244.0,103.0,18.0,20.0,35.0,0.4,219.0,,635.0,,
MIR,2024-12-05 11:00:00,11,5,12,0.028,0.072,0.128,0.2,,2.092,214.0,93.0,19.0,22.0,30.0,0.4,81.0,,635.0,,
MIR,2024-12-05 12:00:00,12,5,12,0.047,0.047,0.086,0.133,,0.932,183.0,83.0,20.0,24.0,24.0,0.9,359.0,,634.0,,
MIR,2024-12-05 13:00:00,13,5,12,0.061,0.036,0.069,0.105,,0.651,72.0,29.0,21.0,26.0,19.0,0.9,270.0,,633.0,,
MIR,2024-12-05 14:00:00,14,5,12,0.069,0.032,0.068,0.1,,0.655,43.0,13.0,21.0,27.0,16.0,1.3,295.0,,632.0,,
MIR,2024-12-05 15:00:00,15,5,12,0.064,0.03,0.066,0.096,,0.589,37.0,11.0,21.0,27.0,16.0,0.8,312.0,,632.0,,
MIR,2024-12-05 16:00:00,16,5,12,0.065,0.028,0.065,0.093,,0.545,30.0,12.0,20.0,28.0,16.0,0.8,303.0,,632.0,,
MIR,2024-12-05 17:00:00,17,5,12,0.036,0.028,0.067,0.095,,0.622,35.0,14.0,20.0,27.0,15.0,1.3,297.0,,632.0,,
MIR,2024-12-05 18:00:00,18,5,12,0.005,0.046,0.084,0.13,,1.579,24.0,7.0,20.0,24.0,19.0,0.5,294.0,,632.0,,
MIR,2024-12-05 19:00:00,19,5,12,0.0,0.076,0.093,0.169,,2.553,42.0,10.0,19.0,22.0,24.0,0.7,292.0,,633.0,,
MIR,2024-12-05 20:00:00,20,5,12,0.001,0.083,0.096,0.179,,2.605,82.0,27.0,19.0,21.0,28.0,0.4,334.0,,633.0,,
MIR,2024-12-05 21:00:00,21,5,12,0.0,0.129,0.095,0.224,,3.281,109.0,46.0,19.0,20.0,30.0,0.2,9.0,,633.0,,
MIR,2024-12-05 22:00:00,22,5,12,0.0,0.124,0.093,0.217,,2.773,118.0,45.0,19.0,20.0,29.0,0.2,13.0,,633.0,,
MIR,2024-12-05 23:00:00,23,5,12,0.0,0.151,0.094,0.245,,3.041,129.0,35.0,19.0,19.0,33.0,0.1,148.0,,633.0,,
MIR,2024-12-06 00:00:00,0,6,12,0.0,0.136,0.095,0.23,,2.694,210.0,66.0,19.0,19.0,35.0,0.1,230.0,,633.0,,
MIR,2024-12-06 01:00:00,1,6,12,0.0,0.101,0.088,0.189,,1.947,157.0,57.0,19.0,18.0,37.0,0.3,219.0,,633.0,,
MIR,2024-12-06 02:00:00,2,6,12,0.0,0.12,0.092,0.212,,2.303,132.0,51.0,19.0,18.0,38.0,0.5,196.0,,633.0,,
MIR,2024-12-06 03:00:00,3,6,12,0.0,0.103,0.091,0.194,,2.121,198.0,82.0,19.0,18.0,40.0,0.3,247.0,,633.0,,
MIR,2024-12-06 04:00:00,4,6,12,0.0,0.121,0.087,0.207,,2.517,172.0,87.0,19.0,17.0,43.0,0.3,165.0,,633.0,,
MIR,2024-12-06 05:00:00,5,6,12,0.0,0.134,0.087,0.222,,2.588,217.0,97.0,19.0,16.0,46.0,0.9,195.0,,633.0,,
MIR,2024-12-06 06:00:00,6,6,12,0.0,0.138,0.087,0.225,,2.648,232.0,109.0,19.0,16.0,46.0,0.9,178.0,,634.0,,
MIR,2024-12-06 07:00:00,7,6,12,0.0,0.142,0.088,0.23,,2.589,290.0,175.0,19.0,16.0,45.0,0.1,208.0,,634.0,,
MIR,2024-12-06 08:00:00,8,6,12,0.002,0.128,0.09,0.217,,2.286,200.0,77.0,19.0,18.0,39.0,0.6,26.0,,634.0,,
MIR,2024-12-06 09:00:00,9,6,12,0.009,0.064,0.086,0.15,,1.071,139.0,60.0,18.0,19.0,35.0,1.0,74.0,,635.0,,
MIR,2024-12-06 10:00:00,10,6,12,0.015,0.055,0.082,0.137,,0.922,89.0,23.0,19.0,20.0,37.0,1.0,74.0,,635.0,,
MIR,2024-12-06 11:00:00,11,6,12,0.028,0.043,0.074,0.116,,0.633,118.0,21.0,19.0,22.0,35.0,1.4,89.0,,634.0,,
MIR,2024-12-06 12:00:00,12,6,12,0.041,0.034,0.068,0.102,,0.576,69.0,19.0,19.0,23.0,33.0,1.2,94.0,,634.0,,
MIR,2024-12-06 13:00:00,13,6,12,0.048,0.022,0.055,0.077,,0.592,68.0,18.0,20.0,25.0,29.0,0.9,10.0,,633.0,,
MIR,2024-12-06 14:00:00,14,6,12,0.057,0.004,0.04,0.044,,0.627,62.0,15.0,21.0,26.0,26.0,0.8,334.0,,632.0,,
MIR,2024-12-06 15:00:00,15,6,12,0.062,0.009,0.053,0.061,,0.591,72.0,20.0,21.0,27.0,23.0,1.3,134.0,,632.0,,
MIR,2024-12-06 16:00:00,16,6,12,0.064,0.01,0.057,0.068,,0.551,68.0,17.0,21.0,27.0,24.0,0.7,166.0,,631.0,,
MIR,2024-12-06 17:00:00,17,6,12,0.047,0.014,0.069,0.083,,1.114,65.0,21.0,20.0,26.0,28.0,0.2,165.0,,632.0,,
MIR,2024-12-06 18:00:00,18,6,12,0.004,0.038,0.109,0.147,,2.761,60.0,23.0,20.0,23.0,33.0,0.4,310.0,,632.0,,
MIR,2024-12-06 19:00:00,19,6,12,0.001,0.038,0.111,0.149,,2.79,146.0,55.0,19.0,22.0,36.0,0.5,287.0,,632.0,,
MIR,2024-12-06 20:00:00,20,6,12,0.001,0.08,0.109,0.189,,3.505,156.0,60.0,19.0,21.0,38.0,0.3,239.0,,633.0,,
MIR,2024-12-06 21:00:00,21,6,12,0.025,0.034,0.087,0.121,,1.244,192.0,66.0,19.0,22.0,38.0,1.7,259.0,,633.0,,
MIR,2024-12-06 22:00:00,22,6,12,0.018,0.035,0.093,0.128,,1.484,94.0,30.0,19.0,21.0,37.0,0.6,191.0,,633.0,,
MIR,2024-12-06 23:00:00,23,6,12,0.0,0.059,0.105,0.164,,2.379,112.0,40.0,19.0,20.0,45.0,0.2,142.0,,633.0,,
MIR,2024-12-07 00:00:00,0,7,12,0.0,0.064,0.1,0.164,,2.533,191.0,75.0,19.0,19.0,49.0,0.3,218.0,,633.0,,
MIR,2024-12-07 01:00:00,1,7,12,0.009,0.033,0.088,0.121,,1.197,251.0,109.0,19.0,19.0,51.0,0.3,255.0,,633.0,,
MIR,2024-12-07 02:00:00,2,7,12,,0.054,0.097,0.151,,1.845,86.0,41.0,19.0,19.0,52.0,0.4,152.0,,633.0,,
MIR,2024-12-07 03:00:00,3,7,12,0.0,0.071,0.095,0.166,,2.372,141.0,61.0,19.0,18.0,50.0,0.4,167.0,,633.0,,
MIR,2024-12-07 04:00:00,4,7,12,0.0,0.064,0.093,0.157,,2.049,216.0,109.0,19.0,18.0,57.0,0.2,313.0,,633.0,,
MIR,2024-12-07 05:00:00,5,7,12,0.0,0.058,0.091,0.149,,1.657,165.0,97.0,19.0,17.0,62.0,0.2,300.0,,633.0,,
MIR,2024-12-07 06:00:00,6,7,12,0.0,0.068,0.087,0.155,,1.669,105.0,59.0,19.0,17.0,65.0,0.1,344.0,,634.0,,
MIR,2024-12-07 07:00:00,7,7,12,0.0,0.082,0.091,0.173,,1.945,89.0,43.0,19.0,17.0,62.0,0.1,1.0,,634.0,,
MIR,2024-12-07 08:00:00,8,7,12,0.004,0.064,0.087,0.15,,1.35,80.0,32.0,19.0,18.0,59.0,0.3,46.0,,635.0,,
MIR,2024-12-07 09:00:00,9,7,12,0.011,0.045,0.078,0.123,,0.871,91.0,31.0,19.0,19.0,56.0,1.0,74.0,,635.0,,
MIR,2024-12-07 10:00:00,10,7,12,0.02,0.036,0.068,0.104,,0.576,65.0,13.0,18.0,20.0,52.0,1.3,80.0,,635.0,,
MIR,2024-12-07 11:00:00,11,7,12,0.027,0.03,0.067,0.096,,0.55,43.0,10.0,19.0,21.0,50.0,0.8,44.0,,635.0,,
MIR,2024-12-07 12:00:00,12,7,12,0.044,0.026,0.063,0.089,,0.567,51.0,11.0,20.0,23.0,45.0,1.0,15.0,,634.0,,
MIR,2024-12-07 13:00:00,13,7,12,0.056,0.023,0.062,0.085,,0.674,45.0,20.0,21.0,24.0,41.0,0.7,311.0,,633.0,,
MIR,2024-12-07 14:00:00,14,7,12,0.057,0.024,0.066,0.09,,0.775,54.0,27.0,21.0,24.0,39.0,1.0,312.0,,633.0,,
MIR,2024-12-07 15:00:00,15,7,12,0.052,0.024,0.069,0.093,,0.784,54.0,30.0,20.0,24.0,37.0,0.6,28.0,,632.0,,
MIR,2024-12-07 16:00:00,16,7,12,0.054,0.023,0.068,0.091,,0.702,46.0,19.0,20.0,25.0,35.0,0.5,345.0,,632.0,,
MIR,2024-12-07 17:00:00,17,7,12,0.042,0.023,0.07,0.093,,0.766,38.0,16.0,20.0,24.0,39.0,0.5,0.0,,632.0,,
MIR,2024-12-07 18:00:00,18,7,12,0.027,0.023,0.078,0.101,,0.964,49.0,18.0,20.0,23.0,42.0,0.3,353.0,,633.0,,
MIR,2024-12-07 19:00:00,19,7,12,0.022,0.024,0.074,0.098,,0.83,48.0,22.0,19.0,22.0,45.0,0.6,323.0,,633.0,,
MIR,2024-12-07 20:00:00,20,7,12,0.011,0.025,0.081,0.105,,0.994,47.0,16.0,19.0,21.0,47.0,0.3,323.0,,633.0,,
MIR,2024-12-07 21:00:00,21,7,12,0.015,0.025,0.079,0.104,,1.019,46.0,20.0,19.0,21.0,47.0,0.4,315.0,,634.0,,
MIR,2024-12-07 22:00:00,22,7,12,0.003,0.028,0.087,0.115,,1.544,42.0,19.0,19.0,20.0,51.0,0.2,302.0,,634.0,,
MIR,2024-12-07 23:00:00,23,7,12,0.001,0.038,0.088,0.125,,1.854,55.0,26.0,19.0,20.0,54.0,0.1,301.0,,634.0,,
MIR,2024-12-08 00:00:00,0,8,12,0.006,0.035,0.083,0.118,,1.36,66.0,28.0,19.0,19.0,57.0,0.1,326.0,,634.0,,
MIR,2024-12-08 01:00:00,1,8,12,0.007,0.028,0.08,0.108,,1.116,59.0,27.0,19.0,18.0,60.0,0.1,310.0,,633.0,,
MIR,2024-12-08 02:00:00,2,8,12,0.009,0.028,0.077,0.105,,1.034,39.0,20.0,19.0,17.0,63.0,0.3,304.0,,633.0,,
MIR,2024-12-08 03:00:00,3,8,12,0.008,0.028,0.075,0.102,,0.946,38.0,17.0,19.0,17.0,64.0,0.3,291.0,,633.0,,
MIR,2024-12-08 04:00:00,4,8,12,0.0,0.033,0.078,0.111,,1.263,41.0,21.0,19.0,17.0,66.0,0.1,6.0,,633.0,,
MIR,2024-12-08 05:00:00,5,8,12,,0.039,0.08,0.119,,1.274,43.0,23.0,19.0,17.0,66.0,0.1,321.0,,633.0,,
MIR,2024-12-08 06:00:00,6,8,12,,0.048,0.081,0.128,,1.23,38.0,24.0,19.0,17.0,65.0,0.1,355.0,,634.0,,
MIR,2024-12-08 07:00:00,7,8,12,,0.065,0.08,0.145,,1.511,39.0,21.0,19.0,17.0,65.0,0.1,49.0,,634.0,,
MIR,2024-12-08 08:00:00,8,8,12,0.001,0.067,0.081,0.148,,2.437,45.0,24.0,19.0,17.0,65.0,0.3,185.0,,634.0,,
MIR,2024-12-08 09:00:00,9,8,12,0.013,0.046,0.082,0.128,,1.232,174.0,91.0,19.0,19.0,56.0,0.2,134.0,,635.0,,
MIR,2024-12-08 10:00:00,10,8,12,0.023,0.005,0.014,0.019,,1.044,86.0,40.0,19.0,20.0,53.0,0.8,104.0,,635.0,,
MIR,2024-12-08 11:00:00,11,8,12,0.038,,,,,0.725,82.0,31.0,19.0,22.0,47.0,0.6,90.0,,634.0,,
MIR,2024-12-08 12:00:00,12,8,12,0.053,0.02,0.031,0.051,,0.62,63.0,22.0,20.0,24.0,42.0,0.7,91.0,,634.0,,
MIR,2024-12-08 13:00:00,13,8,12,0.065,0.021,0.036,0.057,,0.674,49.0,20.0,21.0,25.0,38.0,0.9,134.0,,633.0,,
MIR,2024-12-08 14:00:00,14,8,12,0.063,0.017,0.042,0.059,,0.654,60.0,21.0,21.0,25.0,37.0,0.9,241.0,,632.0,,
MIR,2024-12-08 15:00:00,15,8,12,0.061,0.017,0.049,0.066,,0.691,41.0,15.0,21.0,25.0,39.0,1.2,284.0,,632.0,,
MIR,2024-12-08 16:00:00,16,8,12,0.046,0.017,0.056,0.073,,0.736,41.0,18.0,21.0,24.0,40.0,1.6,282.0,,632.0,,
MIR,2024-12-08 17:00:00,17,8,12,0.029,0.019,0.059,0.078,,0.738,36.0,20.0,20.0,24.0,41.0,1.8,280.0,,632.0,,
MIR,2024-12-08 18:00:00,18,8,12,0.02,0.021,0.066,0.087,,0.936,40.0,18.0,20.0,23.0,46.0,1.5,285.0,,632.0,,
MIR,2024-12-08 19:00:00,19,8,12,0.014,0.022,0.073,0.095,,1.003,38.0,19.0,19.0,22.0,48.0,1.4,274.0,,633.0,,
MIR,2024-12-08 20:00:00,20,8,12,0.019,0.022,0.069,0.091,,0.758,50.0,28.0,19.0,22.0,49.0,1.9,288.0,,633.0,,
MIR,2024-12-08 21:00:00,21,8,12,0.02,0.021,0.065,0.085,,0.665,34.0,8.0,19.0,20.0,55.0,1.4,292.0,,634.0,,
MIR,2024-12-08 22:00:00,22,8,12,0.018,0.021,0.067,0.088,,0.679,31.0,9.0,19.0,20.0,57.0,1.9,273.0,,634.0,,
MIR,2024-12-08 23:00:00,23,8,12,0.015,0.021,0.067,0.088,,0.676,28.0,10.0,19.0,19.0,60.0,0.5,327.0,,634.0,,
MIR,2024-12-09 00:00:00,0,9,12,0.005,0.022,0.072,0.093,,0.884,23.0,10.0,19.0,18.0,65.0,0.2,238.0,,634.0,,
MIR,2024-12-09 01:00:00,1,9,12,0.0,0.034,0.077,0.111,,1.048,39.0,16.0,19.0,17.0,69.0,0.1,143.0,,634.0,,
MIR,2024-12-09 02:00:00,2,9,12,0.0,0.041,0.077,0.118,,1.063,61.0,32.0,19.0,16.0,75.0,0.1,0.0,,634.0,,
MIR,2024-12-09 03:00:00,3,9,12,,0.039,0.077,0.116,,0.924,61.0,31.0,19.0,16.0,80.0,0.1,343.0,,633.0,,
MIR,2024-12-09 04:00:00,4,9,12,0.001,0.03,0.075,0.105,,0.669,40.0,24.0,19.0,15.0,84.0,0.1,346.0,,634.0,,
MIR,2024-12-09 05:00:00,5,9,12,0.0,0.043,0.072,0.115,,0.889,19.0,12.0,19.0,15.0,84.0,0.1,326.0,,634.0,,
MIR,2024-12-09 06:00:00,6,9,12,0.0,0.093,0.073,0.166,,1.871,30.0,15.0,19.0,14.0,82.0,0.1,88.0,,634.0,,
MIR,2024-12-09 07:00:00,7,9,12,0.0,0.128,0.074,0.202,,2.393,70.0,25.0,19.0,14.0,80.0,0.2,176.0,,634.0,,
MIR,2024-12-09 08:00:00,8,9,12,0.004,0.07,0.072,0.142,,1.32,134.0,41.0,19.0,16.0,67.0,0.9,167.0,,635.0,,
MIR,2024-12-09 09:00:00,9,9,12,0.017,0.04,0.061,0.101,,0.591,96.0,30.0,18.0,17.0,55.0,0.7,158.0,,635.0,,
MIR,2024-12-09 10:00:00,10,9,12,0.02,0.024,0.041,0.065,,0.589,57.0,15.0,19.0,19.0,48.0,0.7,112.0,,635.0,,
MIR,2024-12-09 11:00:00,11,9,12,0.019,0.009,0.023,0.032,,0.62,,,23.0,21.0,43.0,0.9,115.0,,634.0,,
MIR,2024-12-09 12:00:00,12,9,12,0.018,0.005,0.02,0.025,,0.442,,,23.0,23.0,41.0,0.8,33.0,,634.0,,
MIR,2024-12-09 13:00:00,13,9,12,0.04,0.007,0.03,0.037,,0.503,46.0,16.0,23.0,25.0,37.0,0.8,294.0,,633.0,,
MIR,2024-12-09 14:00:00,14,9,12,0.057,0.008,0.035,0.044,,0.475,62.0,23.0,22.0,26.0,35.0,1.1,316.0,,632.0,,
MIR,2024-12-09 15:00:00,15,9,12,0.068,0.009,0.041,0.05,,0.545,50.0,18.0,22.0,26.0,35.0,0.9,335.0,,632.0,,
MIR,2024-12-09 16:00:00,16,9,12,0.059,0.009,0.043,0.052,,0.612,54.0,16.0,21.0,26.0,34.0,0.8,327.0,,632.0,,
MIR,2024-12-09 17:00:00,17,9,12,0.039,0.011,0.048,0.058,,0.7,43.0,15.0,21.0,26.0,35.0,0.8,288.0,,632.0,,
MIR,2024-12-09 18:00:00,18,9,12,0.01,0.016,0.065,0.081,,1.238,43.0,15.0,20.0,24.0,40.0,1.0,285.0,,632.0,,
MIR,2024-12-09 19:00:00,19,9,12,0.002,0.028,0.069,0.097,,1.575,60.0,12.0,19.0,22.0,44.0,1.1,289.0,,632.0,,
MIR,2024-12-09 20:00:00,20,9,12,0.002,0.034,0.07,0.104,,1.533,72.0,15.0,19.0,22.0,47.0,1.4,287.0,,632.0,,
MIR,2024-12-09 21:00:00,21,9,12,0.008,0.017,0.061,0.078,,0.829,71.0,14.0,19.0,21.0,49.0,1.7,289.0,,633.0,,
MIR,2024-12-09 22:00:00,22,9,12,0.007,0.017,0.058,0.075,,0.725,41.0,13.0,19.0,20.0,52.0,1.4,290.0,,633.0,,
MIR,2024-12-09 23:00:00,23,9,12,0.002,0.029,0.059,0.088,,0.973,37.0,9.0,19.0,19.0,57.0,0.1,250.0,,633.0,,
MIR,2024-12-10 00:00:00,0,10,12,0.0,0.055,0.065,0.12,,1.309,57.0,20.0,19.0,18.0,60.0,0.2,186.0,,633.0,,
MIR,2024-12-10 01:00:00,1,10,12,0.0,0.056,0.065,0.121,,1.418,144.0,50.0,19.0,17.0,64.0,0.3,209.0,,633.0,,
MIR,2024-12-10 02:00:00,2,10,12,0.0,0.038,0.061,0.099,,1.11,151.0,54.0,19.0,17.0,68.0,0.1,219.0,,633.0,,
MIR,2024-12-10 03:00:00,3,10,12,0.0,0.029,0.058,0.087,,0.836,99.0,39.0,19.0,16.0,73.0,0.1,308.0,,632.0,,
MIR,2024-12-10 04:00:00,4,10,12,0.003,0.022,0.054,0.076,,0.55,41.0,16.0,19.0,16.0,73.0,0.6,295.0,,632.0,,
MIR,2024-12-10 05:00:00,5,10,12,0.001,0.135,0.06,0.195,,2.858,20.0,10.0,19.0,15.0,77.0,0.8,182.0,,632.0,,
MIR,2024-12-10 06:00:00,6,10,12,0.001,0.16,0.06,0.22,,3.396,239.0,133.0,19.0,14.0,79.0,0.6,179.0,,633.0,,
MIR,2024-12-10 07:00:00,7,10,12,0.0,0.17,0.06,0.231,,3.316,251.0,146.0,19.0,15.0,79.0,0.2,192.0,,633.0,,
MIR,2024-12-10 08:00:00,8,10,12,0.001,0.126,0.068,0.194,,2.925,222.0,99.0,19.0,18.0,64.0,0.1,138.0,,633.0,,
MIR,2024-12-10 09:00:00,9,10,12,0.008,0.073,0.081,0.154,,2.026,152.0,61.0,19.0,20.0,57.0,0.4,128.0,,634.0,,
MIR,2024-12-10 10:00:00,10,10,12,0.019,0.052,0.08,0.132,,1.594,137.0,53.0,19.0,22.0,51.0,0.6,24.0,,634.0,,
MIR,2024-12-10 11:00:00,11,10,12,0.031,0.032,0.057,0.089,,0.916,98.0,37.0,20.0,23.0,43.0,0.7,344.0,,633.0,,
MIR,2024-12-10 12:00:00,12,10,12,0.045,0.025,0.053,0.078,,0.809,62.0,18.0,21.0,25.0,38.0,0.8,322.0,,633.0,,
MIR,2024-12-10 13:00:00,13,10,12,0.056,0.02,0.048,0.069,,0.737,43.0,16.0,22.0,26.0,37.0,1.2,316.0,,632.0,,
MIR,2024-12-10 14:00:00,14,10,12,0.062,0.018,0.044,0.063,,0.622,42.0,13.0,22.0,26.0,35.0,1.3,275.0,,631.0,,
MIR,2024-12-10 15:00:00,15,10,12,0.052,0.018,0.044,0.062,,0.577,44.0,19.0,21.0,27.0,32.0,1.1,278.0,,631.0,,
MIR,2024-12-10 16:00:00,16,10,12,0.04,0.018,0.043,0.06,,0.517,48.0,16.0,21.0,27.0,29.0,0.6,1.0,,631.0,,
MIR,2024-12-10 17:00:00,17,10,12,0.023,0.019,0.046,0.065,,0.632,32.0,9.0,21.0,27.0,29.0,0.9,314.0,,631.0,,
MIR,2024-12-10 18:00:00,18,10,12,0.004,0.027,0.058,0.086,,1.226,31.0,7.0,20.0,24.0,35.0,0.8,287.0,,631.0,,
MIR,2024-12-10 19:00:00,19,10,12,0.0,0.085,0.065,0.15,,2.237,44.0,11.0,19.0,22.0,43.0,0.2,345.0,,632.0,,
MIR,2024-12-10 20:00:00,20,10,12,0.0,0.091,0.068,0.159,,2.695,102.0,21.0,19.0,22.0,45.0,0.6,287.0,,632.0,,
MIR,2024-12-10 21:00:00,21,10,12,0.0,0.114,0.067,0.182,,3.196,93.0,20.0,19.0,21.0,50.0,0.2,222.0,,633.0,,
MIR,2024-12-10 22:00:00,22,10,12,0.0,0.153,0.067,0.221,,3.488,175.0,38.0,19.0,20.0,53.0,0.3,205.0,,633.0,,
MIR,2024-12-10 23:00:00,23,10,12,0.0,0.171,0.069,0.239,,3.499,267.0,65.0,19.0,19.0,56.0,0.3,214.0,,633.0,,
MIR,2024-12-11 00:00:00,0,11,12,0.0,0.142,0.067,0.209,,3.048,341.0,109.0,19.0,18.0,61.0,0.1,306.0,,633.0,,
MIR,2024-12-11 01:00:00,1,11,12,0.0,0.15,0.064,0.213,,2.993,191.0,59.0,19.0,17.0,64.0,0.3,172.0,,633.0,,
MIR,2024-12-11 02:00:00,2,11,12,0.0,0.146,0.065,0.211,,3.24,222.0,60.0,19.0,17.0,63.0,0.5,188.0,,633.0,,
MIR,2024-12-11 03:00:00,3,11,12,0.0,0.111,0.067,0.178,,2.353,342.0,121.0,19.0,16.0,65.0,0.2,308.0,,633.0,,
MIR,2024-12-11 04:00:00,4,11,12,0.0,0.078,0.067,0.145,,1.504,175.0,67.0,19.0,15.0,63.0,0.2,312.0,,633.0,,
MIR,2024-12-11 05:00:00,5,11,12,0.0,0.079,0.062,0.141,,1.45,88.0,37.0,19.0,15.0,62.0,0.3,232.0,,633.0,,
MIR,2024-12-11 06:00:00,6,11,12,0.0,0.1,0.061,0.161,,1.502,97.0,35.0,19.0,14.0,54.0,0.2,174.0,,634.0,,
MIR,2024-12-11 07:00:00,7,11,12,0.0,0.171,0.064,0.235,,2.969,113.0,31.0,19.0,14.0,50.0,0.3,169.0,,634.0,,
MIR,2024-12-11 08:00:00,8,11,12,0.001,0.116,0.066,0.182,,2.143,194.0,58.0,19.0,16.0,38.0,0.4,133.0,,635.0,,
MIR,2024-12-11 09:00:00,9,11,12,0.012,0.046,0.054,0.1,,0.642,182.0,42.0,18.0,18.0,29.0,1.5,90.0,,635.0,,
MIR,2024-12-11 10:00:00,10,11,12,0.023,0.032,0.046,0.078,,0.456,85.0,9.0,19.0,20.0,32.0,2.3,73.0,,635.0,,
MIR,2024-12-11 11:00:00,11,11,12,0.03,0.025,0.046,0.07,,0.444,75.0,13.0,19.0,21.0,34.0,1.9,81.0,,635.0,,
MIR,2024-12-11 12:00:00,12,11,12,0.039,0.02,0.043,0.063,,0.457,69.0,12.0,20.0,23.0,34.0,1.7,93.0,,634.0,,
MIR,2024-12-11 13:00:00,13,11,12,0.047,0.016,0.043,0.059,,0.515,74.0,10.0,20.0,25.0,34.0,1.7,88.0,,633.0,,
MIR,2024-12-11 14:00:00,14,11,12,0.054,0.015,0.042,0.057,,0.533,112.0,16.0,21.0,26.0,32.0,1.4,62.0,,632.0,,
MIR,2024-12-11 15:00:00,15,11,12,0.058,0.014,0.044,0.058,,0.528,65.0,15.0,21.0,26.0,31.0,1.1,66.0,,632.0,,
MIR,2024-12-11 16:00:00,16,11,12,0.06,0.013,0.045,0.057,,0.564,61.0,15.0,21.0,27.0,32.0,0.5,344.0,,632.0,,
MIR,2024-12-11 17:00:00,17,11,12,0.047,0.013,0.053,0.066,,0.705,60.0,25.0,21.0,26.0,34.0,0.4,288.0,,632.0,,
MIR,2024-12-11 18:00:00,18,11,12,0.015,0.017,0.079,0.096,,1.275,65.0,20.0,20.0,25.0,38.0,0.6,194.0,,632.0,,
MIR,2024-12-11 19:00:00,19,11,12,0.004,0.025,0.086,0.111,,1.578,165.0,36.0,20.0,24.0,42.0,0.8,192.0,,633.0,,
MIR,2024-12-11 20:00:00,20,11,12,0.0,0.047,0.088,0.135,,2.085,192.0,39.0,19.0,22.0,47.0,0.6,132.0,,634.0,,
MIR,2024-12-11 21:00:00,21,11,12,0.004,0.03,0.083,0.114,,1.667,210.0,58.0,19.0,22.0,49.0,1.0,163.0,,634.0,,
MIR,2024-12-11 22:00:00,22,11,12,0.009,0.022,0.071,0.092,,0.995,185.0,64.0,19.0,21.0,48.0,0.9,139.0,,634.0,,
MIR,2024-12-11 23:00:00,23,11,12,0.004,0.022,0.069,0.091,,0.942,107.0,28.0,19.0,20.0,51.0,0.3,150.0,,635.0,,
MIR,2024-12-12 00:00:00,0,12,12,0.008,0.018,0.064,0.082,,0.682,81.0,24.0,19.0,18.0,55.0,0.3,7.0,,634.0,,
MIR,2024-12-12 01:00:00,1,12,12,0.015,0.016,0.055,0.071,,0.58,62.0,15.0,19.0,18.0,56.0,0.3,13.0,,634.0,,
MIR,2024-12-12 02:00:00,2,12,12,0.011,0.017,0.054,0.07,,0.519,47.0,15.0,19.0,17.0,57.0,0.4,42.0,,634.0,,
MIR,2024-12-12 03:00:00,3,12,12,0.007,0.018,0.055,0.074,,0.512,47.0,17.0,19.0,16.0,61.0,0.2,57.0,,634.0,,
MIR,2024-12-12 04:00:00,4,12,12,0.004,0.019,0.058,0.077,,0.582,46.0,14.0,19.0,15.0,62.0,0.3,68.0,,634.0,,
MIR,2024-12-12 05:00:00,5,12,12,0.002,0.025,0.06,0.085,,0.654,53.0,17.0,19.0,15.0,65.0,0.2,47.0,,634.0,,
MIR,2024-12-12 06:00:00,6,12,12,0.0,0.043,0.058,0.101,,1.211,49.0,11.0,19.0,14.0,69.0,0.1,63.0,,635.0,,
MIR,2024-12-12 07:00:00,7,12,12,0.0,0.083,0.06,0.143,,1.923,61.0,16.0,19.0,14.0,70.0,0.3,166.0,,635.0,,
MIR,2024-12-12 08:00:00,8,12,12,0.002,0.054,0.059,0.113,,1.412,125.0,33.0,19.0,15.0,61.0,0.2,150.0,,636.0,,
MIR,2024-12-12 09:00:00,9,12,12,0.01,0.039,0.055,0.095,,0.955,114.0,34.0,19.0,17.0,53.0,0.9,153.0,,636.0,,
MIR,2024-12-12 10:00:00,10,12,12,0.024,0.025,0.049,0.075,,0.686,107.0,29.0,19.0,19.0,47.0,1.2,113.0,,636.0,,
MIR,2024-12-12 11:00:00,11,12,12,0.038,0.019,0.047,0.066,,0.659,87.0,30.0,19.0,21.0,44.0,1.2,113.0,,636.0,,
MIR,2024-12-12 12:00:00,12,12,12,0.049,0.015,0.046,0.061,,0.637,97.0,29.0,20.0,23.0,43.0,0.7,190.0,,635.0,,
MIR,2024-12-12 13:00:00,13,12,12,0.06,0.013,0.045,0.058,,0.629,102.0,28.0,21.0,25.0,41.0,0.7,278.0,,634.0,,
MIR,2024-12-12 14:00:00,14,12,12,0.067,0.013,0.046,0.059,,0.708,65.0,23.0,21.0,26.0,36.0,0.9,21.0,,633.0,,
MIR,2024-12-12 15:00:00,15,12,12,0.072,0.013,0.047,0.06,,0.663,79.0,27.0,21.0,26.0,34.0,0.8,316.0,,633.0,,
MIR,2024-12-12 16:00:00,16,12,12,0.072,0.012,0.047,0.059,,0.688,68.0,26.0,21.0,26.0,35.0,0.9,44.0,,633.0,,
MIR,2024-12-12 17:00:00,17,12,12,0.075,0.012,0.052,0.063,,0.807,73.0,21.0,20.0,26.0,37.0,0.4,305.0,,633.0,,
MIR,2024-12-12 18:00:00,18,12,12,0.032,0.018,0.083,0.101,,2.194,73.0,27.0,20.0,24.0,43.0,0.1,307.0,,633.0,,
MIR,2024-12-12 19:00:00,19,12,12,0.003,0.033,0.097,0.129,,2.588,100.0,33.0,19.0,23.0,47.0,0.5,243.0,,634.0,,
MIR,2024-12-12 20:00:00,20,12,12,0.016,0.018,0.066,0.084,,1.198,175.0,49.0,19.0,22.0,47.0,0.8,264.0,,635.0,,
MIR,2024-12-12 21:00:00,21,12,12,0.026,0.016,0.055,0.071,,0.756,102.0,27.0,19.0,21.0,55.0,1.4,294.0,,635.0,,
MIR,2024-12-12 22:00:00,22,12,12,0.024,0.016,0.054,0.07,,0.738,59.0,14.0,19.0,20.0,61.0,1.1,281.0,,635.0,,
MIR,2024-12-12 23:00:00,23,12,12,0.011,0.017,0.063,0.079,,0.92,48.0,12.0,19.0,19.0,66.0,0.2,328.0,,636.0,,
MIR,2024-12-13 00:00:00,0,13,12,0.007,0.018,0.063,0.081,,1.105,47.0,12.0,19.0,18.0,71.0,0.2,343.0,,635.0,,
MIR,2024-12-13 01:00:00,1,13,12,0.003,0.018,0.065,0.082,,1.104,45.0,15.0,19.0,18.0,74.0,0.1,346.0,,635.0,,
MIR,2024-12-13 02:00:00,2,13,12,0.002,0.022,0.063,0.085,,1.045,54.0,19.0,19.0,17.0,78.0,0.1,286.0,,635.0,,
MIR,2024-12-13 03:00:00,3,13,12,0.004,0.017,0.059,0.076,,0.874,46.0,19.0,19.0,16.0,80.0,0.1,288.0,,635.0,,
MIR,2024-12-13 04:00:00,4,13,12,0.001,0.046,0.059,0.105,,1.274,36.0,17.0,19.0,16.0,82.0,0.3,181.0,,635.0,,
MIR,2024-12-13 05:00:00,5,13,12,0.0,0.078,0.061,0.139,,1.672,92.0,40.0,19.0,15.0,83.0,0.2,217.0,,635.0,,
MIR,2024-12-13 06:00:00,6,13,12,0.0,0.133,0.065,0.199,,2.282,103.0,49.0,19.0,15.0,87.0,0.5,187.0,,635.0,,
MIR,2024-12-13 07:00:00,7,13,12,0.0,0.107,0.064,0.171,,2.339,170.0,74.0,19.0,15.0,88.0,0.2,188.0,,635.0,,
MIR,2024-12-13 08:00:00,8,13,12,0.0,0.114,0.07,0.185,,2.458,161.0,92.0,19.0,18.0,73.0,0.1,268.0,,636.0,,
MIR,2024-12-13 09:00:00,9,13,12,0.01,0.064,0.08,0.144,,1.769,122.0,56.0,19.0,20.0,65.0,0.5,69.0,,636.0,,
MIR,2024-12-13 10:00:00,10,13,12,0.029,0.037,0.066,0.103,,1.236,123.0,45.0,19.0,22.0,54.0,0.5,19.0,,636.0,,
MIR,2024-12-13 11:00:00,11,13,12,0.045,0.025,0.05,0.075,,0.705,89.0,31.0,20.0,23.0,44.0,1.2,76.0,,636.0,,
MIR,2024-12-13 12:00:00,12,13,12,0.056,0.019,0.045,0.064,,0.625,44.0,11.0,21.0,25.0,37.0,0.7,40.0,,635.0,,
MIR,2024-12-13 13:00:00,13,13,12,0.07,0.017,0.047,0.064,,0.728,46.0,13.0,22.0,26.0,34.0,1.3,265.0,,634.0,,
MIR,2024-12-13 14:00:00,14,13,12,0.078,0.017,0.046,0.063,,0.716,56.0,21.0,22.0,27.0,28.0,1.3,242.0,,634.0,,
MIR,2024-12-13 15:00:00,15,13,12,0.078,0.016,0.046,0.062,,0.715,38.0,13.0,22.0,27.0,27.0,1.0,301.0,,633.0,,
MIR,2024-12-13 16:00:00,16,13,12,0.071,0.015,0.048,0.063,,0.723,38.0,14.0,21.0,27.0,29.0,0.8,325.0,,633.0,,
MIR,2024-12-13 17:00:00,17,13,12,0.03,0.017,0.048,0.065,,0.653,46.0,17.0,21.0,26.0,27.0,1.2,318.0,,633.0,,
MIR,2024-12-13 18:00:00,18,13,12,0.013,0.019,0.059,0.077,,1.176,37.0,10.0,20.0,24.0,31.0,0.6,316.0,,634.0,,
MIR,2024-12-13 19:00:00,19,13,12,0.001,0.033,0.071,0.104,,1.76,42.0,10.0,19.0,23.0,36.0,0.9,300.0,,634.0,,
MIR,2024-12-13 20:00:00,20,13,12,0.0,0.045,0.069,0.113,,1.99,67.0,21.0,18.0,21.0,38.0,0.7,308.0,,634.0,,
MIR,2024-12-13 21:00:00,21,13,12,0.002,0.027,0.068,0.094,,1.306,76.0,23.0,19.0,21.0,39.0,0.8,308.0,,635.0,,
MIR,2024-12-13 22:00:00,22,13,12,0.003,0.034,0.066,0.1,,1.178,47.0,16.0,19.0,20.0,44.0,0.3,309.0,,635.0,,
MIR,2024-12-13 23:00:00,23,13,12,0.0,0.051,0.067,0.117,,1.516,55.0,17.0,19.0,19.0,50.0,0.2,348.0,,635.0,,
MIR,2024-12-14 00:00:00,0,14,12,0.0,0.066,0.066,0.132,,1.84,50.0,20.0,19.0,17.0,54.0,0.2,242.0,,635.0,,
MIR,2024-12-14 01:00:00,1,14,12,0.001,0.038,0.064,0.102,,1.254,63.0,22.0,19.0,17.0,53.0,0.3,212.0,,635.0,,
MIR,2024-12-14 02:00:00,2,14,12,0.0,0.083,0.065,0.147,,2.043,54.0,25.0,19.0,16.0,57.0,0.5,186.0,,634.0,,
MIR,2024-12-14 03:00:00,3,14,12,0.0,0.109,0.065,0.174,,2.352,171.0,67.0,19.0,15.0,61.0,0.1,225.0,,634.0,,
MIR,2024-12-14 04:00:00,4,14,12,0.0,0.103,0.063,0.167,,2.108,178.0,81.0,19.0,15.0,63.0,0.1,287.0,,634.0,,
MIR,2024-12-14 05:00:00,5,14,12,0.0,0.119,0.062,0.181,,2.257,104.0,54.0,19.0,14.0,65.0,0.6,197.0,,634.0,,
MIR,2024-12-14 06:00:00,6,14,12,0.0,0.101,0.063,0.164,,2.061,154.0,68.0,19.0,14.0,65.0,0.5,197.0,,635.0,,
MIR,2024-12-14 07:00:00,7,14,12,0.0,0.138,0.062,0.2,,2.8,183.0,100.0,19.0,14.0,69.0,0.4,43.0,,635.0,,
MIR,2024-12-14 08:00:00,8,14,12,0.001,0.14,0.07,0.21,,2.941,167.0,64.0,19.0,17.0,58.0,0.1,158.0,,636.0,,
MIR,2024-12-14 09:00:00,9,14,12,0.008,0.073,0.075,0.148,,1.778,173.0,64.0,19.0,19.0,48.0,0.3,118.0,,636.0,,
MIR,2024-12-14 10:00:00,10,14,12,0.017,0.056,0.081,0.138,,1.641,117.0,44.0,19.0,21.0,41.0,0.4,55.0,,636.0,,
MIR,2024-12-14 11:00:00,11,14,12,0.029,0.043,0.081,0.124,,1.404,118.0,49.0,19.0,24.0,35.0,0.6,70.0,,635.0,,
MIR,2024-12-14 12:00:00,12,14,12,0.042,0.026,0.051,0.078,,0.664,105.0,43.0,20.0,25.0,28.0,0.9,104.0,,635.0,,
MIR,2024-12-14 13:00:00,13,14,12,0.048,0.021,0.044,0.065,,0.577,60.0,13.0,21.0,27.0,25.0,1.2,78.0,,634.0,,
MIR,2024-12-14 14:00:00,14,14,12,0.062,0.018,0.043,0.061,,0.603,44.0,11.0,22.0,28.0,23.0,0.7,234.0,,633.0,,
MIR,2024-12-14 15:00:00,15,14,12,0.066,0.018,0.046,0.064,,0.602,49.0,16.0,22.0,28.0,23.0,0.7,283.0,,633.0,,
MIR,2024-12-14 16:00:00,16,14,12,0.064,0.017,0.05,0.068,,0.665,58.0,17.0,21.0,28.0,24.0,0.3,321.0,,632.0,,
MIR,2024-12-14 17:00:00,17,14,12,0.059,0.017,0.054,0.071,,0.97,64.0,21.0,20.0,27.0,25.0,0.5,280.0,,632.0,,
MIR,2024-12-14 18:00:00,18,14,12,0.014,0.022,0.092,0.114,,2.091,65.0,21.0,20.0,24.0,31.0,0.3,274.0,,633.0,,
MIR,2024-12-14 19:00:00,19,14,12,0.012,0.025,0.09,0.116,,2.041,102.0,41.0,19.0,23.0,34.0,1.0,297.0,,633.0,,
MIR,2024-12-14 20:00:00,20,14,12,0.01,0.025,0.078,0.103,,1.684,106.0,36.0,19.0,22.0,36.0,0.8,300.0,,633.0,,
MIR,2024-12-14 21:00:00,21,14,12,0.001,0.081,0.084,0.165,,2.655,75.0,31.0,19.0,21.0,41.0,0.1,339.0,,634.0,,
MIR,2024-12-14 22:00:00,22,14,12,0.0,0.127,0.089,0.216,,4.733,107.0,39.0,19.0,20.0,45.0,0.3,182.0,,634.0,,
MIR,2024-12-14 23:00:00,23,14,12,0.001,0.119,0.085,0.204,,4.706,295.0,108.0,19.0,19.0,48.0,0.1,206.0,,634.0,,
MIR,2024-12-15 00:00:00,0,15,12,0.0,0.077,0.076,0.153,,2.564,234.0,100.0,19.0,18.0,47.0,0.2,240.0,,634.0,,
MIR,2024-12-15 01:00:00,1,15,12,0.0,0.083,0.073,0.156,,2.729,98.0,42.0,19.0,17.0,51.0,0.4,206.0,,633.0,,
MIR,2024-12-15 02:00:00,2,15,12,0.0,0.126,0.079,0.205,,4.835,120.0,45.0,19.0,16.0,56.0,1.0,196.0,,633.0,,
MIR,2024-12-15 03:00:00,3,15,12,0.0,0.083,0.077,0.16,,3.509,316.0,155.0,19.0,16.0,57.0,0.7,191.0,,633.0,,
MIR,2024-12-15 04:00:00,4,15,12,0.001,0.087,0.072,0.16,,3.67,237.0,126.0,19.0,15.0,63.0,0.4,262.0,,633.0,,
MIR,2024-12-15 05:00:00,5,15,12,0.0,0.093,0.069,0.162,,2.933,254.0,145.0,19.0,15.0,62.0,0.2,214.0,,633.0,,
MIR,2024-12-15 06:00:00,6,15,12,0.0,0.081,0.068,0.15,,2.272,167.0,89.0,19.0,14.0,63.0,0.3,206.0,,634.0,,
MIR,2024-12-15 07:00:00,7,15,12,0.0,0.049,0.079,0.129,,2.167,125.0,71.0,19.0,14.0,63.0,0.1,290.0,,634.0,,
MIR,2024-12-15 08:00:00,8,15,12,0.001,0.067,0.077,0.144,,2.575,115.0,54.0,19.0,17.0,50.0,0.2,194.0,,635.0,,
MIR,2024-12-15 09:00:00,9,15,12,0.011,0.048,0.072,0.12,,1.922,150.0,68.0,18.0,20.0,40.0,0.4,167.0,,635.0,,
MIR,2024-12-15 10:00:00,10,15,12,0.025,0.027,0.044,0.071,,0.917,152.0,68.0,19.0,21.0,33.0,0.6,183.0,,635.0,,
MIR,2024-12-15 11:00:00,11,15,12,0.034,0.022,0.037,0.059,,0.429,92.0,28.0,19.0,23.0,24.0,1.6,99.0,,635.0,,
MIR,2024-12-15 12:00:00,12,15,12,0.042,0.018,0.037,0.055,,0.433,34.0,5.0,20.0,25.0,22.0,1.2,90.0,,634.0,,
MIR,2024-12-15 13:00:00,13,15,12,0.05,0.001,0.003,0.004,,0.458,37.0,6.0,21.0,26.0,20.0,0.9,112.0,,633.0,,
MIR,2024-12-15 14:00:00,14,15,12,0.059,,,,,0.494,31.0,12.0,22.0,27.0,20.0,0.6,19.0,,632.0,,
MIR,2024-12-15 15:00:00,15,15,12,0.064,,,,,0.534,41.0,11.0,21.0,28.0,19.0,0.9,288.0,,632.0,,
MIR,2024-12-15 16:00:00,16,15,12,0.072,,,,,0.582,42.0,19.0,21.0,28.0,19.0,0.6,301.0,,632.0,,
MIR,2024-12-15 17:00:00,17,15,12,0.056,,,,,0.711,46.0,19.0,20.0,27.0,20.0,0.5,278.0,,632.0,,
MIR,2024-12-15 18:00:00,18,15,12,0.01,,,,,2.534,39.0,13.0,20.0,24.0,27.0,0.2,285.0,,632.0,,
MIR,2024-12-15 19:00:00,19,15,12,0.004,0.037,0.052,0.089,,2.49,74.0,26.0,19.0,23.0,29.0,1.2,284.0,,632.0,,
MIR,2024-12-15 20:00:00,20,15,12,0.005,0.039,0.056,0.095,,1.997,83.0,27.0,18.0,21.0,32.0,0.3,293.0,,633.0,,
MIR,2024-12-15 21:00:00,21,15,12,0.0,0.072,0.07,0.142,,3.159,109.0,31.0,19.0,20.0,36.0,0.4,275.0,,633.0,,
MIR,2024-12-15 22:00:00,22,15,12,0.0,0.114,0.071,0.185,,4.36,133.0,50.0,19.0,19.0,40.0,0.1,184.0,,633.0,,
MIR,2024-12-15 23:00:00,23,15,12,0.0,0.121,0.077,0.198,,4.268,222.0,83.0,19.0,18.0,43.0,0.1,218.0,,633.0,,
MIR,2024-12-16 00:00:00,0,16,12,0.0,,,,,3.039,210.0,82.0,19.0,18.0,43.0,0.1,249.0,,633.0,,
MIR,2024-12-16 01:00:00,1,16,12,0.001,,,,,1.94,154.0,69.0,19.0,17.0,49.0,0.2,187.0,,633.0,,
MIR,2024-12-16 02:00:00,2,16,12,0.0,,,,,2.1,114.0,49.0,19.0,16.0,54.0,0.3,184.0,,633.0,,
MIR,2024-12-16 03:00:00,3,16,12,0.0,,,,,1.694,158.0,81.0,19.0,16.0,57.0,0.2,225.0,,633.0,,
MIR,2024-12-16 04:00:00,4,16,12,0.0,,,,,2.341,129.0,65.0,19.0,15.0,57.0,0.7,189.0,,632.0,,
MIR,2024-12-16 05:00:00,5,16,12,0.0,,,,,3.245,190.0,117.0,19.0,14.0,61.0,0.2,177.0,,633.0,,
MIR,2024-12-16 06:00:00,6,16,12,0.0,,,,,3.519,214.0,129.0,19.0,14.0,63.0,0.4,181.0,,633.0,,
MIR,2024-12-16 07:00:00,7,16,12,0.0,,,,,3.255,263.0,139.0,19.0,14.0,62.0,0.3,186.0,,633.0,,
MIR,2024-12-16 08:00:00,8,16,12,0.001,,,,,3.574,230.0,119.0,19.0,15.0,59.0,0.3,172.0,,634.0,,
MIR,2024-12-16 09:00:00,9,16,12,0.003,,,,,3.04,234.0,82.0,19.0,17.0,48.0,0.3,150.0,,634.0,,
MIR,2024-12-16 10:00:00,10,16,12,0.02,,,,,1.639,226.0,107.0,19.0,20.0,44.0,0.5,166.0,,634.0,,
MIR,2024-12-16 11:00:00,11,16,12,0.036,,,,,0.88,173.0,69.0,19.0,21.0,47.0,0.4,201.0,,634.0,,
MIR,2024-12-16 12:00:00,12,16,12,0.039,,,,,0.958,116.0,40.0,19.0,23.0,40.0,0.5,127.0,,633.0,,
MIR,2024-12-16 13:00:00,13,16,12,0.054,,,,,0.751,144.0,38.0,20.0,25.0,31.0,0.7,103.0,,632.0,,
MIR,2024-12-16 14:00:00,14,16,12,0.062,,,,,0.85,98.0,26.0,21.0,26.0,29.0,0.4,11.0,,632.0,,
MIR,2024-12-16 15:00:00,15,16,12,0.068,,,,,0.976,100.0,32.0,21.0,26.0,25.0,0.6,304.0,,632.0,,
MIR,2024-12-16 16:00:00,16,16,12,0.054,,,,,0.806,90.0,36.0,21.0,26.0,20.0,0.4,0.0,,632.0,,
MIR,2024-12-16 17:00:00,17,16,12,0.035,,,,,1.23,53.0,20.0,20.0,25.0,24.0,0.1,313.0,,631.0,,
MIR,2024-12-16 18:00:00,18,16,12,0.01,,,,,1.991,69.0,23.0,20.0,23.0,30.0,0.8,295.0,,632.0,,
MIR,2024-12-16 19:00:00,19,16,12,0.006,,,,,1.809,99.0,31.0,19.0,22.0,35.0,1.1,293.0,,632.0,,
MIR,2024-12-16 20:00:00,20,16,12,0.004,,,,,1.929,96.0,26.0,19.0,20.0,39.0,0.7,304.0,,632.0,,
MIR,2024-12-16 21:00:00,21,16,12,0.009,,,,,1.849,95.0,31.0,19.0,20.0,39.0,0.6,268.0,,633.0,,
MIR,2024-12-16 22:00:00,22,16,12,0.0,,,,,2.77,93.0,27.0,19.0,19.0,45.0,0.1,112.0,,633.0,,
MIR,2024-12-16 23:00:00,23,16,12,0.0,,,,,2.81,135.0,41.0,19.0,18.0,46.0,0.3,188.0,,633.0,,
MIR,2024-12-17 00:00:00,0,17,12,0.0,,,,,3.44,192.0,61.0,19.0,18.0,49.0,0.3,215.0,,633.0,,
MIR,2024-12-17 01:00:00,1,17,12,0.0,,,,,3.347,275.0,109.0,19.0,17.0,52.0,0.7,181.0,,633.0,,
MIR,2024-12-17 02:00:00,2,17,12,0.0,,,,,2.295,333.0,142.0,19.0,16.0,52.0,0.4,224.0,,633.0,,
MIR,2024-12-17 03:00:00,3,17,12,0.0,,,,,1.91,206.0,88.0,19.0,16.0,54.0,0.7,192.0,,633.0,,
MIR,2024-12-17 04:00:00,4,17,12,0.0,,,,,1.645,184.0,99.0,19.0,15.0,56.0,0.2,211.0,,633.0,,
MIR,2024-12-17 05:00:00,5,17,12,0.0,,,,,1.281,144.0,71.0,19.0,15.0,55.0,0.5,191.0,,633.0,,
MIR,2024-12-17 06:00:00,6,17,12,0.0,,,,,1.939,138.0,49.0,19.0,15.0,59.0,0.4,192.0,,633.0,,
MIR,2024-12-17 07:00:00,7,17,12,0.0,,,,,3.061,211.0,70.0,19.0,14.0,62.0,0.1,297.0,,634.0,,
MIR,2024-12-17 08:00:00,8,17,12,0.001,,,,,4.021,199.0,68.0,19.0,16.0,56.0,0.1,74.0,,634.0,,
MIR,2024-12-17 09:00:00,9,17,12,0.005,0.048,0.043,0.091,,1.612,224.0,77.0,19.0,18.0,41.0,1.0,160.0,,635.0,,
MIR,2024-12-17 10:00:00,10,17,12,0.017,0.033,0.031,0.064,,0.798,157.0,52.0,19.0,19.0,37.0,1.8,146.0,,635.0,,
MIR,2024-12-17 11:00:00,11,17,12,0.025,0.016,0.028,0.044,,0.531,122.0,23.0,19.0,21.0,31.0,1.8,120.0,,635.0,,
MIR,2024-12-17 12:00:00,12,17,12,0.031,0.012,0.032,0.044,,0.475,71.0,10.0,20.0,23.0,24.0,1.7,116.0,,634.0,,
MIR,2024-12-17 13:00:00,13,17,12,0.041,0.008,0.032,0.04,,0.485,57.0,8.0,20.0,24.0,21.0,1.4,105.0,,633.0,,
MIR,2024-12-17 14:00:00,14,17,12,0.049,0.007,0.037,0.044,,0.527,56.0,11.0,21.0,25.0,20.0,1.3,86.0,,632.0,,
MIR,2024-12-17 15:00:00,15,17,12,0.055,0.006,0.037,0.043,,0.515,65.0,15.0,21.0,26.0,21.0,0.8,131.0,,632.0,,
MIR,2024-12-17 16:00:00,16,17,12,0.052,0.006,0.044,0.05,,0.539,59.0,18.0,20.0,26.0,19.0,0.8,61.0,,632.0,,
MIR,2024-12-17 17:00:00,17,17,12,0.045,0.006,0.053,0.059,,0.75,56.0,25.0,20.0,26.0,22.0,0.4,228.0,,632.0,,
MIR,2024-12-17 18:00:00,18,17,12,0.009,0.019,0.086,0.105,,1.373,74.0,27.0,19.0,23.0,30.0,1.2,184.0,,632.0,,
MIR,2024-12-17 19:00:00,19,17,12,0.006,0.024,0.084,0.108,,1.345,186.0,34.0,19.0,21.0,34.0,1.8,184.0,,633.0,,
MIR,2024-12-17 20:00:00,20,17,12,0.003,0.028,0.087,0.115,,1.207,154.0,34.0,19.0,20.0,36.0,1.1,205.0,,633.0,,
MIR,2024-12-17 21:00:00,21,17,12,0.003,0.024,0.085,0.109,,1.214,139.0,37.0,19.0,20.0,35.0,0.5,194.0,,634.0,,
MIR,2024-12-17 22:00:00,22,17,12,0.0,0.098,0.09,0.188,,2.427,197.0,46.0,19.0,18.0,42.0,0.1,216.0,,634.0,,
MIR,2024-12-17 23:00:00,23,17,12,0.0,0.119,0.09,0.209,,2.679,173.0,46.0,19.0,17.0,44.0,0.1,184.0,,634.0,,
MIR,2024-12-18 00:00:00,0,18,12,0.0,0.061,0.092,0.153,,1.532,164.0,52.0,19.0,17.0,43.0,1.0,194.0,,634.0,,
MIR,2024-12-18 01:00:00,1,18,12,0.001,0.027,0.087,0.114,,0.966,164.0,57.0,19.0,17.0,45.0,0.4,154.0,,634.0,,
MIR,2024-12-18 02:00:00,2,18,12,0.001,0.019,0.08,0.099,,0.841,129.0,45.0,19.0,16.0,50.0,0.1,175.0,,634.0,,
MIR,2024-12-18 03:00:00,3,18,12,0.001,0.026,0.076,0.102,,1.01,72.0,27.0,19.0,14.0,52.0,0.9,214.0,,634.0,,
MIR,2024-12-18 04:00:00,4,18,12,0.001,0.022,0.075,0.097,,0.88,130.0,60.0,19.0,14.0,49.0,0.3,229.0,,634.0,,
MIR,2024-12-18 05:00:00,5,18,12,0.0,0.068,0.071,0.139,,1.121,123.0,48.0,19.0,13.0,53.0,0.2,218.0,,634.0,,
MIR,2024-12-18 06:00:00,6,18,12,0.0,0.084,0.074,0.158,,1.343,107.0,45.0,19.0,12.0,53.0,0.3,203.0,,635.0,,
MIR,2024-12-18 07:00:00,7,18,12,0.0,0.158,0.071,0.229,,2.355,129.0,50.0,19.0,12.0,53.0,0.1,121.0,,635.0,,
MIR,2024-12-18 08:00:00,8,18,12,0.002,0.094,0.07,0.165,,1.644,121.0,44.0,19.0,15.0,45.0,0.4,102.0,,636.0,,
MIR,2024-12-18 09:00:00,9,18,12,0.01,0.045,0.061,0.107,,0.907,92.0,23.0,18.0,16.0,43.0,1.3,69.0,,636.0,,
MIR,2024-12-18 10:00:00,10,18,12,0.019,0.029,0.055,0.085,,0.667,76.0,16.0,18.0,18.0,40.0,1.4,85.0,,636.0,,
MIR,2024-12-18 11:00:00,11,18,12,0.029,0.02,0.049,0.069,,0.515,88.0,20.0,19.0,20.0,37.0,1.4,86.0,,636.0,,
MIR,2024-12-18 12:00:00,12,18,12,0.04,0.014,0.045,0.059,,0.51,65.0,11.0,19.0,22.0,34.0,1.1,67.0,,635.0,,
MIR,2024-12-18 13:00:00,13,18,12,0.048,0.013,0.048,0.061,,0.589,72.0,15.0,20.0,24.0,29.0,0.9,101.0,,634.0,,
MIR,2024-12-18 14:00:00,14,18,12,0.053,0.011,0.045,0.056,,0.543,72.0,19.0,21.0,25.0,26.0,0.9,52.0,,633.0,,
MIR,2024-12-18 15:00:00,15,18,12,0.043,0.013,0.05,0.062,,0.599,71.0,14.0,21.0,26.0,22.0,1.9,65.0,,633.0,,
MIR,2024-12-18 16:00:00,16,18,12,0.034,0.014,0.047,0.061,,0.482,82.0,16.0,21.0,26.0,16.0,3.0,82.0,,632.0,,
MIR,2024-12-18 17:00:00,17,18,12,0.027,0.014,0.056,0.07,,0.594,71.0,12.0,20.0,26.0,15.0,2.6,94.0,,632.0,,
MIR,2024-12-18 18:00:00,18,18,12,0.014,0.017,0.079,0.097,,1.333,66.0,11.0,20.0,23.0,26.0,2.0,157.0,,633.0,,
MIR,2024-12-18 19:00:00,19,18,12,0.004,0.032,0.093,0.125,,1.821,170.0,43.0,19.0,21.0,33.0,1.8,176.0,,633.0,,
MIR,2024-12-18 20:00:00,20,18,12,0.002,0.046,0.096,0.142,,2.136,246.0,108.0,19.0,20.0,36.0,0.6,179.0,,634.0,,
MIR,2024-12-18 21:00:00,21,18,12,0.0,0.112,0.099,0.211,,3.08,202.0,78.0,19.0,18.0,42.0,0.3,281.0,,634.0,,
MIR,2024-12-18 22:00:00,22,18,12,0.0,0.105,0.099,0.204,,3.256,184.0,81.0,19.0,18.0,44.0,0.4,314.0,,634.0,,
MIR,2024-12-18 23:00:00,23,18,12,0.0,0.125,0.098,0.223,,3.293,177.0,88.0,19.0,17.0,46.0,0.2,1.0,,634.0,,
MIR,2024-12-19 00:00:00,0,19,12,0.0,0.062,0.088,0.15,,1.744,173.0,83.0,19.0,17.0,37.0,0.5,61.0,,635.0,,
MIR,2024-12-19 01:00:00,1,19,12,0.007,0.02,0.071,0.091,,0.694,89.0,32.0,19.0,16.0,42.0,0.3,67.0,,635.0,,
MIR,2024-12-19 02:00:00,2,19,12,0.008,0.017,0.067,0.084,,0.681,64.0,19.0,19.0,16.0,48.0,0.3,59.0,,635.0,,
MIR,2024-12-19 03:00:00,3,19,12,0.007,0.016,0.062,0.078,,0.758,56.0,23.0,19.0,15.0,53.0,0.1,25.0,,635.0,,
MIR,2024-12-19 04:00:00,4,19,12,,0.028,0.071,0.099,,0.742,53.0,19.0,19.0,15.0,55.0,0.1,355.0,,635.0,,
MIR,2024-12-19 05:00:00,5,19,12,,0.043,0.07,0.113,,0.902,49.0,25.0,19.0,15.0,58.0,0.4,50.0,,635.0,,
MIR,2024-12-19 06:00:00,6,19,12,0.0,0.052,0.068,0.12,,1.306,60.0,16.0,19.0,15.0,61.0,0.3,38.0,,635.0,,
MIR,2024-12-19 07:00:00,7,19,12,0.0,0.09,0.069,0.159,,1.831,48.0,9.0,19.0,14.0,65.0,0.2,32.0,,636.0,,
MIR,2024-12-19 08:00:00,8,19,12,0.003,0.051,0.064,0.115,,1.053,70.0,19.0,19.0,16.0,59.0,1.2,71.0,,636.0,,
MIR,2024-12-19 09:00:00,9,19,12,0.011,0.029,0.055,0.084,,0.695,71.0,11.0,18.0,18.0,54.0,1.8,86.0,,637.0,,
MIR,2024-12-19 10:00:00,10,19,12,0.018,0.022,0.047,0.069,,0.466,51.0,9.0,19.0,20.0,50.0,2.0,93.0,,637.0,,
MIR,2024-12-19 11:00:00,11,19,12,0.024,0.017,0.043,0.061,,0.449,41.0,6.0,19.0,21.0,47.0,2.0,112.0,,637.0,,
MIR,2024-12-19 12:00:00,12,19,12,0.03,0.014,0.042,0.056,,,43.0,6.0,19.0,22.0,44.0,1.5,109.0,,636.0,,
MIR,2024-12-19 13:00:00,13,19,12,0.038,0.012,0.041,0.053,,0.436,43.0,8.0,20.0,24.0,40.0,1.4,121.0,,635.0,,
MIR,2024-12-19 14:00:00,14,19,12,0.041,0.011,0.04,0.051,,0.451,39.0,8.0,21.0,24.0,37.0,1.9,152.0,,634.0,,
MIR,2024-12-19 15:00:00,15,19,12,0.043,0.01,0.039,0.049,,0.424,41.0,7.0,20.0,24.0,36.0,1.5,156.0,,634.0,,
MIR,2024-12-19 16:00:00,16,19,12,0.037,0.01,0.044,0.054,,0.499,47.0,15.0,20.0,24.0,37.0,1.8,149.0,,634.0,,
MIR,2024-12-19 17:00:00,17,19,12,0.027,0.011,0.057,0.068,,0.697,53.0,12.0,20.0,24.0,41.0,1.4,170.0,,634.0,,
MIR,2024-12-19 18:00:00,18,19,12,0.006,0.02,0.074,0.094,,1.117,69.0,13.0,20.0,22.0,45.0,1.5,169.0,,634.0,,
MIR,2024-12-19 19:00:00,19,19,12,0.004,0.023,0.076,0.099,,1.156,120.0,20.0,19.0,21.0,48.0,1.1,179.0,,635.0,,
MIR,2024-12-19 20:00:00,20,19,12,0.0,0.059,0.081,0.14,,1.585,146.0,28.0,19.0,20.0,50.0,0.9,182.0,,635.0,,
MIR,2024-12-19 21:00:00,21,19,12,0.0,0.116,0.084,0.2,,2.325,156.0,32.0,19.0,19.0,55.0,0.2,170.0,,635.0,,
MIR,2024-12-19 22:00:00,22,19,12,0.0,0.097,0.082,0.179,,2.175,156.0,46.0,19.0,18.0,58.0,0.2,135.0,,635.0,,
MIR,2024-12-19 23:00:00,23,19,12,0.003,0.035,0.068,0.103,,0.808,174.0,42.0,19.0,18.0,53.0,1.1,94.0,,636.0,,
MIR,2024-12-20 00:00:00,0,20,12,0.001,0.027,0.064,0.091,,0.69,61.0,14.0,19.0,17.0,57.0,0.3,94.0,,636.0,,
MIR,2024-12-20 01:00:00,1,20,12,0.002,0.021,0.06,0.081,,0.68,47.0,15.0,19.0,16.0,61.0,0.3,31.0,,636.0,,
MIR,2024-12-20 02:00:00,2,20,12,0.001,0.022,0.062,0.084,,0.648,37.0,10.0,19.0,16.0,62.0,0.1,344.0,,636.0,,
MIR,2024-12-20 03:00:00,3,20,12,0.003,0.019,0.058,0.077,,0.519,33.0,8.0,19.0,15.0,67.0,0.2,55.0,,636.0,,
MIR,2024-12-20 04:00:00,4,20,12,0.003,0.019,0.056,0.075,,0.448,31.0,13.0,19.0,15.0,70.0,0.4,51.0,,636.0,,
MIR,2024-12-20 05:00:00,5,20,12,0.001,0.036,0.057,0.093,,0.676,22.0,8.0,19.0,14.0,72.0,0.3,158.0,,636.0,,
MIR,2024-12-20 06:00:00,6,20,12,0.0,0.083,0.058,0.141,,1.273,36.0,10.0,19.0,14.0,76.0,0.1,190.0,,636.0,,
MIR,2024-12-20 07:00:00,7,20,12,0.0,0.1,0.058,0.158,,1.539,75.0,23.0,19.0,13.0,79.0,0.2,166.0,,636.0,,
MIR,2024-12-20 08:00:00,8,20,12,0.002,0.073,0.058,0.132,,1.367,82.0,24.0,19.0,15.0,70.0,0.9,145.0,,637.0,,
MIR,2024-12-20 09:00:00,9,20,12,0.009,0.037,0.052,0.089,,0.668,92.0,21.0,19.0,17.0,61.0,1.6,97.0,,637.0,,
MIR,2024-12-20 10:00:00,10,20,12,0.016,0.027,0.046,0.073,,0.481,50.0,12.0,19.0,19.0,54.0,2.1,91.0,,637.0,,
MIR,2024-12-20 11:00:00,11,20,12,0.022,0.02,0.043,0.063,,0.442,54.0,10.0,19.0,20.0,49.0,1.9,89.0,,636.0,,
MIR,2024-12-20 12:00:00,12,20,12,0.029,0.017,0.042,0.058,,0.437,48.0,7.0,20.0,22.0,44.0,1.4,105.0,,636.0,,
MIR,2024-12-20 13:00:00,13,20,12,0.036,0.014,0.04,0.054,,0.434,50.0,6.0,20.0,23.0,39.0,1.4,113.0,,635.0,,
MIR,2024-12-20 14:00:00,14,20,12,0.041,0.012,0.041,0.053,,0.486,37.0,5.0,21.0,24.0,37.0,1.3,85.0,,634.0,,
MIR,2024-12-20 15:00:00,15,20,12,0.037,0.012,0.044,0.056,,0.563,42.0,5.0,21.0,24.0,35.0,0.6,26.0,,634.0,,
MIR,2024-12-20 16:00:00,16,20,12,0.031,0.014,0.051,0.065,,0.653,37.0,7.0,20.0,24.0,31.0,1.0,292.0,,634.0,,
MIR,2024-12-20 17:00:00,17,20,12,0.028,0.015,0.055,0.07,,0.678,44.0,8.0,20.0,25.0,30.0,0.5,187.0,,633.0,,
MIR,2024-12-20 18:00:00,18,20,12,0.007,0.024,0.079,0.103,,1.261,41.0,9.0,19.0,22.0,41.0,1.2,172.0,,634.0,,
MIR,2024-12-20 19:00:00,19,20,12,0.001,0.045,0.085,0.13,,1.731,128.0,20.0,19.0,21.0,47.0,1.2,178.0,,634.0,,
MIR,2024-12-20 20:00:00,20,20,12,0.0,0.051,0.083,0.133,,1.801,167.0,33.0,19.0,20.0,51.0,0.8,198.0,,634.0,,
MIR,2024-12-20 21:00:00,21,20,12,0.0,0.067,0.084,0.151,,2.009,164.0,42.0,19.0,19.0,53.0,0.6,202.0,,635.0,,
MIR,2024-12-20 22:00:00,22,20,12,0.0,0.093,0.084,0.177,,2.449,148.0,37.0,19.0,18.0,56.0,0.2,197.0,,635.0,,
MIR,2024-12-20 23:00:00,23,20,12,,0.084,0.079,0.163,,2.252,168.0,47.0,19.0,18.0,57.0,0.2,3.0,,635.0,,
MIR,2024-12-21 00:00:00,0,21,12,,0.101,0.082,0.183,,2.545,124.0,45.0,19.0,18.0,57.0,0.2,18.0,,635.0,,
MIR,2024-12-21 01:00:00,1,21,12,0.008,0.032,0.064,0.095,,0.81,121.0,47.0,19.0,18.0,52.0,0.7,60.0,,635.0,,
MIR,2024-12-21 02:00:00,2,21,12,0.009,0.023,0.054,0.077,,0.453,45.0,15.0,19.0,17.0,55.0,0.5,46.0,,635.0,,
MIR,2024-12-21 03:00:00,3,21,12,0.003,0.024,0.061,0.085,,0.5,35.0,9.0,19.0,15.0,60.0,0.2,61.0,,635.0,,
MIR,2024-12-21 04:00:00,4,21,12,0.002,0.023,0.061,0.085,,0.548,35.0,14.0,19.0,15.0,65.0,0.2,58.0,,635.0,,
MIR,2024-12-21 05:00:00,5,21,12,0.001,0.025,0.058,0.083,,0.538,32.0,13.0,19.0,14.0,69.0,0.2,42.0,,635.0,,
MIR,2024-12-21 06:00:00,6,21,12,,0.054,0.06,0.114,,1.001,28.0,9.0,19.0,14.0,72.0,0.3,116.0,,636.0,,
MIR,2024-12-21 07:00:00,7,21,12,0.0,0.06,0.059,0.119,,1.093,42.0,17.0,19.0,13.0,75.0,0.1,157.0,,636.0,,
MIR,2024-12-21 08:00:00,8,21,12,0.001,0.057,0.058,0.115,,1.126,46.0,20.0,19.0,15.0,68.0,0.8,91.0,,637.0,,
MIR,2024-12-21 09:00:00,9,21,12,0.009,0.032,0.051,0.083,,0.57,52.0,7.0,19.0,17.0,62.0,1.7,81.0,,637.0,,
MIR,2024-12-21 10:00:00,10,21,12,0.017,0.024,0.045,0.07,,0.433,38.0,10.0,19.0,18.0,55.0,2.2,81.0,,637.0,,
MIR,2024-12-21 11:00:00,11,21,12,0.021,0.02,0.044,0.063,,0.413,32.0,11.0,19.0,19.0,51.0,1.8,95.0,,636.0,,
MIR,2024-12-21 12:00:00,12,21,12,0.027,0.017,0.043,0.06,,0.419,33.0,12.0,19.0,21.0,47.0,1.6,101.0,,635.0,,
MIR,2024-12-21 13:00:00,13,21,12,0.035,0.014,0.04,0.054,,0.411,42.0,13.0,20.0,22.0,42.0,1.4,83.0,,634.0,,
MIR,2024-12-21 14:00:00,14,21,12,0.039,0.013,0.042,0.055,,0.473,33.0,11.0,20.0,23.0,38.0,1.2,121.0,,634.0,,
MIR,2024-12-21 15:00:00,15,21,12,0.041,0.012,0.042,0.054,,0.468,33.0,22.0,20.0,24.0,36.0,0.6,137.0,,633.0,,
MIR,2024-12-21 16:00:00,16,21,12,0.04,0.012,0.045,0.056,,0.472,33.0,9.0,20.0,24.0,36.0,0.4,21.0,,633.0,,
MIR,2024-12-21 17:00:00,17,21,12,0.037,0.012,0.048,0.06,,0.555,37.0,10.0,20.0,23.0,37.0,0.3,194.0,,633.0,,
MIR,2024-12-21 18:00:00,18,21,12,0.021,0.013,0.061,0.073,,0.849,55.0,16.0,19.0,22.0,42.0,0.8,206.0,,633.0,,
MIR,2024-12-21 19:00:00,19,21,12,0.003,0.037,0.077,0.114,,1.626,83.0,21.0,19.0,21.0,48.0,0.7,168.0,,633.0,,
MIR,2024-12-21 20:00:00,20,21,12,0.0,0.071,0.078,0.149,,2.347,196.0,46.0,19.0,19.0,54.0,0.1,172.0,,634.0,,
MIR,2024-12-21 21:00:00,21,21,12,0.0,0.071,0.077,0.149,,2.625,204.0,55.0,19.0,18.0,57.0,0.1,249.0,,634.0,,
MIR,2024-12-21 22:00:00,22,21,12,0.0,0.059,0.075,0.134,,1.993,186.0,51.0,19.0,18.0,58.0,0.2,201.0,,634.0,,
MIR,2024-12-21 23:00:00,23,21,12,,0.101,0.075,0.176,,2.944,162.0,58.0,19.0,17.0,63.0,0.1,253.0,,634.0,,
MIR,2024-12-22 00:00:00,0,22,12,,0.116,0.076,0.192,,3.834,170.0,75.0,19.0,16.0,66.0,0.2,249.0,,634.0,,
MIR,2024-12-22 01:00:00,1,22,12,,0.104,0.075,0.179,,2.695,140.0,65.0,19.0,15.0,66.0,0.3,32.0,,634.0,,
MIR,2024-12-22 02:00:00,2,22,12,,0.031,0.063,0.094,,0.924,126.0,51.0,19.0,15.0,62.0,0.3,10.0,,634.0,,
MIR,2024-12-22 03:00:00,3,22,12,,0.032,0.062,0.094,,1.008,50.0,20.0,19.0,14.0,67.0,0.1,107.0,,634.0,,
MIR,2024-12-22 04:00:00,4,22,12,0.002,0.027,0.062,0.089,,0.685,52.0,20.0,19.0,14.0,68.0,0.1,326.0,,634.0,,
MIR,2024-12-22 05:00:00,5,22,12,,0.027,0.06,0.087,,0.773,31.0,12.0,19.0,13.0,70.0,0.1,358.0,,634.0,,
MIR,2024-12-22 06:00:00,6,22,12,,0.064,0.06,0.124,,1.344,29.0,10.0,19.0,13.0,72.0,0.4,193.0,,634.0,,
MIR,2024-12-22 07:00:00,7,22,12,,0.053,0.06,0.113,,1.354,98.0,36.0,19.0,13.0,74.0,0.1,276.0,,635.0,,
MIR,2024-12-22 08:00:00,8,22,12,,0.093,0.063,0.157,,2.162,56.0,21.0,19.0,15.0,65.0,0.2,50.0,,635.0,,
MIR,2024-12-22 09:00:00,9,22,12,,0.033,0.051,0.085,,0.628,88.0,29.0,19.0,17.0,57.0,1.3,75.0,,636.0,,
MIR,2024-12-22 10:00:00,10,22,12,,0.023,0.045,0.068,,0.41,34.0,7.0,18.0,18.0,52.0,1.8,102.0,,636.0,,
MIR,2024-12-22 11:00:00,11,22,12,,0.017,0.041,0.058,,0.415,31.0,7.0,19.0,20.0,48.0,1.3,107.0,,635.0,,
MIR,2024-12-22 12:00:00,12,22,12,,0.014,0.041,0.055,,0.474,34.0,7.0,20.0,22.0,43.0,0.9,140.0,,635.0,,
MIR,2024-12-22 13:00:00,13,22,12,,0.012,0.041,0.053,,0.439,48.0,13.0,20.0,23.0,39.0,1.0,319.0,,634.0,,
MIR,2024-12-22 14:00:00,14,22,12,,0.012,0.041,0.054,,0.495,33.0,8.0,21.0,24.0,36.0,1.1,295.0,,633.0,,
MIR,2024-12-22 15:00:00,15,22,12,,0.012,0.044,0.056,,0.528,37.0,13.0,21.0,24.0,35.0,0.9,62.0,,632.0,,
MIR,2024-12-22 16:00:00,16,22,12,0.038,0.012,0.048,0.059,,0.624,47.0,15.0,20.0,23.0,43.0,0.9,288.0,,632.0,,
MIR,2024-12-22 17:00:00,17,22,12,0.041,0.012,0.047,0.059,,0.461,61.0,15.0,19.0,22.0,38.0,2.5,249.0,,633.0,,
MIR,2024-12-22 18:00:00,18,22,12,0.03,0.012,0.05,0.062,,0.503,78.0,11.0,18.0,21.0,36.0,2.4,267.0,,633.0,,
MIR,2024-12-22 19:00:00,19,22,12,0.028,0.012,0.05,0.062,,0.538,59.0,16.0,19.0,19.0,39.0,1.5,298.0,,633.0,,
MIR,2024-12-22 20:00:00,20,22,12,0.02,0.013,0.058,0.072,,0.677,100.0,14.0,19.0,19.0,39.0,1.8,271.0,,634.0,,
MIR,2024-12-22 21:00:00,21,22,12,0.027,0.012,0.05,0.062,,0.401,41.0,11.0,19.0,19.0,45.0,2.3,242.0,,635.0,,
MIR,2024-12-22 22:00:00,22,22,12,0.03,0.012,0.046,0.057,,0.353,45.0,9.0,19.0,18.0,48.0,1.8,221.0,,635.0,,
MIR,2024-12-22 23:00:00,23,22,12,,0.013,0.059,0.073,,0.736,26.0,11.0,19.0,17.0,52.0,1.2,144.0,,635.0,,
MIR,2024-12-23 00:00:00,0,23,12,,0.014,0.063,0.077,,0.738,61.0,21.0,19.0,16.0,57.0,0.5,72.0,,635.0,,
MIR,2024-12-23 01:00:00,1,23,12,0.012,0.013,0.058,0.071,,0.565,47.0,12.0,19.0,15.0,63.0,0.8,182.0,,635.0,,
MIR,2024-12-23 02:00:00,2,23,12,,0.013,0.057,0.07,,0.643,54.0,27.0,19.0,14.0,69.0,0.2,88.0,,635.0,,
MIR,2024-12-23 03:00:00,3,23,12,,0.013,0.056,0.069,,0.544,48.0,25.0,19.0,14.0,72.0,0.7,173.0,,634.0,,
MIR,2024-12-23 04:00:00,4,23,12,,0.013,0.054,0.067,,0.453,85.0,18.0,19.0,13.0,75.0,1.4,177.0,,634.0,,
MIR,2024-12-23 05:00:00,5,23,12,,0.033,0.06,0.092,,0.829,34.0,21.0,19.0,13.0,79.0,0.2,139.0,,634.0,,
MIR,2024-12-23 06:00:00,6,23,12,,0.056,0.062,0.118,,1.41,50.0,22.0,19.0,12.0,82.0,0.1,347.0,,635.0,,
MIR,2024-12-23 07:00:00,7,23,12,0.0,0.067,0.065,0.132,,1.681,58.0,31.0,20.0,12.0,80.0,0.1,342.0,,635.0,,
MIR,2024-12-23 08:00:00,8,23,12,,0.067,0.068,0.135,,1.353,49.0,23.0,19.0,14.0,67.0,0.5,40.0,,635.0,,
MIR,2024-12-23 09:00:00,9,23,12,0.016,0.033,0.059,0.093,,0.813,55.0,23.0,19.0,16.0,59.0,1.2,83.0,,636.0,,
MIR,2024-12-23 10:00:00,10,23,12,0.025,0.025,0.051,0.076,,0.607,42.0,17.0,18.0,18.0,53.0,1.0,105.0,,636.0,,
MIR,2024-12-23 11:00:00,11,23,12,0.037,0.017,0.046,0.063,,0.521,46.0,13.0,19.0,20.0,46.0,0.7,173.0,,635.0,,
MIR,2024-12-23 12:00:00,12,23,12,0.043,0.015,0.047,0.062,,0.564,50.0,16.0,19.0,21.0,41.0,0.8,58.0,,634.0,,
MIR,2024-12-23 13:00:00,13,23,12,0.042,0.013,0.045,0.058,,0.478,61.0,20.0,20.0,24.0,30.0,1.0,215.0,,633.0,,
MIR,2024-12-23 14:00:00,14,23,12,0.042,0.013,0.042,0.054,,0.468,46.0,3.0,21.0,24.0,26.0,1.3,281.0,,633.0,,
MIR,2024-12-23 15:00:00,15,23,12,0.043,0.014,0.044,0.057,,0.534,36.0,5.0,21.0,25.0,26.0,1.6,287.0,,632.0,,
MIR,2024-12-23 16:00:00,16,23,12,0.045,0.014,0.046,0.06,,0.718,38.0,12.0,20.0,23.0,28.0,0.8,313.0,,632.0,,
MIR,2024-12-23 17:00:00,17,23,12,0.03,0.013,0.055,0.068,,0.713,37.0,9.0,20.0,23.0,32.0,0.6,228.0,,633.0,,
MIR,2024-12-23 18:00:00,18,23,12,0.016,0.015,0.067,0.083,,0.889,57.0,18.0,19.0,22.0,35.0,0.4,221.0,,633.0,,
MIR,2024-12-23 19:00:00,19,23,12,0.018,0.015,0.055,0.07,,0.638,75.0,26.0,18.0,21.0,41.0,1.3,241.0,,633.0,,
MIR,2024-12-23 20:00:00,20,23,12,0.005,0.026,0.065,0.091,,0.994,55.0,18.0,19.0,19.0,47.0,0.4,213.0,,634.0,,
MIR,2024-12-23 21:00:00,21,23,12,0.002,0.035,0.07,0.105,,1.274,75.0,22.0,19.0,18.0,51.0,0.7,289.0,,634.0,,
MIR,2024-12-23 22:00:00,22,23,12,0.002,0.037,0.069,0.106,,1.251,62.0,19.0,19.0,18.0,56.0,0.3,294.0,,635.0,,
MIR,2024-12-23 23:00:00,23,23,12,0.0,0.042,0.07,0.112,,1.732,57.0,14.0,19.0,17.0,62.0,0.2,286.0,,635.0,,
MIR,2024-12-24 00:00:00,0,24,12,0.004,0.024,0.067,0.091,,1.022,48.0,16.0,19.0,16.0,65.0,0.4,286.0,,635.0,,
MIR,2024-12-24 01:00:00,1,24,12,0.001,0.036,0.066,0.102,,1.277,33.0,13.0,19.0,15.0,70.0,0.1,49.0,,634.0,,
MIR,2024-12-24 02:00:00,2,24,12,0.0,0.053,0.066,0.119,,1.65,43.0,14.0,19.0,14.0,74.0,0.3,215.0,,634.0,,
MIR,2024-12-24 03:00:00,3,24,12,0.001,0.065,0.067,0.132,,1.718,94.0,40.0,19.0,14.0,76.0,0.8,193.0,,634.0,,
MIR,2024-12-24 04:00:00,4,24,12,0.0,0.068,0.064,0.132,,1.608,148.0,60.0,19.0,13.0,80.0,0.7,182.0,,634.0,,
MIR,2024-12-24 05:00:00,5,24,12,0.001,0.086,0.063,0.149,,1.445,114.0,54.0,19.0,13.0,84.0,0.7,195.0,,634.0,,
MIR,2024-12-24 06:00:00,6,24,12,0.0,0.093,0.062,0.155,,1.583,101.0,51.0,19.0,12.0,85.0,0.2,207.0,,634.0,,
MIR,2024-12-24 07:00:00,7,24,12,0.0,0.109,0.062,0.171,,2.086,116.0,53.0,19.0,12.0,85.0,0.1,225.0,,634.0,,
MIR,2024-12-24 08:00:00,8,24,12,0.001,0.155,0.065,0.22,,2.73,91.0,34.0,19.0,15.0,73.0,0.1,204.0,,635.0,,
MIR,2024-12-24 09:00:00,9,24,12,0.009,0.067,0.079,0.146,,1.69,151.0,62.0,19.0,17.0,64.0,0.4,70.0,,635.0,,
MIR,2024-12-24 10:00:00,10,24,12,0.02,0.052,0.088,0.14,,1.603,94.0,55.0,19.0,19.0,56.0,0.5,108.0,,635.0,,
MIR,2024-12-24 11:00:00,11,24,12,0.031,0.035,0.077,0.111,,1.145,127.0,65.0,19.0,21.0,47.0,0.6,240.0,,635.0,,
MIR,2024-12-24 12:00:00,12,24,12,0.044,0.027,0.063,0.09,,0.876,98.0,51.0,20.0,22.0,41.0,0.9,143.0,,634.0,,
MIR,2024-12-24 13:00:00,13,24,12,0.043,0.018,0.045,0.063,,0.474,139.0,41.0,20.0,23.0,32.0,1.7,230.0,,633.0,,
MIR,2024-12-24 14:00:00,14,24,12,,0.016,0.041,0.057,,0.444,40.0,14.0,21.0,24.0,29.0,1.7,225.0,,632.0,,
MIR,2024-12-24 15:00:00,15,24,12,0.036,0.016,0.04,0.056,,0.427,30.0,7.0,21.0,24.0,25.0,2.1,260.0,,632.0,,
MIR,2024-12-24 16:00:00,16,24,12,0.034,0.016,0.04,0.057,,,23.0,6.0,21.0,24.0,25.0,2.6,265.0,,632.0,,
MIR,2024-12-24 17:00:00,17,24,12,0.031,0.016,0.044,0.061,,0.496,26.0,8.0,20.0,23.0,26.0,2.1,259.0,,632.0,,
MIR,2024-12-24 18:00:00,18,24,12,0.017,0.018,0.053,0.071,,0.723,23.0,9.0,19.0,21.0,26.0,1.7,267.0,,632.0,,
MIR,2024-12-24 19:00:00,19,24,12,0.011,0.021,0.059,0.08,,0.902,34.0,10.0,19.0,20.0,28.0,2.3,254.0,,632.0,,
MIR,2024-12-24 20:00:00,20,24,12,0.02,0.017,0.049,0.066,,0.458,53.0,24.0,19.0,19.0,31.0,3.4,255.0,,633.0,,
MIR,2024-12-24 21:00:00,21,24,12,0.019,0.016,0.048,0.064,,0.496,46.0,13.0,19.0,18.0,35.0,3.4,263.0,,633.0,,
MIR,2024-12-24 22:00:00,22,24,12,0.02,0.014,0.046,0.061,,0.441,37.0,16.0,19.0,18.0,36.0,2.3,274.0,,633.0,,
MIR,2024-12-24 23:00:00,23,24,12,0.003,0.028,0.058,0.085,,1.08,36.0,17.0,19.0,16.0,42.0,0.3,97.0,,634.0,,
MIR,2024-12-25 00:00:00,0,25,12,0.001,0.041,0.062,0.103,,1.894,72.0,40.0,19.0,15.0,46.0,0.1,30.0,,634.0,,
MIR,2024-12-25 01:00:00,1,25,12,,0.046,0.063,0.109,,1.855,146.0,107.0,19.0,15.0,49.0,0.2,344.0,,633.0,,
MIR,2024-12-25 02:00:00,2,25,12,0.001,0.067,0.06,0.128,,2.412,132.0,91.0,19.0,14.0,52.0,0.1,262.0,,633.0,,
MIR,2024-12-25 03:00:00,3,25,12,0.001,0.089,0.063,0.151,,3.279,116.0,92.0,19.0,13.0,56.0,0.4,198.0,,633.0,,
MIR,2024-12-25 04:00:00,4,25,12,0.002,0.081,0.067,0.148,,3.606,262.0,207.0,19.0,13.0,58.0,0.5,182.0,,633.0,,
MIR,2024-12-25 05:00:00,5,25,12,0.003,0.109,0.068,0.178,,4.659,350.0,281.0,19.0,12.0,63.0,0.2,194.0,,633.0,,
MIR,2024-12-25 06:00:00,6,25,12,0.003,0.124,0.065,0.189,,4.86,468.0,381.0,19.0,11.0,67.0,0.5,180.0,,633.0,,
MIR,2024-12-25 07:00:00,7,25,12,0.002,0.135,0.062,0.197,,5.123,440.0,355.0,19.0,11.0,69.0,0.2,195.0,,633.0,,
MIR,2024-12-25 08:00:00,8,25,12,0.003,0.113,0.086,0.198,,5.431,455.0,379.0,19.0,12.0,63.0,1.3,180.0,,634.0,,
MIR,2024-12-25 09:00:00,9,25,12,0.015,0.042,0.086,0.128,,2.944,597.0,470.0,19.0,15.0,52.0,1.0,159.0,,634.0,,
MIR,2024-12-25 10:00:00,10,25,12,0.03,0.023,0.053,0.076,,0.887,340.0,287.0,18.0,18.0,44.0,1.2,166.0,,634.0,,
MIR,2024-12-25 11:00:00,11,25,12,0.029,0.015,0.041,0.056,,0.363,89.0,74.0,19.0,20.0,37.0,1.0,121.0,,634.0,,
MIR,2024-12-25 12:00:00,12,25,12,0.033,0.013,0.038,0.051,,0.345,19.0,11.0,19.0,21.0,34.0,1.2,33.0,,633.0,,
MIR,2024-12-25 13:00:00,13,25,12,0.036,0.012,0.038,0.05,,0.362,16.0,9.0,20.0,22.0,32.0,1.1,321.0,,632.0,,
MIR,2024-12-25 14:00:00,14,25,12,0.038,0.012,0.038,0.05,,0.407,24.0,6.0,21.0,23.0,30.0,1.2,303.0,,631.0,,
MIR,2024-12-25 15:00:00,15,25,12,0.035,0.013,0.038,0.051,,0.361,18.0,11.0,20.0,23.0,28.0,1.3,244.0,,631.0,,
MIR,2024-12-25 16:00:00,16,25,12,0.031,0.013,0.039,0.052,,0.335,25.0,9.0,20.0,23.0,28.0,1.3,248.0,,631.0,,
MIR,2024-12-25 17:00:00,17,25,12,0.026,0.013,0.04,0.054,,0.337,20.0,7.0,19.0,22.0,29.0,2.2,257.0,,631.0,,
MIR,2024-12-25 18:00:00,18,25,12,0.02,0.014,0.046,0.06,,0.527,19.0,6.0,19.0,20.0,31.0,2.2,261.0,,631.0,,
MIR,2024-12-25 19:00:00,19,25,12,0.015,0.015,0.053,0.068,,0.597,39.0,10.0,19.0,19.0,34.0,2.3,263.0,,631.0,,
MIR,2024-12-25 20:00:00,20,25,12,0.014,0.016,0.053,0.07,,0.585,42.0,17.0,19.0,18.0,37.0,2.3,240.0,,632.0,,
MIR,2024-12-25 21:00:00,21,25,12,0.02,0.014,0.047,0.061,,0.376,44.0,23.0,19.0,18.0,39.0,3.5,257.0,,632.0,,
MIR,2024-12-25 22:00:00,22,25,12,0.018,0.013,0.049,0.062,,0.412,32.0,8.0,19.0,17.0,41.0,2.2,232.0,,632.0,,
MIR,2024-12-25 23:00:00,23,25,12,0.016,0.014,0.048,0.062,,0.409,26.0,9.0,19.0,16.0,44.0,1.7,247.0,,632.0,,
MIR,2024-12-26 00:00:00,0,26,12,0.016,0.011,0.046,0.057,,0.4,28.0,14.0,19.0,15.0,48.0,0.4,43.0,,632.0,,
MIR,2024-12-26 01:00:00,1,26,12,0.014,0.012,0.049,0.061,,0.398,20.0,12.0,19.0,14.0,50.0,0.6,317.0,,632.0,,
MIR,2024-12-26 02:00:00,2,26,12,0.0,0.018,0.063,0.081,,0.792,15.0,9.0,19.0,13.0,56.0,0.1,219.0,,632.0,,
MIR,2024-12-26 03:00:00,3,26,12,0.0,0.021,0.061,0.082,,0.875,31.0,18.0,19.0,12.0,59.0,0.3,184.0,,632.0,,
MIR,2024-12-26 04:00:00,4,26,12,0.001,0.023,0.059,0.083,,0.75,53.0,24.0,19.0,11.0,61.0,0.2,232.0,,632.0,,
MIR,2024-12-26 05:00:00,5,26,12,0.0,0.038,0.059,0.097,,1.229,84.0,52.0,19.0,11.0,64.0,0.5,312.0,,632.0,,
MIR,2024-12-26 06:00:00,6,26,12,0.0,0.084,0.06,0.145,,1.464,53.0,22.0,19.0,10.0,68.0,0.3,210.0,,632.0,,
MIR,2024-12-26 07:00:00,7,26,12,0.0,0.134,0.059,0.194,,1.964,65.0,21.0,19.0,9.0,72.0,0.6,174.0,,633.0,,
MIR,2024-12-26 08:00:00,8,26,12,0.002,0.087,0.063,0.15,,1.69,135.0,67.0,19.0,13.0,59.0,0.1,106.0,,633.0,,
MIR,2024-12-26 09:00:00,9,26,12,0.007,0.058,0.067,0.125,,1.121,104.0,59.0,18.0,15.0,51.0,0.4,51.0,,634.0,,
MIR,2024-12-26 10:00:00,10,26,12,0.019,0.034,0.057,0.091,,0.692,81.0,38.0,18.0,17.0,41.0,1.2,133.0,,634.0,,
MIR,2024-12-26 11:00:00,11,26,12,0.027,0.021,0.048,0.069,,0.396,56.0,21.0,18.0,19.0,30.0,1.2,150.0,,633.0,,
MIR,2024-12-26 12:00:00,12,26,12,0.036,0.015,0.044,0.06,,0.363,38.0,8.0,19.0,21.0,21.0,0.8,217.0,,633.0,,
MIR,2024-12-26 13:00:00,13,26,12,0.041,0.013,0.044,0.057,,0.37,39.0,7.0,20.0,23.0,18.0,0.8,225.0,,631.0,,
MIR,2024-12-26 14:00:00,14,26,12,0.045,0.013,0.042,0.055,,0.396,41.0,15.0,20.0,24.0,16.0,1.7,227.0,,631.0,,
MIR,2024-12-26 15:00:00,15,26,12,0.047,0.012,0.042,0.055,,0.393,38.0,17.0,20.0,24.0,13.0,1.9,270.0,,630.0,,
MIR,2024-12-26 16:00:00,16,26,12,0.04,0.013,0.043,0.056,,0.331,39.0,13.0,20.0,24.0,12.0,2.4,271.0,,630.0,,
MIR,2024-12-26 17:00:00,17,26,12,0.035,0.014,0.046,0.06,,0.464,19.0,10.0,20.0,24.0,13.0,2.1,271.0,,630.0,,
MIR,2024-12-26 18:00:00,18,26,12,0.018,0.016,0.06,0.076,,0.695,28.0,9.0,19.0,21.0,15.0,1.8,259.0,,630.0,,
MIR,2024-12-26 19:00:00,19,26,12,0.021,0.015,0.059,0.075,,0.566,59.0,14.0,19.0,20.0,14.0,2.9,259.0,,631.0,,
MIR,2024-12-26 20:00:00,20,26,12,0.028,0.013,0.051,0.063,,0.414,42.0,15.0,19.0,19.0,18.0,2.5,253.0,,631.0,,
MIR,2024-12-26 21:00:00,21,26,12,0.01,0.032,0.067,0.1,,0.99,33.0,14.0,19.0,17.0,25.0,0.6,209.0,,631.0,,
MIR,2024-12-26 22:00:00,22,26,12,0.004,0.037,0.072,0.108,,0.996,90.0,32.0,19.0,16.0,30.0,0.5,176.0,,632.0,,
MIR,2024-12-26 23:00:00,23,26,12,0.0,0.054,0.077,0.131,,1.499,85.0,26.0,19.0,15.0,33.0,0.4,181.0,,632.0,,
MIR,2024-12-27 00:00:00,0,27,12,0.0,0.058,0.075,0.133,,1.593,144.0,67.0,19.0,13.0,39.0,0.1,284.0,,632.0,,
MIR,2024-12-27 01:00:00,1,27,12,0.001,0.033,0.072,0.105,,1.259,75.0,36.0,19.0,12.0,44.0,0.3,269.0,,632.0,,
MIR,2024-12-27 02:00:00,2,27,12,0.0,0.051,0.07,0.121,,1.368,47.0,22.0,19.0,12.0,44.0,0.5,192.0,,632.0,,
MIR,2024-12-27 03:00:00,3,27,12,0.0,0.024,0.07,0.094,,0.917,213.0,69.0,19.0,11.0,47.0,0.1,205.0,,632.0,,
MIR,2024-12-27 04:00:00,4,27,12,0.0,0.022,0.067,0.089,,0.985,82.0,35.0,19.0,10.0,52.0,0.1,263.0,,632.0,,
MIR,2024-12-27 05:00:00,5,27,12,0.0,0.069,0.066,0.135,,1.277,64.0,30.0,19.0,10.0,52.0,1.2,190.0,,632.0,,
MIR,2024-12-27 06:00:00,6,27,12,0.0,0.113,0.065,0.178,,2.013,144.0,63.0,19.0,9.0,57.0,0.7,214.0,,632.0,,
MIR,2024-12-27 07:00:00,7,27,12,0.001,0.169,0.066,0.234,,3.345,156.0,88.0,19.0,9.0,61.0,0.2,349.0,,632.0,,
MIR,2024-12-27 08:00:00,8,27,12,0.002,0.092,0.069,0.16,,2.098,134.0,64.0,19.0,12.0,49.0,0.4,315.0,,633.0,,
MIR,2024-12-27 09:00:00,9,27,12,0.005,0.083,0.082,0.165,,1.827,107.0,58.0,19.0,15.0,40.0,0.4,4.0,,634.0,,
MIR,2024-12-27 10:00:00,10,27,12,0.019,0.043,0.073,0.116,,1.077,121.0,69.0,18.0,17.0,37.0,0.9,76.0,,634.0,,
MIR,2024-12-27 11:00:00,11,27,12,0.03,0.03,0.063,0.093,,0.809,59.0,28.0,18.0,19.0,33.0,1.0,125.0,,633.0,,
MIR,2024-12-27 12:00:00,12,27,12,0.036,0.019,0.051,0.07,,0.502,82.0,33.0,19.0,21.0,28.0,1.2,177.0,,633.0,,
MIR,2024-12-27 13:00:00,13,27,12,0.042,0.015,0.047,0.062,,0.408,74.0,20.0,20.0,23.0,24.0,1.2,187.0,,631.0,,
MIR,2024-12-27 14:00:00,14,27,12,0.049,0.013,0.046,0.059,,0.43,47.0,12.0,20.0,24.0,19.0,1.1,202.0,,631.0,,
MIR,2024-12-27 15:00:00,15,27,12,0.052,0.012,0.045,0.057,,0.423,46.0,15.0,20.0,25.0,16.0,0.7,213.0,,630.0,,
MIR,2024-12-27 16:00:00,16,27,12,0.053,0.011,0.047,0.058,,0.434,43.0,17.0,20.0,26.0,17.0,0.9,204.0,,630.0,,
MIR,2024-12-27 17:00:00,17,27,12,0.044,0.011,0.051,0.062,,0.53,40.0,15.0,20.0,25.0,16.0,0.8,253.0,,630.0,,
MIR,2024-12-27 18:00:00,18,27,12,0.017,0.015,0.069,0.083,,0.875,44.0,16.0,19.0,22.0,17.0,1.4,260.0,,630.0,,
MIR,2024-12-27 19:00:00,19,27,12,0.005,0.055,0.08,0.135,,2.051,67.0,27.0,19.0,20.0,21.0,0.6,314.0,,631.0,,
MIR,2024-12-27 20:00:00,20,27,12,0.0,0.111,0.086,0.196,,3.152,93.0,27.0,19.0,18.0,26.0,0.3,63.0,,631.0,,
MIR,2024-12-27 21:00:00,21,27,12,0.0,0.099,0.084,0.183,,2.567,141.0,54.0,19.0,17.0,29.0,0.2,45.0,,632.0,,
MIR,2024-12-27 22:00:00,22,27,12,0.0,0.103,0.081,0.184,,2.687,131.0,50.0,19.0,16.0,32.0,0.2,272.0,,632.0,,
MIR,2024-12-27 23:00:00,23,27,12,0.0,0.104,0.081,0.185,,2.261,103.0,48.0,19.0,15.0,34.0,0.3,46.0,,632.0,,
MIR,2024-12-28 00:00:00,0,28,12,0.008,0.035,0.072,0.108,,1.007,82.0,36.0,19.0,16.0,35.0,0.9,231.0,,632.0,,
MIR,2024-12-28 01:00:00,1,28,12,,0.019,0.053,0.071,,0.539,78.0,34.0,19.0,16.0,35.0,1.2,213.0,,632.0,,
MIR,2024-12-28 02:00:00,2,28,12,0.009,0.016,0.063,0.079,,0.735,52.0,19.0,19.0,13.0,43.0,0.2,323.0,,632.0,,
MIR,2024-12-28 03:00:00,3,28,12,0.001,0.028,0.072,0.1,,1.201,47.0,20.0,19.0,12.0,45.0,0.1,335.0,,632.0,,
MIR,2024-12-28 04:00:00,4,28,12,0.0,0.051,0.072,0.122,,1.49,54.0,31.0,19.0,11.0,51.0,0.6,173.0,,632.0,,
MIR,2024-12-28 05:00:00,5,28,12,0.0,0.113,0.073,0.186,,2.048,80.0,42.0,19.0,10.0,55.0,1.9,180.0,,632.0,,
MIR,2024-12-28 06:00:00,6,28,12,0.0,0.12,0.069,0.188,,1.995,165.0,91.0,20.0,9.0,57.0,1.4,176.0,,632.0,,
MIR,2024-12-28 07:00:00,7,28,12,0.001,0.086,0.071,0.157,,1.386,159.0,96.0,20.0,10.0,59.0,1.2,195.0,,632.0,,
MIR,2024-12-28 08:00:00,8,28,12,0.002,0.085,0.075,0.16,,1.38,106.0,54.0,20.0,12.0,51.0,0.2,347.0,,633.0,,
MIR,2024-12-28 09:00:00,9,28,12,0.009,0.056,0.073,0.128,,1.177,116.0,51.0,19.0,15.0,42.0,0.3,359.0,,634.0,,
MIR,2024-12-28 10:00:00,10,28,12,0.025,0.028,0.06,0.089,,0.778,100.0,47.0,18.0,18.0,36.0,0.6,196.0,,634.0,,
MIR,2024-12-28 11:00:00,11,28,12,0.035,0.022,0.059,0.082,,0.688,70.0,49.0,19.0,20.0,32.0,0.8,180.0,,633.0,,
MIR,2024-12-28 12:00:00,12,28,12,0.048,0.016,0.052,0.068,,0.584,73.0,27.0,20.0,22.0,24.0,0.9,185.0,,633.0,,
MIR,2024-12-28 13:00:00,13,28,12,0.054,0.014,0.054,0.068,,0.609,72.0,21.0,20.0,23.0,21.0,1.2,135.0,,632.0,,
MIR,2024-12-28 14:00:00,14,28,12,0.065,0.011,0.051,0.063,,0.597,72.0,29.0,21.0,25.0,18.0,0.7,349.0,,631.0,,
MIR,2024-12-28 15:00:00,15,28,12,0.07,0.01,0.049,0.059,,0.551,58.0,23.0,21.0,25.0,16.0,0.9,343.0,,631.0,,
MIR,2024-12-28 16:00:00,16,28,12,0.072,0.009,0.048,0.057,,0.492,52.0,19.0,21.0,26.0,15.0,0.6,218.0,,631.0,,
MIR,2024-12-28 17:00:00,17,28,12,0.065,0.009,0.053,0.062,,0.605,45.0,21.0,21.0,25.0,16.0,0.5,245.0,,631.0,,
MIR,2024-12-28 18:00:00,18,28,12,0.018,0.014,0.074,0.088,,1.297,49.0,25.0,20.0,22.0,16.0,0.8,285.0,,631.0,,
MIR,2024-12-28 19:00:00,19,28,12,0.001,0.05,0.087,0.137,,2.411,55.0,16.0,19.0,19.0,19.0,0.5,245.0,,632.0,,
MIR,2024-12-28 20:00:00,20,28,12,0.0,0.117,0.089,0.206,,3.61,119.0,49.0,19.0,18.0,24.0,0.1,240.0,,632.0,,
MIR,2024-12-28 21:00:00,21,28,12,0.0,0.115,0.088,0.203,,3.382,158.0,68.0,19.0,17.0,25.0,0.8,200.0,,632.0,,
MIR,2024-12-28 22:00:00,22,28,12,0.001,0.11,0.088,0.198,,3.18,151.0,56.0,19.0,16.0,31.0,0.4,200.0,,633.0,,
MIR,2024-12-28 23:00:00,23,28,12,0.0,0.088,0.084,0.171,,2.984,244.0,128.0,19.0,15.0,34.0,0.4,269.0,,633.0,,
MIR,2024-12-29 00:00:00,0,29,12,0.0,0.072,0.08,0.153,,2.406,156.0,90.0,20.0,14.0,37.0,0.2,244.0,,633.0,,
MIR,2024-12-29 01:00:00,1,29,12,0.0,0.05,0.077,0.127,,2.005,111.0,59.0,19.0,13.0,41.0,0.1,277.0,,633.0,,
MIR,2024-12-29 02:00:00,2,29,12,0.001,0.117,0.075,0.192,,3.507,109.0,45.0,19.0,12.0,47.0,0.9,183.0,,633.0,,
MIR,2024-12-29 03:00:00,3,29,12,0.001,0.132,0.076,0.209,,,269.0,137.0,19.0,11.0,51.0,0.1,6.0,,633.0,,
MIR,2024-12-29 04:00:00,4,29,12,0.0,0.093,0.075,0.168,,2.544,225.0,122.0,20.0,11.0,50.0,0.3,223.0,,633.0,,
MIR,2024-12-29 05:00:00,5,29,12,0.0,0.134,0.073,0.207,,3.174,162.0,83.0,20.0,10.0,53.0,0.3,182.0,,633.0,,
MIR,2024-12-29 06:00:00,6,29,12,0.0,0.114,0.075,0.188,,2.779,229.0,131.0,20.0,10.0,51.0,0.1,232.0,,633.0,,
MIR,2024-12-29 07:00:00,7,29,12,0.001,0.213,0.066,0.279,,4.7,135.0,79.0,20.0,9.0,59.0,0.4,170.0,,634.0,,
MIR,2024-12-29 08:00:00,8,29,12,0.001,0.23,0.079,0.308,,4.716,300.0,165.0,19.0,13.0,45.0,0.1,121.0,,634.0,,
MIR,2024-12-29 09:00:00,9,29,12,0.005,0.105,0.099,0.203,,3.222,260.0,155.0,19.0,16.0,35.0,0.3,120.0,,635.0,,
MIR,2024-12-29 10:00:00,10,29,12,0.021,0.045,0.072,0.117,,1.315,240.0,147.0,18.0,18.0,24.0,1.1,124.0,,634.0,,
MIR,2024-12-29 11:00:00,11,29,12,0.033,0.025,0.048,0.074,,0.474,94.0,53.0,19.0,20.0,20.0,1.5,105.0,,634.0,,
MIR,2024-12-29 12:00:00,12,29,12,0.05,0.018,0.048,0.065,,0.497,36.0,10.0,19.0,22.0,18.0,1.5,122.0,,633.0,,
MIR,2024-12-29 13:00:00,13,29,12,0.056,0.012,0.047,0.059,,0.497,50.0,21.0,20.0,24.0,16.0,2.1,118.0,,632.0,,
MIR,2024-12-29 14:00:00,14,29,12,0.064,0.009,0.045,0.054,,,47.0,13.0,21.0,25.0,16.0,1.3,162.0,,632.0,,
MIR,2024-12-29 15:00:00,15,29,12,0.063,0.008,0.044,0.052,,,46.0,19.0,21.0,26.0,16.0,1.0,155.0,,631.0,,
MIR,2024-12-29 16:00:00,16,29,12,0.059,0.008,0.045,0.053,,0.445,36.0,10.0,20.0,27.0,13.0,1.2,136.0,,631.0,,
MIR,2024-12-29 17:00:00,17,29,12,0.052,0.008,0.047,0.056,,0.527,39.0,13.0,20.0,27.0,14.0,0.5,221.0,,631.0,,
MIR,2024-12-29 18:00:00,18,29,12,0.016,0.013,0.076,0.089,,1.405,48.0,11.0,19.0,23.0,21.0,0.5,243.0,,631.0,,
MIR,2024-12-29 19:00:00,19,29,12,0.003,0.042,0.089,0.131,,2.312,62.0,22.0,19.0,21.0,24.0,1.0,201.0,,632.0,,
MIR,2024-12-29 20:00:00,20,29,12,0.001,0.072,0.09,0.162,,2.885,147.0,46.0,19.0,19.0,28.0,0.9,189.0,,632.0,,
MIR,2024-12-29 21:00:00,21,29,12,0.0,0.075,0.086,0.161,,2.878,230.0,82.0,19.0,18.0,30.0,0.3,196.0,,633.0,,
MIR,2024-12-29 22:00:00,22,29,12,0.001,0.074,0.083,0.156,,2.344,188.0,97.0,19.0,17.0,31.0,0.4,169.0,,633.0,,
MIR,2024-12-29 23:00:00,23,29,12,0.001,0.073,0.083,0.156,,2.84,158.0,75.0,19.0,16.0,35.0,0.4,121.0,,633.0,,
MIR,2024-12-30 00:00:00,0,30,12,0.0,0.069,0.087,0.157,,2.441,190.0,81.0,19.0,16.0,38.0,0.5,270.0,,633.0,,
MIR,2024-12-30 01:00:00,1,30,12,0.001,0.04,0.085,0.125,,1.748,110.0,59.0,19.0,15.0,41.0,0.2,188.0,,633.0,,
MIR,2024-12-30 02:00:00,2,30,12,0.002,0.022,0.082,0.103,,1.278,75.0,47.0,19.0,14.0,42.0,0.1,280.0,,633.0,,
MIR,2024-12-30 03:00:00,3,30,12,0.001,0.052,0.082,0.134,,1.945,65.0,39.0,19.0,13.0,46.0,0.6,182.0,,633.0,,
MIR,2024-12-30 04:00:00,4,30,12,0.0,0.057,0.081,0.138,,1.784,155.0,91.0,19.0,12.0,48.0,0.2,227.0,,633.0,,
MIR,2024-12-30 05:00:00,5,30,12,0.001,0.034,0.078,0.112,,1.26,155.0,82.0,19.0,12.0,49.0,0.8,210.0,,633.0,,
MIR,2024-12-30 06:00:00,6,30,12,0.001,0.062,0.08,0.142,,1.435,127.0,61.0,19.0,12.0,48.0,1.3,187.0,,633.0,,
MIR,2024-12-30 07:00:00,7,30,12,0.0,0.074,0.08,0.155,,2.062,116.0,51.0,19.0,11.0,51.0,0.3,162.0,,634.0,,
MIR,2024-12-30 08:00:00,8,30,12,0.001,0.109,0.085,0.194,,2.509,116.0,64.0,19.0,14.0,45.0,0.3,161.0,,634.0,,
MIR,2024-12-30 09:00:00,9,30,12,0.007,0.063,0.085,0.148,,1.912,153.0,74.0,18.0,16.0,40.0,0.7,162.0,,634.0,,
MIR,2024-12-30 10:00:00,10,30,12,0.016,0.045,0.082,0.127,,1.348,151.0,71.0,18.0,18.0,39.0,1.0,167.0,,634.0,,
MIR,2024-12-30 11:00:00,11,30,12,0.037,0.024,0.066,0.089,,0.789,137.0,69.0,19.0,21.0,33.0,0.7,184.0,,634.0,,
MIR,2024-12-30 12:00:00,12,30,12,0.054,0.017,0.057,0.074,,,73.0,33.0,19.0,23.0,27.0,0.6,243.0,,634.0,,
MIR,2024-12-30 13:00:00,13,30,12,0.073,0.013,0.054,0.067,,0.7,91.0,35.0,20.0,25.0,21.0,0.8,303.0,,633.0,,
MIR,2024-12-30 14:00:00,14,30,12,0.082,0.012,0.051,0.063,,0.654,66.0,36.0,21.0,26.0,19.0,0.8,293.0,,632.0,,
MIR,2024-12-30 15:00:00,15,30,12,0.08,0.012,0.052,0.064,,0.654,61.0,29.0,21.0,26.0,18.0,1.1,120.0,,631.0,,
MIR,2024-12-30 16:00:00,16,30,12,0.082,0.011,0.052,0.063,,0.674,67.0,22.0,21.0,27.0,19.0,1.1,274.0,,631.0,,
MIR,2024-12-30 17:00:00,17,30,12,0.07,0.011,0.056,0.066,,0.777,60.0,26.0,20.0,26.0,21.0,1.2,290.0,,631.0,,
MIR,2024-12-30 18:00:00,18,30,12,0.03,0.013,0.077,0.089,,1.301,60.0,23.0,20.0,23.0,22.0,1.2,287.0,,632.0,,
MIR,2024-12-30 19:00:00,19,30,12,0.007,0.022,0.095,0.117,,1.961,66.0,27.0,19.0,21.0,27.0,0.9,297.0,,632.0,,
MIR,2024-12-30 20:00:00,20,30,12,0.004,0.028,0.093,0.121,,1.735,94.0,45.0,19.0,20.0,29.0,0.9,249.0,,633.0,,
MIR,2024-12-30 21:00:00,21,30,12,0.011,0.025,0.082,0.106,,1.264,107.0,39.0,19.0,19.0,30.0,1.0,232.0,,633.0,,
MIR,2024-12-30 22:00:00,22,30,12,0.033,0.013,0.059,0.072,,0.552,88.0,34.0,19.0,19.0,32.0,1.6,279.0,,633.0,,
MIR,2024-12-30 23:00:00,23,30,12,0.033,0.011,0.053,0.064,,0.501,46.0,16.0,19.0,18.0,36.0,1.5,267.0,,633.0,,
MIR,2024-12-31 00:00:00,0,31,12,0.014,0.011,0.068,0.079,,0.706,38.0,16.0,19.0,17.0,42.0,0.5,159.0,,633.0,,
MIR,2024-12-31 01:00:00,1,31,12,0.02,0.01,0.063,0.072,,0.619,49.0,17.0,19.0,16.0,48.0,0.3,308.0,,633.0,,
MIR,2024-12-31 02:00:00,2,31,12,0.013,0.01,0.064,0.074,,0.635,33.0,15.0,19.0,14.0,53.0,0.4,50.0,,633.0,,
MIR,2024-12-31 03:00:00,3,31,12,0.0,0.024,0.078,0.102,,0.814,40.0,29.0,19.0,14.0,56.0,0.1,333.0,,633.0,,
MIR,2024-12-31 04:00:00,4,31,12,0.001,0.013,0.075,0.088,,1.026,54.0,33.0,19.0,13.0,57.0,0.1,244.0,,633.0,,
MIR,2024-12-31 05:00:00,5,31,12,0.0,0.025,0.071,0.096,,1.17,88.0,59.0,19.0,13.0,59.0,0.1,255.0,,633.0,,
MIR,2024-12-31 06:00:00,6,31,12,0.0,0.067,0.073,0.14,,1.726,66.0,42.0,19.0,12.0,62.0,0.5,184.0,,633.0,,
MIR,2024-12-31 07:00:00,7,31,12,0.0,0.111,0.072,0.183,,2.667,117.0,64.0,19.0,11.0,64.0,0.3,178.0,,633.0,,
MIR,2024-12-31 08:00:00,8,31,12,0.001,0.199,0.08,0.28,,3.943,159.0,93.0,19.0,13.0,61.0,0.3,177.0,,634.0,,
MIR,2024-12-31 09:00:00,9,31,12,0.007,0.076,0.087,0.162,,1.824,251.0,134.0,19.0,17.0,47.0,0.3,84.0,,634.0,,
MIR,2024-12-31 10:00:00,10,31,12,0.017,0.053,0.09,0.143,,1.428,119.0,64.0,18.0,19.0,36.0,0.7,151.0,,634.0,,
MIR,2024-12-31 11:00:00,11,31,12,0.036,0.032,0.085,0.117,,1.232,79.0,42.0,19.0,21.0,29.0,0.7,296.0,,634.0,,
MIR,2024-12-31 12:00:00,12,31,12,0.055,0.024,0.079,0.103,,1.099,74.0,49.0,19.0,23.0,25.0,0.6,341.0,,633.0,,
MIR,2024-12-31 13:00:00,13,31,12,0.07,0.017,0.061,0.078,,0.823,65.0,39.0,20.0,24.0,22.0,0.7,8.0,,632.0,,
MIR,2024-12-31 14:00:00,14,31,12,0.078,0.014,0.06,0.073,,0.866,50.0,21.0,21.0,25.0,21.0,0.5,70.0,,632.0,,
MIR,2024-12-31 15:00:00,15,31,12,0.086,0.012,0.059,0.071,,0.882,47.0,24.0,21.0,26.0,19.0,0.7,33.0,,631.0,,
MIR,2024-12-31 16:00:00,16,31,12,0.09,0.011,0.057,0.068,,0.774,61.0,32.0,21.0,25.0,19.0,0.7,104.0,,631.0,,
MIR,2024-12-31 17:00:00,17,31,12,0.066,0.01,0.056,0.066,,0.809,69.0,39.0,21.0,24.0,22.0,0.7,286.0,,631.0,,
MIR,2024-12-31 18:00:00,18,31,12,0.024,0.013,0.083,0.096,,1.468,56.0,23.0,20.0,22.0,26.0,0.6,300.0,,632.0,,
MIR,2024-12-31 19:00:00,19,31,12,0.009,0.02,0.091,0.111,,1.594,58.0,24.0,19.0,21.0,29.0,1.1,293.0,,632.0,,
MIR,2024-12-31 20:00:00,20,31,12,0.005,0.032,0.093,0.125,,1.907,58.0,35.0,19.0,20.0,30.0,0.6,319.0,,632.0,,
MIR,2024-12-31 21:00:00,21,31,12,,0.072,0.101,0.172,,3.675,81.0,50.0,19.0,18.0,37.0,0.7,223.0,,632.0,,
MIR,2024-12-31 22:00:00,22,31,12,,0.093,0.099,0.191,,5.314,183.0,153.0,19.0,17.0,40.0,0.2,240.0,,633.0,,
MIR,2024-12-31 23:00:00,23,31,12,,0.088,0.098,0.186,,5.161,359.0,283.0,19.0,16.0,41.0,0.3,117.0,,633.0,,
